id_cita;cita_es;cita_la;cita_original;autor_es;referencia;autor_la;bio_es;bio_la;codigo;idioma_es;idioma_la;nacion_es;nacion_la;epoca_es;epoca_la;imagen;imagen_atr
1;La vida es bella;Vita pulchra est;La vie est belle;Refrán Francés;;Sententia Gallica;Refranes populares de la tradición oral francesa que transmiten observaciones sobre la vida, el trabajo y la conducta humana.;Collectio sententiarum Gallicarum.;fr;Francés;Lingua Gallica;Francia;Francia;Epoca Desconocida;Epocha Ignota;https://i.ibb.co/1GSsmt8h/francia.png;0
2;A caballo regalado, no le mires el diente;Equi dati dentes non inspiciuntur;A caballo regalado, no le mires el diente;Refrán Español;;Sententia Hispanica;Refranes populares de la tradición oral hispana que expresan de forma breve y ingeniosa enseñanzas prácticas sobre la vida cotidiana.;Collectio sententiarum Hispanicarum.;es;Español;Lingua Hispanica;España;Hispania;Epoca Desconocida;Epocha Ignota;https://i.ibb.co/Y4f7TZWm/espa-a.png;0
3;Cada persona es diferente;Quot homines, tot sententiae;十人十色;Proverbio Japonés;;Proverbium Iaponicum;Expresiones tradicionales de la cultura japonesa que resumen enseñanzas morales, filosóficas y prácticas derivadas del budismo, el sintoísmo y la experiencia popular.;Collectio sententiarum Iaponicarum.;ja;Japonés;Lingua Iaponica;Japón;Iaponia;Epoca Desconocida;Epocha Ignota;https://i.ibb.co/svZg6Fc2/japon.png;0
4;Sin esfuerzo no se consigue nada;Sine labore nihil obtinetur;Без труда не выловишь и рыбку из пруда;Refrán Ruso;;Sententia Russica;Dichos tradicionales del pueblo ruso que condensan la experiencia colectiva, el ingenio y la filosofía popular transmitida de generación en generación.;Collectio sententiarum Russicarum.;ru;Ruso;Lingua Russica;Rusia;Russia;Epoca Desconocida;Epocha Ignota;https://i.ibb.co/HLT9WZLw/rusia.png;0
5;La vida está en el movimiento;Vita in motu est;生命在于运动;Proverbio Chino;;Proverbium Sinense;Conjunto de proverbios tradicionales de la cultura china que transmiten sabiduría popular, valores morales y enseñanzas prácticas transmitidas oralmente durante siglos.;Collectio sententiarum Sinensium, magnopere in cultura tradita.;zh;Chino;Lingua Sinica;China;Sinae;Epoca Desconocida;Epocha Ignota;https://i.ibb.co/qLfpZm6h/china.png;0
6;Ojo por ojo, diente por diente;Oculum pro oculo, dentem pro dente;עַיִן תַּחַת עַיִן שֵׁן תַּחַת שֵׁן;Biblia;Exodus 21:24;Biblia Sacra;La Biblia es el conjunto de libros sagrados del judaísmo y el cristianismo, compuesta por el Antiguo Testamento (escrito aproximadamente entre 1445 a.C. y 400 a.C.) y el Nuevo Testamento (escrito entre 40 d.C. y 95 d.C.). Fue redactada por múltiples autores a lo largo de aproximadamente 1500 años, incluyendo profetas, apóstoles, sacerdotes y escribas.;Liber Scripturae Sacrae est collectio librorum iudaicae et christianae religionis, quae ex Vetere Testamento (circiter inter 1445 a.C. et 400 a.C. scripta) et Novo Testamento (circiter inter 40 d.C. et 95 d.C. scripta) constat. A multis auctoribus per circiter mille et quingenta annos scripta est, prophetis, apostolis, sacerdotibus et scribis inclusi.;he;Hebreo;Lingua Hebraica;Israel;Israel;Edad Antigua;Antiquitas;https://i.ibb.co/mF9zsdM5/bible.png;0
7;"El amor es fuerte como la muerte; los celos son crueles como la tumba";Fortis est ut mors dilectio, dura sicut infernus aemulatio;כִּי־עַזָּה כַמָּוֶת אַהֲבָה קָשָׁה כִשְׁאוֹל קִנְאָה;Biblia;Canticum Canticorum 8:6;Biblia Sacra;La Biblia es el conjunto de libros sagrados del judaísmo y el cristianismo, compuesta por el Antiguo Testamento (escrito aproximadamente entre 1445 a.C. y 400 a.C.) y el Nuevo Testamento (escrito entre 40 d.C. y 95 d.C.). Fue redactada por múltiples autores a lo largo de aproximadamente 1500 años, incluyendo profetas, apóstoles, sacerdotes y escribas.;Liber Scripturae Sacrae est collectio librorum iudaicae et christianae religionis, quae ex Vetere Testamento (circiter inter 1445 a.C. et 400 a.C. scripta) et Novo Testamento (circiter inter 40 d.C. et 95 d.C. scripta) constat. A multis auctoribus per circiter mille et quingenta annos scripta est, prophetis, apostolis, sacerdotibus et scribis inclusi.;he;Hebreo;Lingua Hebraica;Israel;Israel;Edad Antigua;Antiquitas;https://i.ibb.co/mF9zsdM5/bible.png;0
8;Pienso, luego existo;Cogito, ergo sum;Je pense, donc je suis;René Descartes;Principia Philosophiae, Pars I, §7 (1644);Renatus Cartesius;Filósofo y matemático francés.;Philosophus et mathematicus Francogallicus.;la;Latín;Lingua Latina;Francia;Francia;Edad Moderna;Nova Aetas;https://i.ibb.co/pjycYzXh/descartes.png;0
9;Porque el conocimiento mismo es poder;Nam et ipsa scientia potestas est;Nam et ipsa scientia potestas est;Francis Bacon;Meditationes Sacrae, De Haeresibus (1597);Franciscus Bacon;"Filósofo y estadista inglés, autor de ""El conocimiento es poder"".";"Philosophus et civis Anglicus, auctor ""Scientia potentia est"".";en;Inglés;Lingua Anglica;Reino Unido;Regnum Unitum;Edad Moderna;Nova Aetas;https://i.ibb.co/xtWthbfv/bacon.png;0
10;La vida feliz es el gozo de la verdad;Beata vita est gaudium de veritate;Beata vita est gaudium de veritate;San Agustín;Confessiones, Liber X, Caput XXIII, 33;Aurelius Augustinus;Filósofo y teólogo cristiano.;Philosophus et theologus Christianus.;la;Latín;Lingua Latina;Roma;Roma;Edad Antigua;Antiquitas;https://i.ibb.co/chhLXqTZ/agustin.png;0
11;La felicidad no depende de quién eres o de lo que tienes, sino de lo que piensas;Felicitas non pendet ex eo quis sis aut quid habeas, sed ex eo quod cogites;"Happiness doesn't depend on who you are or what you have; it depends on what you think";Dale Carnegie;How to Win Friends and Influence People (1936);Daleus Carnegieus;Escritor y conferencista estadounidense, autor de libros de desarrollo personal.;Scriba et orator Americanus, auctor librorum de progressu personali.;en;Inglés;Lingua Anglica;Estados Unidos;Civitates Foederatae Americae;Edad Contemporánea;Aetas Contemporanea;https://i.ibb.co/BFB74pj/carnegie.png;0
12;No dejes para mañana lo que puedas hacer hoy;Noli in crastinum differre quod hodie facere potes;No dejes para mañana lo que puedas hacer hoy;Refrán Español;;Sententia Hispanica;Refranes populares de la tradición oral hispana que expresan de forma breve y ingeniosa enseñanzas prácticas sobre la vida cotidiana.;Collectio sententiarum Hispanicarum.;es;Español;Lingua Hispanica;España;Hispania;Epoca Desconocida;Epocha Ignota;https://i.ibb.co/Y4f7TZWm/espa-a.png;0
13;Aprovecha el día, confiando lo menos posible en el mañana.;Carpe diem, quam minimum credula postero;Carpe diem, quam minimum credula postero;Horacio;Odas I, 11;Quintus Horatius Flaccus;"Poeta lírico romano, autor de ""Carpe diem"".";"Poeta lyricus Romanus, auctor ""Carpe diem"".";la;Latín;Lingua Latina;Roma;Roma;Edad Antigua;Antiquitas;https://i.ibb.co/KjBfHkQ2/horacio.png;0
14;Ser o no ser, esa es la cuestión;Esse aut non esse, haec est quaestio;To be, or not to be, that is the question;Shakespeare;Hamlet, Actus III, Scaena I (c. 1600);Gulielmus Shakespeare;Dramaturgo y poeta inglés, autor de Hamlet.;"Dramaturgus et poeta Anglicus, auctor ""Hamlet"".";en;Inglés;Lingua Anglica;Reino Unido;Regnum Unitum;Edad Moderna;Nova Aetas;https://i.ibb.co/MDGnQ1yJ/shakespeare.png;0
15;No es lo mismo fracasar que estrellarse;Non idem est cadere ac collidi;No es lo mismo fracasar que estrellarse;Refrán Español;;Sententia Hispanica;Refranes populares de la tradición oral hispana que expresan de forma breve y ingeniosa enseñanzas prácticas sobre la vida cotidiana.;Collectio sententiarum Hispanicarum.;es;Español;Lingua Hispanica;España;Hispania;Epoca Desconocida;Epocha Ignota;https://i.ibb.co/Y4f7TZWm/espa-a.png;0
16;"Los años que una mujer borra en silencio no son devorados por el tiempo; se posan, suavemente, en los rasgos de sus amigas más íntimas";Anni quos femina silentio delet non a tempore devorantur, sed in vultibus amicorum quiescunt;女人悄然抹去的岁月，并未真被时光吞没 而是悄悄落在了她闺中好友的眉眼之间;Proverbio Chino;;Proverbium Sinense;Conjunto de proverbios tradicionales de la cultura china que transmiten sabiduría popular, valores morales y enseñanzas prácticas transmitidas oralmente durante siglos.;Collectio sententiarum Sinensium, magnopere in cultura tradita.;zh;Chino;Lingua Sinica;China;Sinae;Epoca Desconocida;Epocha Ignota;https://i.ibb.co/qLfpZm6h/china.png;0
17;La suerte está echada;Alea iacta est;Alea iacta est;Gayo Julio César;Suetonius, De vita Caesarum, Divus Iulius 32;Gaius Iulius Caesar;Político, militar y escritor romano. Protagonizó el final de la República Romana y el ascenso del Imperio. Conquistó la Galia, cruzó el Rubicón en 49 a. C. iniciando la guerra civil, y ejerció el poder como dictador vitalicio. Fue asesinado el 15 de marzo de 44 a. C. durante los Idus de marzo.;Politicus, miles et scriptor Romanus. Finitum Rei Publicae et ascensus Imperii. Galliam vicit, Rubiconem transiit anno 49 a.C., bellum civile incepit, dictator perpetuus factus. Interfectus est die 15 Martii 44 a.C.;la;Latín;Lingua Latina;Roma;Roma;Edad Antigua;Antiquitas;https://i.ibb.co/7dbHBQ9X/juliocesar.png;0
18;Nada surge de la nada;Ex nihilo nihil fit;οὐδὲν ἐκ τοῦ μὴ ὄντος γίγνεται;Parménides;Simplicius, In Aristotelis Physica (fr. DK 28 B8);Parmenides;Filósofo presocrático griego, fundador de la escuela eleática. Defendió la idea de la permanencia del ser y que nada surge de la nada.;Philosophus Praesocraticus Graecus, schola Eleatica conditor. Ideam constantiae entis defendit, nihil ex nihilo oriri.;la;Latín;Lingua Latina;Grecia;Graecia;Edad Antigua;Antiquitas;https://i.ibb.co/8DHGWSZc/parmenides.png;0
19;"Todos los hombres son sabios; unos antes, los otros después";Omnes homines sapientes sunt, alii citius, alii postea;人皆有智慧 只是早晚而已;Proverbio Chino;;Proverbium Sinense;Conjunto de proverbios tradicionales de la cultura china que transmiten sabiduría popular, valores morales y enseñanzas prácticas transmitidas oralmente durante siglos.;Collectio sententiarum Sinensium, magnopere in cultura tradita.;zh;Chino;Lingua Sinica;China;Sinae;Epoca Desconocida;Epocha Ignota;https://i.ibb.co/qLfpZm6h/china.png;0
20;"El que sabe de ello no se compara con el que lo ama; el que lo ama no se compara con el que se deleita en ello";"Qui scit non aequatur ei qui amat; qui amat non aequatur ei qui delectatur";知之者不如好之者；好之者不如乐之者;Confucio;Analecta Confucii, Liber VI, Caput XX;Confucius;Filósofo y maestro chino, fundador del confucianismo. Sus enseñanzas influyeron profundamente en la cultura, ética y política de China.;Philosophus et magister Sinensis, confucianismi conditor. Doctrinae eius in culturam, ethicam et politicam Sinensem profunde influentes.;zh;Chino;Lingua Sinica;China;Sinae;Edad Antigua;Antiquitas;https://i.ibb.co/tjXTLg8/confucio.png;0
21;"Aprender sin reflexionar es inútil; reflexionar sin aprender es peligroso";"Discere sine cogitatione inutile est; cogitare sine doctrina periculosum est";学而不思则罔，思而不学则殆;Confucio;Analecta Confucii, Liber II, Caput XV;Confucius;Filósofo y maestro chino, fundador del confucianismo. Sus enseñanzas influyeron profundamente en la cultura, ética y política de China.;Philosophus et magister Sinensis, confucianismi conditor. Doctrinae eius in culturam, ethicam et politicam Sinensem profunde influentes.;zh;Chino;Lingua Sinica;China;Sinae;Edad Antigua;Antiquitas;https://i.ibb.co/tjXTLg8/confucio.png;0
22;No hagas a otros lo que no deseas para ti mismo;Quod tibi non vis, alteri ne feceris;己所不欲，勿施于人;Confucio;Analecta Confucii, Liber XII, Caput II;Confucius;Filósofo y maestro chino, fundador del confucianismo. Sus enseñanzas influyeron profundamente en la cultura, ética y política de China.;Philosophus et magister Sinensis, confucianismi conditor. Doctrinae eius in culturam, ethicam et politicam Sinensem profunde influentes.;zh;Chino;Lingua Sinica;China;Sinae;Edad Antigua;Antiquitas;https://i.ibb.co/tjXTLg8/confucio.png;0
23;La vida sin letras es muerte;Vita sine litteris mors est;Vita sine litteris mors est;Séneca;Epistulae Morales ad Lucilium, Epistula 82, 3;Lucius Annaeus Seneca;Filósofo, escritor y político romano, representante del estoicismo. Autor de numerosas cartas y tratados morales.;Philosophus, scriptor et politicus Romanus, stoicismus repraesentans. Multas epistulas et tractatus morales scripsit.;la;Latín;Lingua Latina;Roma;Roma;Edad Antigua;Antiquitas;https://i.ibb.co/35c3QS9J/seneca.png;0
24;No hay un camino fácil de la tierra a las estrellas;Non est ad astra mollis e terris via;Non est ad astra mollis e terris via;Séneca;Hercules Furens, v. 437;Lucius Annaeus Seneca;Filósofo, escritor y político romano, representante del estoicismo. Autor de numerosas cartas y tratados morales.;Philosophus, scriptor et politicus Romanus, stoicismus repraesentans. Multas epistulas et tractatus morales scripsit.;la;Latín;Lingua Latina;Roma;Roma;Edad Antigua;Antiquitas;https://i.ibb.co/35c3QS9J/seneca.png;0
25;Mientras estemos entre los hombres, cultivemos la humanidad;Dum inter homines sumus, colamus humanitatem;Dum inter homines sumus, humanitatem colamus;Séneca;Epistulae Morales ad Lucilium, Epistula 95, 52;Lucius Annaeus Seneca;Filósofo, escritor y político romano, representante del estoicismo. Autor de numerosas cartas y tratados morales.;Philosophus, scriptor et politicus Romanus, stoicismus repraesentans. Multas epistulas et tractatus morales scripsit.;la;Latín;Lingua Latina;Roma;Roma;Edad Antigua;Antiquitas;https://i.ibb.co/35c3QS9J/seneca.png;0
26;Cada uno es artífice de su propia fortuna;Quisque est faber fortunae suae;Faber est suae quisque fortunae;Séneca;Epistulae Morales ad Lucilium, Epistula 98, 2;Lucius Annaeus Seneca;Filósofo, escritor y político romano, representante del estoicismo. Autor de numerosas cartas y tratados morales.;Philosophus, scriptor et politicus Romanus, stoicismus repraesentans. Multas epistulas et tractatus morales scripsit.;la;Latín;Lingua Latina;Roma;Roma;Edad Antigua;Antiquitas;https://i.ibb.co/35c3QS9J/seneca.png;0
27;Sin ira ni parcialidad;Sine ira et studio;Sine ira et studio;Tácito;Annales, I, 1;Publius Cornelius Tacitus;Gayo o Publio Cornelio Tácito fue un político, orador e historiador romano considerado uno de los más grandes escritores de la historiografía romana. Nació alrededor del año 56 d.C., probablemente en la Galia Narbonense o el norte de Italia, y murió hacia el 120 d.C. Desarrolló una brillante carrera política llegando a ser cónsul en el 97 d.C. y procónsul de Asia entre 112-113 d.C. Sus obras más importantes son los Anales, que narran la historia del Imperio Romano desde la muerte de Augusto hasta Nerón (14-68 d.C.), y las Historias, que abarcan desde el año 69 al 96 d.C. También escribió Germania, una obra etnográfica sobre las tribus germánicas.;Gaius vel Publius Cornelius Tacitus fuit politicus, orator et historicus Romanus consideratus unus ex maximis scriptoribus historiographiae Romanae. Natus est circiter annum LVI p.C., probabiliter in Gallia Narbonensi vel Italia septentrionali, et mortuus est circiter annum CXX p.C. Cursum honorum fulgentem perfecit ut consul anno XCVII p.C. et proconsul Asiae inter annos CXII-CXIII p.C. Opera eius praecipua sunt Annales, qui narrant historiam Imperii Romani a morte Augusti usque ad Neronem (XIV-LXVIII p.C.), et Historiae, quae annos LXIX ad XCVI p.C. comprehendunt. Etiam scripsit Germaniam, opus ethnographicum de tribubus Germanicis.;la;Latín;Lingua Latina;Roma;Roma;Edad Antigua;Antiquitas;https://i.ibb.co/x8MJCvrr/tacito.png;0
28;El conocimiento es poder;Scientia potentia est;Knowledge is power;Francis Bacon;Meditationes Sacrae, De Haeresibus (1597);Franciscus Bacon;"Filósofo y estadista inglés, autor de ""El conocimiento es poder"".";"Philosophus et civis Anglicus, auctor ""Scientia potentia est"".";en;Inglés;Lingua Anglica;Reino Unido;Regnum Unitum;Edad Moderna;Nova Aetas;https://i.ibb.co/xtWthbfv/bacon.png;0
29;Aquel que pregunta es un tonto por cinco minutos, pero el que no pregunta permanece tonto por siempre;"Qui rogat stultus est ad horam; qui non rogat stultus manet in aeternum";不耻下问;Proverbio Chino;;Proverbium Sinense;Conjunto de proverbios tradicionales de la cultura china que transmiten sabiduría popular, valores morales y enseñanzas prácticas transmitidas oralmente durante siglos.;Collectio sententiarum Sinensium, magnopere in cultura tradita.;zh;Chino;Lingua Sinica;China;Sinae;Epoca Desconocida;Epocha Ignota;https://i.ibb.co/qLfpZm6h/china.png;0
30;Un viaje de mil millas comienza con un solo paso;Iter mille milium uno passu incipit;千里之行，始于足下。;Proverbio Chino;;Proverbium Sinense;Conjunto de proverbios tradicionales de la cultura china que transmiten sabiduría popular, valores morales y enseñanzas prácticas transmitidas oralmente durante siglos.;Collectio sententiarum Sinensium, magnopere in cultura tradita.;zh;Chino;Lingua Sinica;China;Sinae;Epoca Desconocida;Epocha Ignota;https://i.ibb.co/qLfpZm6h/china.png;0
31;Dar un pez a alguien no es tan bueno como enseñarle a pescar;Potius est docere piscari quam piscem dare;授人以鱼不如授人以渔。;Proverbio Chino;;Proverbium Sinense;Conjunto de proverbios tradicionales de la cultura china que transmiten sabiduría popular, valores morales y enseñanzas prácticas transmitidas oralmente durante siglos.;Collectio sententiarum Sinensium, magnopere in cultura tradita.;zh;Chino;Lingua Sinica;China;Sinae;Epoca Desconocida;Epocha Ignota;https://i.ibb.co/qLfpZm6h/china.png;0
32;Quien se conforma, siempre es feliz;Qui contentus est, semper beatus est;知足常乐。;Proverbio Chino;;Proverbium Sinense;Conjunto de proverbios tradicionales de la cultura china que transmiten sabiduría popular, valores morales y enseñanzas prácticas transmitidas oralmente durante siglos.;Collectio sententiarum Sinensium, magnopere in cultura tradita.;zh;Chino;Lingua Sinica;China;Sinae;Epoca Desconocida;Epocha Ignota;https://i.ibb.co/qLfpZm6h/china.png;0
33;"El mar acepta todos los ríos; así se hace grande";Mare omnes fluvios recipit et ideo magnum est;海纳百川，有容乃大。;Proverbio Chino;;Proverbium Sinense;Conjunto de proverbios tradicionales de la cultura china que transmiten sabiduría popular, valores morales y enseñanzas prácticas transmitidas oralmente durante siglos.;Collectio sententiarum Sinensium, magnopere in cultura tradita.;zh;Chino;Lingua Sinica;China;Sinae;Epoca Desconocida;Epocha Ignota;https://i.ibb.co/qLfpZm6h/china.png;0
34;"Aprender sin reflexionar es inútil; reflexionar sin aprender es peligroso";"Discere sine cogitatione inutile est; cogitare sine doctrina periculosum est";学而不思则罔，思而不学则殆。;Proverbio Chino;;Proverbium Sinense;Conjunto de proverbios tradicionales de la cultura china que transmiten sabiduría popular, valores morales y enseñanzas prácticas transmitidas oralmente durante siglos.;Collectio sententiarum Sinensium, magnopere in cultura tradita.;zh;Chino;Lingua Sinica;China;Sinae;Epoca Desconocida;Epocha Ignota;https://i.ibb.co/qLfpZm6h/china.png;0
35;Si tres caminan juntos, siempre hay algo que puedo aprender de ellos;Inter tres ambulantes, semper magister est;三人行，必有我师焉。;Proverbio Chino;;Proverbium Sinense;Conjunto de proverbios tradicionales de la cultura china que transmiten sabiduría popular, valores morales y enseñanzas prácticas transmitidas oralmente durante siglos.;Collectio sententiarum Sinensium, magnopere in cultura tradita.;zh;Chino;Lingua Sinica;China;Sinae;Epoca Desconocida;Epocha Ignota;https://i.ibb.co/qLfpZm6h/china.png;0
36;Cae siete veces, levántate ocho;Septies cade, octies surge;七転び八起き;Proverbio Japonés;;Proverbium Iaponicum;Expresiones tradicionales de la cultura japonesa que resumen enseñanzas morales, filosóficas y prácticas derivadas del budismo, el sintoísmo y la experiencia popular.;Collectio sententiarum Iaponicarum.;ja;Japonés;Lingua Iaponica;Japón;Iaponia;Epoca Desconocida;Epocha Ignota;https://i.ibb.co/svZg6Fc2/japon.png;0
37;Hasta los monos se caen de los árboles;Etiam simiae ex arboribus cadunt;猿も木から落ちる;Proverbio Japonés;;Proverbium Iaponicum;Expresiones tradicionales de la cultura japonesa que resumen enseñanzas morales, filosóficas y prácticas derivadas del budismo, el sintoísmo y la experiencia popular.;Collectio sententiarum Iaponicarum.;ja;Japonés;Lingua Iaponica;Japón;Iaponia;Epoca Desconocida;Epocha Ignota;https://i.ibb.co/svZg6Fc2/japon.png;0
38;Más vale dar un rodeo que precipitarse;Qui festinat circuit;急がば回れ;Proverbio Japonés;;Proverbium Iaponicum;Expresiones tradicionales de la cultura japonesa que resumen enseñanzas morales, filosóficas y prácticas derivadas del budismo, el sintoísmo y la experiencia popular.;Collectio sententiarum Iaponicarum.;ja;Japonés;Lingua Iaponica;Japón;Iaponia;Epoca Desconocida;Epocha Ignota;https://i.ibb.co/svZg6Fc2/japon.png;0
39;Incluso sobre una piedra, tres años;Etiam super lapidem, triennium;石の上にも三年;Proverbio Japonés;;Proverbium Iaponicum;Expresiones tradicionales de la cultura japonesa que resumen enseñanzas morales, filosóficas y prácticas derivadas del budismo, el sintoísmo y la experiencia popular.;Collectio sententiarum Iaponicarum.;ja;Japonés;Lingua Iaponica;Japón;Iaponia;Epoca Desconocida;Epocha Ignota;https://i.ibb.co/svZg6Fc2/japon.png;0
40;Después de la lluvia, la tierra se endurece;Post pluviam terra confirmatur;雨降って地固まる;Proverbio Japonés;;Proverbium Iaponicum;Expresiones tradicionales de la cultura japonesa que resumen enseñanzas morales, filosóficas y prácticas derivadas del budismo, el sintoísmo y la experiencia popular.;Collectio sententiarum Iaponicarum.;ja;Japonés;Lingua Iaponica;Japón;Iaponia;Epoca Desconocida;Epocha Ignota;https://i.ibb.co/svZg6Fc2/japon.png;0
41;Incluso rozarse las mangas es el resultado de muchas vidas de destino;Etiam leviter contingere manicas est fatum multarum vitarum;袖振り合うも多生の縁;Proverbio Japonés;;Proverbium Iaponicum;Expresiones tradicionales de la cultura japonesa que resumen enseñanzas morales, filosóficas y prácticas derivadas del budismo, el sintoísmo y la experiencia popular.;Collectio sententiarum Iaponicarum.;ja;Japonés;Lingua Iaponica;Japón;Iaponia;Epoca Desconocida;Epocha Ignota;https://i.ibb.co/svZg6Fc2/japon.png;0
42;La boca es la fuente del desastre;Os est fons calamitatis;口は災いの元;Proverbio Japonés;;Proverbium Iaponicum;Expresiones tradicionales de la cultura japonesa que resumen enseñanzas morales, filosóficas y prácticas derivadas del budismo, el sintoísmo y la experiencia popular.;Collectio sententiarum Iaponicarum.;ja;Japonés;Lingua Iaponica;Japón;Iaponia;Epoca Desconocida;Epocha Ignota;https://i.ibb.co/svZg6Fc2/japon.png;0
43;La vida sin estudio es una muerte;Vita sine litteris mors est;Vita sine litteris mors est;Séneca;Epistulae Morales ad Lucilium, Epistula 82, 3;Lucius Annaeus Seneca;Filósofo, escritor y político romano, representante del estoicismo. Autor de numerosas cartas y tratados morales.;Philosophus, scriptor et politicus Romanus, stoicismus repraesentans. Multas epistulas et tractatus morales scripsit.;la;Latín;Lingua Latina;Roma;Roma;Edad Antigua;Antiquitas;https://i.ibb.co/35c3QS9J/seneca.png;0
44;No hay camino fácil de la tierra a las estrellas;Non est ad astra mollis e terris via;Non est ad astra mollis e terris via;Séneca;Hercules Furens, v. 437;Lucius Annaeus Seneca;Filósofo, escritor y político romano, representante del estoicismo. Autor de numerosas cartas y tratados morales.;Philosophus, scriptor et politicus Romanus, stoicismus repraesentans. Multas epistulas et tractatus morales scripsit.;la;Latín;Lingua Latina;Roma;Roma;Edad Antigua;Antiquitas;https://i.ibb.co/35c3QS9J/seneca.png;0
45;Mientras estemos entre hombres, cultivemos la humanidad;Dum inter homines sumus, colamus humanitatem;Dum inter homines sumus, colamus humanitatem;Séneca;Epistulae Morales ad Lucilium, Epistula 95, 52;Lucius Annaeus Seneca;Filósofo, escritor y político romano, representante del estoicismo. Autor de numerosas cartas y tratados morales.;Philosophus, scriptor et politicus Romanus, stoicismus repraesentans. Multas epistulas et tractatus morales scripsit.;la;Latín;Lingua Latina;Roma;Roma;Edad Antigua;Antiquitas;https://i.ibb.co/35c3QS9J/seneca.png;0
46;Cada uno es artífice de su propia fortuna;Faber est suae quisque fortunae;Faber est suae quisque fortunae;Séneca;Epistulae Morales ad Lucilium, Epistula 98, 2;Lucius Annaeus Seneca;Filósofo, escritor y político romano, representante del estoicismo. Autor de numerosas cartas y tratados morales.;Philosophus, scriptor et politicus Romanus, stoicismus repraesentans. Multas epistulas et tractatus morales scripsit.;la;Latín;Lingua Latina;Roma;Roma;Edad Antigua;Antiquitas;https://i.ibb.co/35c3QS9J/seneca.png;0
47;La verdad es la adecuación del intelecto con la realidad;Veritas est adaequatio rei et intellectus;Veritas est adaequatio rei et intellectus;Santo Tomás de Aquino;Summa Theologiae, I, q.16, art.1;Thomas Aquinas;"Filósofo y teólogo italiano, representante de la Escolástica. Autor de la ""Summa Theologica"".";"Philosophus et theologus Italicus, Scholasticae repraesentans. Auctor ""Summa Theologica"".";la;Latín;Lingua Latina;Italia;Italia;Edad Media;Medium Aevum;https://i.ibb.co/wG8jHsv/tomasaquino.png;0
48;Amor a Dios y al prójimo;Amor Dei et proximi;Amor Dei et proximi;Santo Tomás de Aquino;Summa Theologiae, II-II, q.25, art.1;Thomas Aquinas;"Filósofo y teólogo italiano, representante de la Escolástica. Autor de la ""Summa Theologica"".";"Philosophus et theologus Italicus, Scholasticae repraesentans. Auctor ""Summa Theologica"".";la;Latín;Lingua Latina;Italia;Italia;Edad Media;Medium Aevum;https://i.ibb.co/wG8jHsv/tomasaquino.png;0
49;La fe y la razón están en armonía;Fides et ratio concordant;Fides et ratio concordant;Santo Tomás de Aquino;Summa Theologiae (principio general);Thomas Aquinas;"Filósofo y teólogo italiano, representante de la Escolástica. Autor de la ""Summa Theologica"".";"Philosophus et theologus Italicus, Scholasticae repraesentans. Auctor ""Summa Theologica"".";la;Latín;Lingua Latina;Italia;Italia;Edad Media;Medium Aevum;https://i.ibb.co/wG8jHsv/tomasaquino.png;0
50;El bien común debe prevalecer sobre el bien individual;Bonum commune praeferendum est bono singulari;Bonum commune praeferendum est bono singulari;Santo Tomás de Aquino;Summa Theologiae, II-II, q.57, art.1;Thomas Aquinas;"Filósofo y teólogo italiano, representante de la Escolástica. Autor de la ""Summa Theologica"".";"Philosophus et theologus Italicus, Scholasticae repraesentans. Auctor ""Summa Theologica"".";la;Latín;Lingua Latina;Italia;Italia;Edad Media;Medium Aevum;https://i.ibb.co/wG8jHsv/tomasaquino.png;0
51;El hombre busca el bien supremo;Homo summum bonum quaerit;Homo summum bonum quaerit;Santo Tomás de Aquino;Summa Theologiae, I-II, q.1, art.5;Thomas Aquinas;"Filósofo y teólogo italiano, representante de la Escolástica. Autor de la ""Summa Theologica"".";"Philosophus et theologus Italicus, Scholasticae repraesentans. Auctor ""Summa Theologica"".";la;Latín;Lingua Latina;Italia;Italia;Edad Media;Medium Aevum;https://i.ibb.co/wG8jHsv/tomasaquino.png;0
52;Dios ha muerto;Deus mortuus est;Gott ist tot;Friedrich Nietzsche;Die fröhliche Wissenschaft (1882), Liber III, aphorismus 125;Friedrich Nietzsche;"Filósofo, poeta y filólogo alemán. Autor de obras como ""Así habló Zaratustra"" y ""Más allá del bien y del mal"".";"Philosophus, poeta et philologus Germanicus, auctor operum ut ""Ita loquutus est Zarathustra"" et ""Ultra bonum et malum"".";de;Alemán;Lingua Germanica;Alemania;Germania;Edad Contemporánea;Aetas Contemporanea;https://i.ibb.co/N6jnVDp7/nietzsche.png;0
53;Lo que no me mata, me hace más fuerte;Quod me non necat, fortiorem me facit;Was mich nicht umbringt, macht mich stärker;Friedrich Nietzsche;Ecce Homo (1888), Praefatio, §1;Friedrich Nietzsche;"Filósofo, poeta y filólogo alemán. Autor de obras como ""Así habló Zaratustra"" y ""Más allá del bien y del mal"".";"Philosophus, poeta et philologus Germanicus, auctor operum ut ""Ita loquutus est Zarathustra"" et ""Ultra bonum et malum"".";de;Alemán;Lingua Germanica;Alemania;Germania;Edad Contemporánea;Aetas Contemporanea;https://i.ibb.co/N6jnVDp7/nietzsche.png;0
54;Sin música, la vida sería un error;Sine musica vita error esset;Ohne Musik wäre das Leben ein Irrtum;Friedrich Nietzsche;Götzen-Dämmerung (1889), Prologus;Friedrich Nietzsche;"Filósofo, poeta y filólogo alemán. Autor de obras como ""Así habló Zaratustra"" y ""Más allá del bien y del mal"".";"Philosophus, poeta et philologus Germanicus, auctor operum ut ""Ita loquutus est Zarathustra"" et ""Ultra bonum et malum"".";de;Alemán;Lingua Germanica;Alemania;Germania;Edad Contemporánea;Aetas Contemporanea;https://i.ibb.co/N6jnVDp7/nietzsche.png;0
55;El hombre es algo que debe ser superado;Homo est aliquid quod superandum est;Der Mensch ist etwas, das überwunden werden soll;Friedrich Nietzsche;Also sprach Zarathustra (1883-1885), Pars Prima, §3;Friedrich Nietzsche;"Filósofo, poeta y filólogo alemán. Autor de obras como ""Así habló Zaratustra"" y ""Más allá del bien y del mal"".";"Philosophus, poeta et philologus Germanicus, auctor operum ut ""Ita loquutus est Zarathustra"" et ""Ultra bonum et malum"".";de;Alemán;Lingua Germanica;Alemania;Germania;Edad Contemporánea;Aetas Contemporanea;https://i.ibb.co/N6jnVDp7/nietzsche.png;0
56;Siempre hay algo de locura en el amor. Pero también hay algo de razón en la locura;Semper aliquid insaniae in amore est, sed etiam aliquid rationis in insania;Es gibt immer etwas Wahnsinn in der Liebe. Aber auch etwas Vernunft im Wahnsinn;Friedrich Nietzsche;Also sprach Zarathustra (1883-1885), Pars Secunda, §21;Friedrich Nietzsche;"Filósofo, poeta y filólogo alemán. Autor de obras como ""Así habló Zaratustra"" y ""Más allá del bien y del mal"".";"Philosophus, poeta et philologus Germanicus, auctor operum ut ""Ita loquutus est Zarathustra"" et ""Ultra bonum et malum"".";de;Alemán;Lingua Germanica;Alemania;Germania;Edad Contemporánea;Aetas Contemporanea;https://i.ibb.co/N6jnVDp7/nietzsche.png;0
57;El verdadero soldado lucha no porque odie lo que tiene delante, sino porque ama lo que tiene detrás;Verus miles pugnat non quia odit quod ante se est, sed quia amat quod post se est;The true soldier fights not because he hates what is in front of him, but because he loves what is behind him;Gilbert Keith Chesterton;Heretics (1905);Gilbert Keith Chesterton;Escritor, poeta, filósofo y periodista inglés. Famoso por sus ensayos, cuentos de misterio y defensa del cristianismo.;Scriba, poeta, philosophus et diurnarius Anglicus. Notus pro essayis, fabulis mysteriis et Christianismi defensione.;en;Inglés;Lingua Anglica;Reino Unido;Regnum Unitum;Edad Contemporánea;Aetas Contemporanea;https://i.ibb.co/9mGNtTcT/chesterton.png;0
58;Una aventura es solo un inconveniente correctamente considerado. Un inconveniente es solo una aventura mal considerada;"Aventura est incommodum recte consideratum; incommodum est aventura male considerata";An adventure is only an inconvenience rightly considered. An inconvenience is only an adventure wrongly considered;Gilbert Keith Chesterton;The Man Who Was Thursday (1908);Gilbert Keith Chesterton;Escritor, poeta, filósofo y periodista inglés. Famoso por sus ensayos, cuentos de misterio y defensa del cristianismo.;Scriba, poeta, philosophus et diurnarius Anglicus. Notus pro essayis, fabulis mysteriis et Christianismi defensione.;en;Inglés;Lingua Anglica;Reino Unido;Regnum Unitum;Edad Contemporánea;Aetas Contemporanea;https://i.ibb.co/9mGNtTcT/chesterton.png;0
59;No hay reglas de arquitectura para un castillo en las nubes;Nullae sunt regulae architecturae pro castello in nubibus;There are no rules of architecture for a castle in the clouds;Gilbert Keith Chesterton;Heretics (1905);Gilbert Keith Chesterton;Escritor, poeta, filósofo y periodista inglés. Famoso por sus ensayos, cuentos de misterio y defensa del cristianismo.;Scriba, poeta, philosophus et diurnarius Anglicus. Notus pro essayis, fabulis mysteriis et Christianismi defensione.;en;Inglés;Lingua Anglica;Reino Unido;Regnum Unitum;Edad Contemporánea;Aetas Contemporanea;https://i.ibb.co/9mGNtTcT/chesterton.png;0
60;La manera de amar algo es darse cuenta de que puede perderse;Via ad amandum est intellegere posse amitti;The way to love anything is to realize that it may be lost;Gilbert Keith Chesterton;The Thing (1909);Gilbert Keith Chesterton;Escritor, poeta, filósofo y periodista inglés. Famoso por sus ensayos, cuentos de misterio y defensa del cristianismo.;Scriba, poeta, philosophus et diurnarius Anglicus. Notus pro essayis, fabulis mysteriis et Christianismi defensione.;en;Inglés;Lingua Anglica;Reino Unido;Regnum Unitum;Edad Contemporánea;Aetas Contemporanea;https://i.ibb.co/9mGNtTcT/chesterton.png;0
61;Las falacias no dejan de ser falacias porque se conviertan en modas;Fallaciae non desinunt fallaciae esse quia fiunt consuetudines;Fallacies do not cease to be fallacies because they become fashions;Gilbert Keith Chesterton;Orthodoxy (1908);Gilbert Keith Chesterton;Escritor, poeta, filósofo y periodista inglés. Famoso por sus ensayos, cuentos de misterio y defensa del cristianismo.;Scriba, poeta, philosophus et diurnarius Anglicus. Notus pro essayis, fabulis mysteriis et Christianismi defensione.;en;Inglés;Lingua Anglica;Reino Unido;Regnum Unitum;Edad Contemporánea;Aetas Contemporanea;https://i.ibb.co/9mGNtTcT/chesterton.png;0
62;Tenemos que defender la verdad a toda costa, aunque volvamos a ser solamente doce;Veritatem defendere oportet omni pretio, etiam si solum duodecim restemus;Veritatem defendere oportet omni pretio, etiam si soli duodecim maneamus;Juan Pablo II;Audientia generalis, 6 januarii 2002;Ioannes Paulus II;Papa de la Iglesia Católica desde 1978 hasta 2005. Destacado por su labor pastoral, defensa de la vida y los derechos humanos.;Papa Ecclesiae Catholicae ab anno 1978 usque 2005. Labor pastoral, vitae tutela et iura humana praecipuus.;la;Latín;Lingua Latina;Polonia;Polonia;Edad Contemporánea;Aetas Contemporanea;https://i.ibb.co/tMz7wVTz/juanpabloii.png;0
63;La fe es la luz que ilumina las tinieblas;Fides est lux quae tenebras illuminat;Fides est lux quae tenebras illuminat;Juan Pablo II;Redemptor Hominis, 1979;Ioannes Paulus II;Papa de la Iglesia Católica desde 1978 hasta 2005. Destacado por su labor pastoral, defensa de la vida y los derechos humanos.;Papa Ecclesiae Catholicae ab anno 1978 usque 2005. Labor pastoral, vitae tutela et iura humana praecipuus.;la;Latín;Lingua Latina;Polonia;Polonia;Edad Contemporánea;Aetas Contemporanea;https://i.ibb.co/tMz7wVTz/juanpabloii.png;0
64;El amor todo lo vence;Caritas omnia vincit;Caritas omnia vincit;Juan Pablo II;Dives in Misericordia, 1980;Ioannes Paulus II;Papa de la Iglesia Católica desde 1978 hasta 2005. Destacado por su labor pastoral, defensa de la vida y los derechos humanos.;Papa Ecclesiae Catholicae ab anno 1978 usque 2005. Labor pastoral, vitae tutela et iura humana praecipuus.;la;Latín;Lingua Latina;Polonia;Polonia;Edad Contemporánea;Aetas Contemporanea;https://i.ibb.co/tMz7wVTz/juanpabloii.png;0
65;Buscamos la paz en la tierra;Pacem in terris quaerimus;Pacem in terris quaerimus;Juan Pablo II;Encyclica, 1986;Ioannes Paulus II;Papa de la Iglesia Católica desde 1978 hasta 2005. Destacado por su labor pastoral, defensa de la vida y los derechos humanos.;Papa Ecclesiae Catholicae ab anno 1978 usque 2005. Labor pastoral, vitae tutela et iura humana praecipuus.;la;Latín;Lingua Latina;Polonia;Polonia;Edad Contemporánea;Aetas Contemporanea;https://i.ibb.co/tMz7wVTz/juanpabloii.png;0
66;El Espíritu Santo nos guía hacia la verdad;Spiritus Sanctus nos ducit ad veritatem;Spiritus Sanctus nos ad veritatem ducit;Juan Pablo II;Catechesis Generalis, 15 aprilis 1980;Ioannes Paulus II;Papa de la Iglesia Católica desde 1978 hasta 2005. Destacado por su labor pastoral, defensa de la vida y los derechos humanos.;Papa Ecclesiae Catholicae ab anno 1978 usque 2005. Labor pastoral, vitae tutela et iura humana praecipuus.;la;Latín;Lingua Latina;Polonia;Polonia;Edad Contemporánea;Aetas Contemporanea;https://i.ibb.co/tMz7wVTz/juanpabloii.png;0
67;La verdad os hará libres;Veritas vos liberabit;Veritas vos liberabit;Juan Pablo II;Audientia generalis, 22 aprilis 1980;Ioannes Paulus II;Papa de la Iglesia Católica desde 1978 hasta 2005. Destacado por su labor pastoral, defensa de la vida y los derechos humanos.;Papa Ecclesiae Catholicae ab anno 1978 usque 2005. Labor pastoral, vitae tutela et iura humana praecipuus.;la;Latín;Lingua Latina;Polonia;Polonia;Edad Contemporánea;Aetas Contemporanea;https://i.ibb.co/tMz7wVTz/juanpabloii.png;0
68;Todas nuestras obras pongamos en Dios;Omnia opera nostra in Deo ponamus;Omnia opera nostra in Deo ponamus;Juan Pablo II;Catechesis Generalis, 10 november 1976;Ioannes Paulus II;Papa de la Iglesia Católica desde 1978 hasta 2005. Destacado por su labor pastoral, defensa de la vida y los derechos humanos.;Papa Ecclesiae Catholicae ab anno 1978 usque 2005. Labor pastoral, vitae tutela et iura humana praecipuus.;la;Latín;Lingua Latina;Polonia;Polonia;Edad Contemporánea;Aetas Contemporanea;https://i.ibb.co/tMz7wVTz/juanpabloii.png;0
69;La fuerza de la fe siempre vence al miedo;Fidei virtus semper vincit timorem;Virtus fidei timorem semper vincit;Juan Pablo II;Redemptor Hominis, 1979;Ioannes Paulus II;Papa de la Iglesia Católica desde 1978 hasta 2005. Destacado por su labor pastoral, defensa de la vida y los derechos humanos.;Papa Ecclesiae Catholicae ab anno 1978 usque 2005. Labor pastoral, vitae tutela et iura humana praecipuus.;la;Latín;Lingua Latina;Polonia;Polonia;Edad Contemporánea;Aetas Contemporanea;https://i.ibb.co/tMz7wVTz/juanpabloii.png;0
70;Los hombres deben preservar su dignidad;Homines dignitatem suam servare debent;Homines dignitatem suam servare debent;Juan Pablo II;Audientia generalis, 16 aprilis 1983;Ioannes Paulus II;Papa de la Iglesia Católica desde 1978 hasta 2005. Destacado por su labor pastoral, defensa de la vida y los derechos humanos.;Papa Ecclesiae Catholicae ab anno 1978 usque 2005. Labor pastoral, vitae tutela et iura humana praecipuus.;la;Latín;Lingua Latina;Polonia;Polonia;Edad Contemporánea;Aetas Contemporanea;https://i.ibb.co/tMz7wVTz/juanpabloii.png;0
71;El amor a Dios y al prójimo es el fundamento de la vida;Amor Dei et proximi est fundamentum vitae;Amor Dei et proximi est fundamentum vitae;Juan Pablo II;Catechesis Generalis, 15 september 1980;Ioannes Paulus II;Papa de la Iglesia Católica desde 1978 hasta 2005. Destacado por su labor pastoral, defensa de la vida y los derechos humanos.;Papa Ecclesiae Catholicae ab anno 1978 usque 2005. Labor pastoral, vitae tutela et iura humana praecipuus.;la;Latín;Lingua Latina;Polonia;Polonia;Edad Contemporánea;Aetas Contemporanea;https://i.ibb.co/tMz7wVTz/juanpabloii.png;0
72;El hombre sin educación es como un cadáver;Homo sine litteris mors est;Homo sine litteris mors est;San Juan Bautista de La Salle;Scripta Educativa, saeculum XVIII ;Sanctus Ioannes Baptista de La Salle;Sacerdote francés y fundador de los Hermanos de las Escuelas Cristianas, dedicados a la educación cristiana de los jóvenes, especialmente pobres.;Sacerdos Francogallicus, fratres Scholarium Christianorum fundator. Iuvenes praecipue pauperes educavit.;la;Latín;Lingua Latina;Francia;Francia;Edad Moderna;Nova Aetas;https://i.ibb.co/20M9HWkV/lasalle.png;0
73;La paciencia es la llave para la solución;Patientia clavis liberationis est;الصبر مفتاح الفرج;Proverbio Árabe;;Proverbium Arabica;Proverbios tradicionales de la cultura árabe que transmiten valores de hospitalidad, honor, paciencia y sabiduría práctica.;Collectio sententiarum Arabicarum.;ar;Árabe;Lingua Arabica;Arabia Saudita;Arabia Saudita;Epoca Desconocida;Epocha Ignota;https://i.ibb.co/1fdqG2fh/arabia.png;0
74;Quien se esfuerza, encuentra;Qui laborat invenit;من جد وجد;Proverbio Árabe;;Proverbium Arabica;Proverbios tradicionales de la cultura árabe que transmiten valores de hospitalidad, honor, paciencia y sabiduría práctica.;Collectio sententiarum Arabicarum.;ar;Árabe;Lingua Arabica;Arabia Saudita;Arabia Saudita;Epoca Desconocida;Epocha Ignota;https://i.ibb.co/1fdqG2fh/arabia.png;0
75;La mente es un adorno;Mens ornamentum est;العقل زينة;Proverbio Árabe;;Proverbium Arabica;Proverbios tradicionales de la cultura árabe que transmiten valores de hospitalidad, honor, paciencia y sabiduría práctica.;Collectio sententiarum Arabicarum.;ar;Árabe;Lingua Arabica;Arabia Saudita;Arabia Saudita;Epoca Desconocida;Epocha Ignota;https://i.ibb.co/1fdqG2fh/arabia.png;0
76;El amigo se conoce en la adversidad;Amicus in angustiis cognoscitur;الصديق وقت الضيق;Proverbio Árabe;;Proverbium Arabica;Proverbios tradicionales de la cultura árabe que transmiten valores de hospitalidad, honor, paciencia y sabiduría práctica.;Collectio sententiarum Arabicarum.;ar;Árabe;Lingua Arabica;Arabia Saudita;Arabia Saudita;Epoca Desconocida;Epocha Ignota;https://i.ibb.co/1fdqG2fh/arabia.png;0
77;El conocimiento es luz;Scientia lux est;العلم نور;Proverbio Árabe;;Proverbium Arabica;Proverbios tradicionales de la cultura árabe que transmiten valores de hospitalidad, honor, paciencia y sabiduría práctica.;Collectio sententiarum Arabicarum.;ar;Árabe;Lingua Arabica;Arabia Saudita;Arabia Saudita;Epoca Desconocida;Epocha Ignota;https://i.ibb.co/1fdqG2fh/arabia.png;0
78;Quien cava un hoyo para su hermano, caerá en él;Qui foveam fratri fodit in eam cadit;من حفر حفرة لأخيه وقع فيها;Proverbio Árabe;;Proverbium Arabica;Proverbios tradicionales de la cultura árabe que transmiten valores de hospitalidad, honor, paciencia y sabiduría práctica.;Collectio sententiarum Arabicarum.;ar;Árabe;Lingua Arabica;Arabia Saudita;Arabia Saudita;Epoca Desconocida;Epocha Ignota;https://i.ibb.co/1fdqG2fh/arabia.png;0
79;Una sola mano no aplaude;Una manus non plausum facit;يد واحدة لا تصفق;Proverbio Árabe;;Proverbium Arabica;Proverbios tradicionales de la cultura árabe que transmiten valores de hospitalidad, honor, paciencia y sabiduría práctica.;Collectio sententiarum Arabicarum.;ar;Árabe;Lingua Arabica;Arabia Saudita;Arabia Saudita;Epoca Desconocida;Epocha Ignota;https://i.ibb.co/1fdqG2fh/arabia.png;0
80;La experiencia es el mejor maestro;Experientia optimus magister est;التجربة خير معلم;Proverbio Árabe;;Proverbium Arabica;Proverbios tradicionales de la cultura árabe que transmiten valores de hospitalidad, honor, paciencia y sabiduría práctica.;Collectio sententiarum Arabicarum.;ar;Árabe;Lingua Arabica;Arabia Saudita;Arabia Saudita;Epoca Desconocida;Epocha Ignota;https://i.ibb.co/1fdqG2fh/arabia.png;0
81;"El tiempo es como una espada; si no lo cortas, te corta";Tempus sicut gladius est: si non id caedis, te caedit;الوقت كالسيف إن لم تقطعه قطعك;Proverbio Árabe;;Proverbium Arabica;Proverbios tradicionales de la cultura árabe que transmiten valores de hospitalidad, honor, paciencia y sabiduría práctica.;Collectio sententiarum Arabicarum.;ar;Árabe;Lingua Arabica;Arabia Saudita;Arabia Saudita;Epoca Desconocida;Epocha Ignota;https://i.ibb.co/1fdqG2fh/arabia.png;0
82;El libro es el mejor compañero;Liber optimus comes est;الكتاب خير جليس;Proverbio Árabe;;Proverbium Arabica;Proverbios tradicionales de la cultura árabe que transmiten valores de hospitalidad, honor, paciencia y sabiduría práctica.;Collectio sententiarum Arabicarum.;ar;Árabe;Lingua Arabica;Arabia Saudita;Arabia Saudita;Epoca Desconocida;Epocha Ignota;https://i.ibb.co/1fdqG2fh/arabia.png;0
83;Tu derecho es actuar, no los frutos de la acción;Tuum ius est agere, non fructus actionis;कर्मण्येवाधिकारस्ते मा फलेषु कदाचन;Proverbio Hindú;;Proverbium Indica;Dichos tradicionales de la India que reflejan principios espirituales, filosóficos y morales influidos por el hinduismo y las tradiciones védicas.;Collectio sententiarum Indicarum.;hi;Hindi;Lingua Indica;India;India;Epoca Desconocida;Epocha Ignota;https://i.ibb.co/84cDNBHX/india.png;0
84;Yoga es perfección en la acción;Yoga est perfectio in operatione;योगः कर्मसु कौशलम्;Proverbio Hindú;;Proverbium Indica;Dichos tradicionales de la India que reflejan principios espirituales, filosóficos y morales influidos por el hinduismo y las tradiciones védicas.;Collectio sententiarum Indicarum.;hi;Hindi;Lingua Indica;India;India;Epoca Desconocida;Epocha Ignota;https://i.ibb.co/84cDNBHX/india.png;0
85;La no violencia es la máxima virtud;Non violentia summa virtus est;अहिंसा परमोधर्मः;Proverbio Hindú;;Proverbium Indica;Dichos tradicionales de la India que reflejan principios espirituales, filosóficos y morales influidos por el hinduismo y las tradiciones védicas.;Collectio sententiarum Indicarum.;hi;Hindi;Lingua Indica;India;India;Epoca Desconocida;Epocha Ignota;https://i.ibb.co/84cDNBHX/india.png;0
86;Di la verdad;Veritatem dic;सत्यं वद;Proverbio Hindú;;Proverbium Indica;Dichos tradicionales de la India que reflejan principios espirituales, filosóficos y morales influidos por el hinduismo y las tradiciones védicas.;Collectio sententiarum Indicarum.;hi;Hindi;Lingua Indica;India;India;Epoca Desconocida;Epocha Ignota;https://i.ibb.co/84cDNBHX/india.png;0
87;La disciplina conduce a la victoria;Disciplina ad victoriam ducit;तपो न हि विजितम्;Proverbio Hindú;;Proverbium Indica;Dichos tradicionales de la India que reflejan principios espirituales, filosóficos y morales influidos por el hinduismo y las tradiciones védicas.;Collectio sententiarum Indicarum.;hi;Hindi;Lingua Indica;India;India;Epoca Desconocida;Epocha Ignota;https://i.ibb.co/84cDNBHX/india.png;0
88;La educación da humildad;Doctrina humilitatem dat;विद्या ददाति विनयम्;Proverbio Hindú;;Proverbium Indica;Dichos tradicionales de la India que reflejan principios espirituales, filosóficos y morales influidos por el hinduismo y las tradiciones védicas.;Collectio sententiarum Indicarum.;hi;Hindi;Lingua Indica;India;India;Epoca Desconocida;Epocha Ignota;https://i.ibb.co/84cDNBHX/india.png;0
89;La vida tiene placer y dolor;Vita gaudium et dolorem habet;सुखं वा दुःखं वा जीवनम्;Proverbio Hindú;;Proverbium Indica;Dichos tradicionales de la India que reflejan principios espirituales, filosóficos y morales influidos por el hinduismo y las tradiciones védicas.;Collectio sententiarum Indicarum.;hi;Hindi;Lingua Indica;India;India;Epoca Desconocida;Epocha Ignota;https://i.ibb.co/84cDNBHX/india.png;0
90;La separación de un amigo duele;Amici separatio dolet;न मित्रस्य वियोगः दुःखः;Proverbio Hindú;;Proverbium Indica;Dichos tradicionales de la India que reflejan principios espirituales, filosóficos y morales influidos por el hinduismo y las tradiciones védicas.;Collectio sententiarum Indicarum.;hi;Hindi;Lingua Indica;India;India;Epoca Desconocida;Epocha Ignota;https://i.ibb.co/84cDNBHX/india.png;0
91;La paz viene del cuidado de uno mismo;Pax ex cura sui venit;आत्मनः प्रतिपालने शान्ति;Proverbio Hindú;;Proverbium Indica;Dichos tradicionales de la India que reflejan principios espirituales, filosóficos y morales influidos por el hinduismo y las tradiciones védicas.;Collectio sententiarum Indicarum.;hi;Hindi;Lingua Indica;India;India;Epoca Desconocida;Epocha Ignota;https://i.ibb.co/84cDNBHX/india.png;0
92;Actúa con mente pura;Mente pura age;शुद्धमनसा कर्म करोति;Proverbio Hindú;;Proverbium Indica;Dichos tradicionales de la India que reflejan principios espirituales, filosóficos y morales influidos por el hinduismo y las tradiciones védicas.;Collectio sententiarum Indicarum.;hi;Hindi;Lingua Indica;India;India;Epoca Desconocida;Epocha Ignota;https://i.ibb.co/84cDNBHX/india.png;0
93;La cultura es el alma de una civilización;Cultura anima est civilisationis;Die Kultur ist die Seele einer Zivilisation;Oswald Spengler;Der Untergang des Abendlandes, Band I, 1918;Oswaldus Spengler;"Filósofo e historiador alemán, autor de ""La decadencia de Occidente"".";"Philosophus et historicus Germanicus, auctor ""Occidentis Decadentia"".";de;Alemán;Lingua Germanica;Alemania;Germania;Edad Contemporánea;Aetas Contemporanea;https://i.ibb.co/jFsMGCC/spengler.png;0
94;Cada civilización tiene su ciclo de nacimiento, crecimiento y decadencia;Unaquaeque civilizatio habet cyclus natalis, crescentiae et ruinae;Jede Zivilisation hat ihren Zyklus von Geburt, Wachstum und Verfall;Oswald Spengler;Der Untergang des Abendlandes, Band I, 1918;Oswaldus Spengler;"Filósofo e historiador alemán, autor de ""La decadencia de Occidente"".";"Philosophus et historicus Germanicus, auctor ""Occidentis Decadentia"".";de;Alemán;Lingua Germanica;Alemania;Germania;Edad Contemporánea;Aetas Contemporanea;https://i.ibb.co/jFsMGCC/spengler.png;0
95;La historia no progresa, sino que las culturas nacen, florecen y mueren;Historia non progreditur, sed culturae nascuntur, florent et moriuntur;Die Geschichte schreitet nicht voran, Kulturen entstehen, blühen und sterben;Oswald Spengler;Der Untergang des Abendlandes, Band I, 1918;Oswaldus Spengler;"Filósofo e historiador alemán, autor de ""La decadencia de Occidente"".";"Philosophus et historicus Germanicus, auctor ""Occidentis Decadentia"".";de;Alemán;Lingua Germanica;Alemania;Germania;Edad Contemporánea;Aetas Contemporanea;https://i.ibb.co/jFsMGCC/spengler.png;0
96;La civilización occidental ha entrado en su fase final de declive;Civilizatio occidentalis in ultimam declinationis phasein intravit;Die westliche Zivilisation ist in ihre Endphase des Niedergangs eingetreten;Oswald Spengler;Der Untergang des Abendlandes, Band II, 1922;Oswaldus Spengler;"Filósofo e historiador alemán, autor de ""La decadencia de Occidente"".";"Philosophus et historicus Germanicus, auctor ""Occidentis Decadentia"".";de;Alemán;Lingua Germanica;Alemania;Germania;Edad Contemporánea;Aetas Contemporanea;https://i.ibb.co/jFsMGCC/spengler.png;0
97;La política y la economía son manifestaciones de la cultura, no la determinan;Politica et oeconomia sunt manifestationes culturae, non eius factores;Politik und Wirtschaft sind Manifestationen der Kultur, nicht ihr Bestimmungsfaktor;Oswald Spengler;Der Untergang des Abendlandes, Band I, 1918;Oswaldus Spengler;"Filósofo e historiador alemán, autor de ""La decadencia de Occidente"".";"Philosophus et historicus Germanicus, auctor ""Occidentis Decadentia"".";de;Alemán;Lingua Germanica;Alemania;Germania;Edad Contemporánea;Aetas Contemporanea;https://i.ibb.co/jFsMGCC/spengler.png;0
98;En un lugar de la Mancha, de cuyo nombre no quiero acordarme…;In loco Manche, cuius nomen nolo meminisse…;En un lugar de la Mancha, de cuyo nombre no quiero acordarme…;Miguel de Cervantes;Don Quijote de la Mancha, Primera Parte, 1605;Michael Cervantes;"Novelista, poeta y dramaturgo español, autor de ""Don Quijote de la Mancha"".";"Scriba, poeta et dramatist Hispanicus, auctor ""Don Quixote de la Mancha"".";es;Español;Lingua Hispanica;España;Hispania;Edad Moderna;Nova Aetas;https://i.ibb.co/7d8RNgBb/cervantes.png;0
99;El que lee mucho y anda mucho, ve mucho y sabe mucho;Qui multum legit et multum ambulat, multum videt et multum scit;El que lee mucho y anda mucho, ve mucho y sabe mucho;Miguel de Cervantes;Don Quijote de la Mancha, Primera Parte, Capítulo X;Michael Cervantes;"Novelista, poeta y dramaturgo español, autor de ""Don Quijote de la Mancha"".";"Scriba, poeta et dramatist Hispanicus, auctor ""Don Quixote de la Mancha"".";es;Español;Lingua Hispanica;España;Hispania;Edad Moderna;Nova Aetas;https://i.ibb.co/7d8RNgBb/cervantes.png;0
100;La pluma es la lengua del alma;Calamus lingua animae est;La pluma es la lengua del alma;Miguel de Cervantes;Novelas ejemplares, 1613;Michael Cervantes;"Novelista, poeta y dramaturgo español, autor de ""Don Quijote de la Mancha"".";"Scriba, poeta et dramatist Hispanicus, auctor ""Don Quixote de la Mancha"".";es;Español;Lingua Hispanica;España;Hispania;Edad Moderna;Nova Aetas;https://i.ibb.co/7d8RNgBb/cervantes.png;0
101;Nunca pares de procurar ser mejor;Numquam desine melius esse quaerere;Nunca pares de procurar ser mejor;Miguel de Cervantes;Novelas ejemplares, 1613;Michael Cervantes;"Novelista, poeta y dramaturgo español, autor de ""Don Quijote de la Mancha"".";"Scriba, poeta et dramatist Hispanicus, auctor ""Don Quixote de la Mancha"".";es;Español;Lingua Hispanica;España;Hispania;Edad Moderna;Nova Aetas;https://i.ibb.co/7d8RNgBb/cervantes.png;0
102;Cada uno es como Dios le hizo, y aun peor muchas veces;Unusquisque est sicut Deus fecit, et saepe peior;Cada uno es como Dios le hizo, y aun peor muchas veces;Miguel de Cervantes;Don Quijote de la Mancha, Primera Parte, Capítulo XIX;Michael Cervantes;"Novelista, poeta y dramaturgo español, autor de ""Don Quijote de la Mancha"".";"Scriba, poeta et dramatist Hispanicus, auctor ""Don Quixote de la Mancha"".";es;Español;Lingua Hispanica;España;Hispania;Edad Moderna;Nova Aetas;https://i.ibb.co/7d8RNgBb/cervantes.png;0
103;No es más que un sueño lo que se sueña en la vida;Somnium solum est quod in vita somniatur;No es más que un sueño lo que se sueña en la vida;Miguel de Cervantes;Don Quijote de la Mancha, Primera Parte, Capítulo XXVIII;Michael Cervantes;"Novelista, poeta y dramaturgo español, autor de ""Don Quijote de la Mancha"".";"Scriba, poeta et dramatist Hispanicus, auctor ""Don Quixote de la Mancha"".";es;Español;Lingua Hispanica;España;Hispania;Edad Moderna;Nova Aetas;https://i.ibb.co/7d8RNgBb/cervantes.png;0
104;La libertad, Sancho, es uno de los más preciosos dones que a los hombres dieron los cielos;Libertas, Sancho, donum pretiosissimum est quod caelum hominibus dedit;La libertad, Sancho, es uno de los más preciosos dones que a los hombres dieron los cielos;Miguel de Cervantes;Don Quijote de la Mancha, Primera Parte, Capítulo XX;Michael Cervantes;"Novelista, poeta y dramaturgo español, autor de ""Don Quijote de la Mancha"".";"Scriba, poeta et dramatist Hispanicus, auctor ""Don Quixote de la Mancha"".";es;Español;Lingua Hispanica;España;Hispania;Edad Moderna;Nova Aetas;https://i.ibb.co/7d8RNgBb/cervantes.png;0
105;Dulcinea del Toboso, señora de mi pensamiento;Dulcinea Tobosi, domina cogitationum mearum;Dulcinea del Toboso, señora de mi pensamiento;Miguel de Cervantes;Don Quijote de la Mancha, Primera Parte, Capítulo XIII;Michael Cervantes;"Novelista, poeta y dramaturgo español, autor de ""Don Quijote de la Mancha"".";"Scriba, poeta et dramatist Hispanicus, auctor ""Don Quixote de la Mancha"".";es;Español;Lingua Hispanica;España;Hispania;Edad Moderna;Nova Aetas;https://i.ibb.co/7d8RNgBb/cervantes.png;0
106;Cambiar la tristeza en contento es la más sabrosa medicina del alma;Tristitiam in laetitiam mutare est medicamentum animae sapidissimum;Cambiar la tristeza en contento es la más sabrosa medicina del alma;Miguel de Cervantes;Don Quijote de la Mancha, Primera Parte, Capítulo XX;Michael Cervantes;"Novelista, poeta y dramaturgo español, autor de ""Don Quijote de la Mancha"".";"Scriba, poeta et dramatist Hispanicus, auctor ""Don Quixote de la Mancha"".";es;Español;Lingua Hispanica;España;Hispania;Edad Moderna;Nova Aetas;https://i.ibb.co/7d8RNgBb/cervantes.png;0
107;Conócete, acéptate, supérate;Nosce te, accipe te, supera te;Nosce te, accipe te, supera te;San Agustín;San Agustín, Confessiones, Lib. X, cap. 8;Aurelius Augustinus;Filósofo y teólogo cristiano.;Philosophus et theologus Christianus.;la;Latín;Lingua Latina;Roma;Roma;Edad Antigua;Antiquitas;https://i.ibb.co/chhLXqTZ/agustin.png;0
108;La educación es el arma más poderosa que puedes usar para cambiar el mundo;Educatio potentissimum telum est ad mundum mutandum.;Education is the most powerful weapon which you can use to change the world;Nelson Mandela;Nelson Mandela, Discurso en la Universidad de Pretoria, 2003;Nelsonus Mandela;Político y activista sudafricano, primer presidente negro de Sudáfrica y líder contra el apartheid.;Politicus et activist Africanus Australis, primus praeses niger et apartheid adversator.;en;Inglés;Lingua Anglica;Sudáfrica;Africa Australis;Edad Contemporánea;Aetas Contemporanea;https://i.ibb.co/qYBzbNJH/mandela.png;0
109;La verdadera educación consiste en obtener lo mejor de uno mismo;Vera educatio consistit in optimo ex se ipsis obtinendo;The true education consists in getting the best out of oneself;Mahatma Gandhi;Young India, 1921;Mohandas Gandhi;Líder político y espiritual de India, impulsor de la resistencia no violenta.;Dux politicis et spiritualis Indiae, resistentiam non violentam promovere.;en;Inglés;Lingua Anglica;India;India;Edad Contemporánea;Aetas Contemporanea;https://i.ibb.co/hFVyv04H/gandhi.png;0
110;La educación es lo que queda después de olvidar lo que se ha aprendido en la escuela;Educatio remanet postquam obliviscimur quod in schola didicimus;Education is what remains after one has forgotten what one has learned in school;Albert Einstein;Autobiographical Notes, 1949;Albertus Einstein;Físico teórico alemán, desarrolló la teoría de la relatividad.;Physicus theoreticus Germanicus, theoriam relativitatis excogitavit.;en;Inglés;Lingua Anglica;Alemania;Germania;Edad Contemporánea;Aetas Contemporanea;https://i.ibb.co/XkSxyZyF/einstein.png;0
111;La función de la educación es enseñar a pensar intensamente y críticamente. Inteligencia más carácter: ese es el objetivo de la verdadera educación;Munus educationis est docere cogitare intense et critice. Ingenium cum moribus – hoc est finis verae educationis;The function of education is to teach one to think intensively and to think critically. Intelligence plus character – that is the goal of true education;Martin Luther King Jr.;The Purpose of Education, 1947;Martin Luther King;Líder del movimiento por los derechos civiles en Estados Unidos y activista por la igualdad racial.;Dux iurium civilium et activist aequalitatis racialium in Civitatibus Foederatis.;en;Inglés;Lingua Anglica;Estados Unidos;Civitates Foederatae Americae;Edad Contemporánea;Aetas Contemporanea;https://i.ibb.co/GBYRvH9/king.png;0
112;"La educación no es preparación para la vida; la educación es la vida en sí misma";"Educatio non est praeparatio ad vitam; educatio ipsa vita est";"Education is not preparation for life; education is life itself";John Dewey;Democracy and Education, 1916;Ioannes Dewey;Filósofo y pedagogo estadounidense, defensor de la educación progresista.;Philosophus et paedagogus Americanus, educationem progressivam defendens.;en;Inglés;Lingua Anglica;Estados Unidos;Civitates Foederatae Americae;Edad Contemporánea;Aetas Contemporanea;https://i.ibb.co/C5cSzJyL/dewey.png;0
113;Una inversión en conocimiento paga el mejor interés;Investitio in scientia optimum redditum praestat;An investment in knowledge pays the best interest;Benjamin Franklin;Poor Richard's Almanack, 1758;Benjaminus Franklin;Político, científico y escritor estadounidense, uno de los Padres Fundadores de Estados Unidos.;Politicus, sapiens et scriptor Americanus, unus ex Patribus Fundatoribus.;en;Inglés;Lingua Anglica;Estados Unidos;Civitates Foederatae Americae;Edad Moderna;Nova Aetas;https://i.ibb.co/d08LLy25/franklin.png;0
114;El aprendizaje nunca cansa a la mente;Disciplina animi numquam defatigat;Apprendimento non stanca mai la mente;Leonardo Da Vinci;Codex Atlanticus, f. 80r;Leonardus Vincius;Artista, inventor y científico italiano del Renacimiento.;Artifex, inventor et physicus Italicus Renaissance.;la;Latín;Lingua Latina;Italia;Italia;Edad Media;Medium Aevum;https://i.ibb.co/prKj8Gtz/davinci.png;0
115;"Aprender sin pensar es esfuerzo perdido; pensar sin aprender, peligroso";"Discere sine cogitatione inutile est; cogitare sine discendo periculosum est";學而不思則罔，思而不學則殆;Confucio;Analecta (論語), Liber II, Cap. XV;Confucius;Filósofo y maestro chino, fundador del confucianismo. Sus enseñanzas influyeron profundamente en la cultura, ética y política de China.;Philosophus et magister Sinensis, confucianismi conditor. Doctrinae eius in culturam, ethicam et politicam Sinensem profunde influentes.;zh;Chino;Lingua Sinica;China;Sinae;Edad Antigua;Antiquitas;https://i.ibb.co/tjXTLg8/confucio.png;0
116;Un niño sin educación es como un pájaro sin alas;Infans sine educatione quasi avis sine alis est;ཕྱི་ལོག་མི་སློབ་དང་མི་བྱེད་པ་ནི་སྤྱོད་པ་མ་འགྱོ་བའི་བྱེད་སྒོ་འདུག;Proverbio Tibetano;;Proverbium Tibetanum;Proverbios de la tradición tibetana inspirados en la filosofía budista, centrados en la compasión, la impermanencia y el equilibrio interior.;Collectio sententiarum Tibeticarum.;bo;Tibetano;Lingua Tibetica;Tíbet;Thibetum;Epoca Desconocida;Epocha Ignota;https://i.ibb.co/G4YNT7DT/tibet.png;0
117;El principio de todas las cosas es el agua;Principium omnium rerum aqua est;ἀρχὴ τῶν ὄντων τὸ ὕδωρ;Tales de Mileto;Fragmentum 1 (DK 11 A1);Thales Miletaeus;Filósofo griego presocrático de Mileto, considerado el primer filósofo de Occidente y uno de los Siete Sabios. Predijo el eclipse solar del 585 a.C. y propuso que el agua es la sustancia primordial.;Philosophus Graecus Praesocraticus Miletaeus, primus philosophus Occidentis et unus ex Septem Sapientibus. Praedixit eclipsis solis anno 585 a.C. et aquam substantiam primordialem proposuit.;el;Griego;Lingua Graeca;Grecia;Graecia;Edad Antigua;Antiquitas;https://i.ibb.co/qLzHP6XJ/tales.png;0
118;Todo está lleno de dioses;Omnia diis plena sunt;πάντα πλήρη θεῶν;Tales de Mileto;Fragmentum 2 (DK 11 A2);Thales Miletaeus;Filósofo griego presocrático de Mileto, considerado el primer filósofo de Occidente y uno de los Siete Sabios. Predijo el eclipse solar del 585 a.C. y propuso que el agua es la sustancia primordial.;Philosophus Graecus Praesocraticus Miletaeus, primus philosophus Occidentis et unus ex Septem Sapientibus. Praedixit eclipsis solis anno 585 a.C. et aquam substantiam primordialem proposuit.;el;Griego;Lingua Graeca;Grecia;Graecia;Edad Antigua;Antiquitas;https://i.ibb.co/qLzHP6XJ/tales.png;0
119;El cosmos está animado;Mundus animatus est;ὁ κόσμος ἔμψυχός ἐστι;Tales de Mileto;Fragmentum 3 (DK 11 A3);Thales Miletaeus;Filósofo griego presocrático de Mileto, considerado el primer filósofo de Occidente y uno de los Siete Sabios. Predijo el eclipse solar del 585 a.C. y propuso que el agua es la sustancia primordial.;Philosophus Graecus Praesocraticus Miletaeus, primus philosophus Occidentis et unus ex Septem Sapientibus. Praedixit eclipsis solis anno 585 a.C. et aquam substantiam primordialem proposuit.;el;Griego;Lingua Graeca;Grecia;Graecia;Edad Antigua;Antiquitas;https://i.ibb.co/qLzHP6XJ/tales.png;0
120;El alma mueve los cuerpos;Anima corpora movet;ψυχὴ κινεῖ τὰ σώματα;Tales de Mileto;Fragmentum 4 (DK 11 A4);Thales Miletaeus;Filósofo griego presocrático de Mileto, considerado el primer filósofo de Occidente y uno de los Siete Sabios. Predijo el eclipse solar del 585 a.C. y propuso que el agua es la sustancia primordial.;Philosophus Graecus Praesocraticus Miletaeus, primus philosophus Occidentis et unus ex Septem Sapientibus. Praedixit eclipsis solis anno 585 a.C. et aquam substantiam primordialem proposuit.;el;Griego;Lingua Graeca;Grecia;Graecia;Edad Antigua;Antiquitas;https://i.ibb.co/qLzHP6XJ/tales.png;0
121;Todo procede de lo uno;Omnia ex uno procedunt;τὸ πᾶν ἐκ τοῦ ἑνός;Tales de Mileto;Fragmentum 5 (DK 11 A5);Thales Miletaeus;Filósofo griego presocrático de Mileto, considerado el primer filósofo de Occidente y uno de los Siete Sabios. Predijo el eclipse solar del 585 a.C. y propuso que el agua es la sustancia primordial.;Philosophus Graecus Praesocraticus Miletaeus, primus philosophus Occidentis et unus ex Septem Sapientibus. Praedixit eclipsis solis anno 585 a.C. et aquam substantiam primordialem proposuit.;el;Griego;Lingua Graeca;Grecia;Graecia;Edad Antigua;Antiquitas;https://i.ibb.co/qLzHP6XJ/tales.png;0
122;Lo divino no tiene principio ni fin;Divinum nec principium nec finem habet;τὸ θεῖον οὔτε ἀρχὴν οὔτε τέλος ἔχει;Tales de Mileto;Fragmentum 6 (DK 11 A6);Thales Miletaeus;Filósofo griego presocrático de Mileto, considerado el primer filósofo de Occidente y uno de los Siete Sabios. Predijo el eclipse solar del 585 a.C. y propuso que el agua es la sustancia primordial.;Philosophus Graecus Praesocraticus Miletaeus, primus philosophus Occidentis et unus ex Septem Sapientibus. Praedixit eclipsis solis anno 585 a.C. et aquam substantiam primordialem proposuit.;el;Griego;Lingua Graeca;Grecia;Graecia;Edad Antigua;Antiquitas;https://i.ibb.co/qLzHP6XJ/tales.png;0
123;Lo más poderoso es la necesidad;Necessitas potentissima est;ἰσχυρότατον ἀνάγκη;Tales de Mileto;Fragmentum 7 (DK 11 A7);Thales Miletaeus;Filósofo griego presocrático de Mileto, considerado el primer filósofo de Occidente y uno de los Siete Sabios. Predijo el eclipse solar del 585 a.C. y propuso que el agua es la sustancia primordial.;Philosophus Graecus Praesocraticus Miletaeus, primus philosophus Occidentis et unus ex Septem Sapientibus. Praedixit eclipsis solis anno 585 a.C. et aquam substantiam primordialem proposuit.;el;Griego;Lingua Graeca;Grecia;Graecia;Edad Antigua;Antiquitas;https://i.ibb.co/qLzHP6XJ/tales.png;0
124;El tiempo es lo más sabio;Tempus sapientissimum est;χρόνος σοφώτατος;Tales de Mileto;Fragmentum 8 (DK 11 A8);Thales Miletaeus;Filósofo griego presocrático de Mileto, considerado el primer filósofo de Occidente y uno de los Siete Sabios. Predijo el eclipse solar del 585 a.C. y propuso que el agua es la sustancia primordial.;Philosophus Graecus Praesocraticus Miletaeus, primus philosophus Occidentis et unus ex Septem Sapientibus. Praedixit eclipsis solis anno 585 a.C. et aquam substantiam primordialem proposuit.;el;Griego;Lingua Graeca;Grecia;Graecia;Edad Antigua;Antiquitas;https://i.ibb.co/qLzHP6XJ/tales.png;0
125;Conócete a ti mismo;Te ipsum nosce;γνῶθι σαυτόν;Tales de Mileto;Fragmentum 9 (DK 11 A9);Thales Miletaeus;Filósofo griego presocrático de Mileto, considerado el primer filósofo de Occidente y uno de los Siete Sabios. Predijo el eclipse solar del 585 a.C. y propuso que el agua es la sustancia primordial.;Philosophus Graecus Praesocraticus Miletaeus, primus philosophus Occidentis et unus ex Septem Sapientibus. Praedixit eclipsis solis anno 585 a.C. et aquam substantiam primordialem proposuit.;el;Griego;Lingua Graeca;Grecia;Graecia;Edad Antigua;Antiquitas;https://i.ibb.co/qLzHP6XJ/tales.png;0
126;No te enriquezcas injustamente;Ne iniuste locupleteris;μὴ πλούτει κακῶς;Tales de Mileto;Fragmentum 10 (DK 11 A10);Thales Miletaeus;Filósofo griego presocrático de Mileto, considerado el primer filósofo de Occidente y uno de los Siete Sabios. Predijo el eclipse solar del 585 a.C. y propuso que el agua es la sustancia primordial.;Philosophus Graecus Praesocraticus Miletaeus, primus philosophus Occidentis et unus ex Septem Sapientibus. Praedixit eclipsis solis anno 585 a.C. et aquam substantiam primordialem proposuit.;el;Griego;Lingua Graeca;Grecia;Graecia;Edad Antigua;Antiquitas;https://i.ibb.co/qLzHP6XJ/tales.png;0
127;La muerte no es nada para nosotros;Mors nihil ad nos pertinet;Μηδὲν πρὸς ἡμᾶς ὁ θάνατος;Epicuro;Lettera a Meneceo, DK 31 B 1;Epicurus;Filósofo griego de la Edad Antigua, fundador del epicureísmo, que defendía la búsqueda racional del placer moderado como camino a la felicidad.;Philosophus Graecus Antiquitatis, scholae Epicureae conditor, qui voluptatem moderatam ratione quaesitam viam ad felicitatem esse docebat.;el;Griego;Lingua Graeca;Grecia;Graecia;Edad Antigua;Antiquitas;https://i.ibb.co/dsQnnqJw/epicuro.png;0
128;Poco basta al sabio;Sapienti parvum satis est;Ἀρκέσει μικρὸν τῷ σοφῷ;Epicuro;Lettera a Meneceo, DK 31 B 2;Epicurus;Filósofo griego de la Edad Antigua, fundador del epicureísmo, que defendía la búsqueda racional del placer moderado como camino a la felicidad.;Philosophus Graecus Antiquitatis, scholae Epicureae conditor, qui voluptatem moderatam ratione quaesitam viam ad felicitatem esse docebat.;el;Griego;Lingua Graeca;Grecia;Graecia;Edad Antigua;Antiquitas;https://i.ibb.co/dsQnnqJw/epicuro.png;0
129;El placer es principio y fin de la vida feliz;Voluptas principium et finis vitae beatae est;ἡδονὴ ἀρχὴ καὶ τέλος τοῦ μακαρίου βίου;Epicuro;Lettera a Meneceo, DK 31 B 3;Epicurus;Filósofo griego de la Edad Antigua, fundador del epicureísmo, que defendía la búsqueda racional del placer moderado como camino a la felicidad.;Philosophus Graecus Antiquitatis, scholae Epicureae conditor, qui voluptatem moderatam ratione quaesitam viam ad felicitatem esse docebat.;el;Griego;Lingua Graeca;Grecia;Graecia;Edad Antigua;Antiquitas;https://i.ibb.co/dsQnnqJw/epicuro.png;0
130;No la mayor riqueza, sino la que basta;Non maxima divitia, sed sufficiens;οὐχ ὁ πλεῖστος πλοῦτος, ἀλλ᾽ ὁ ὀλίγος ἀρκῶν;Epicuro;Lettera a Meneceo, DK 31 B 4;Epicurus;Filósofo griego de la Edad Antigua, fundador del epicureísmo, que defendía la búsqueda racional del placer moderado como camino a la felicidad.;Philosophus Graecus Antiquitatis, scholae Epicureae conditor, qui voluptatem moderatam ratione quaesitam viam ad felicitatem esse docebat.;el;Griego;Lingua Graeca;Grecia;Graecia;Edad Antigua;Antiquitas;https://i.ibb.co/dsQnnqJw/epicuro.png;0
131;La prudencia es el mayor bien;Prudentia summum bonum est;ἡ φρόνησις μέγιστον ἀγαθόν;Epicuro;Lettera a Meneceo, DK 31 B 5;Epicurus;Filósofo griego de la Edad Antigua, fundador del epicureísmo, que defendía la búsqueda racional del placer moderado como camino a la felicidad.;Philosophus Graecus Antiquitatis, scholae Epicureae conditor, qui voluptatem moderatam ratione quaesitam viam ad felicitatem esse docebat.;el;Griego;Lingua Graeca;Grecia;Graecia;Edad Antigua;Antiquitas;https://i.ibb.co/dsQnnqJw/epicuro.png;0
132;No hay que temer a los dioses;Diis timendum non est;οὐ δεῖ φοβεῖσθαι τοὺς θεούς;Epicuro;Lettera a Meneceo, DK 31 B 6;Epicurus;Filósofo griego de la Edad Antigua, fundador del epicureísmo, que defendía la búsqueda racional del placer moderado como camino a la felicidad.;Philosophus Graecus Antiquitatis, scholae Epicureae conditor, qui voluptatem moderatam ratione quaesitam viam ad felicitatem esse docebat.;el;Griego;Lingua Graeca;Grecia;Graecia;Edad Antigua;Antiquitas;https://i.ibb.co/dsQnnqJw/epicuro.png;0
133;El dolor es breve o soportable;Dolor brevis aut levis est;ὁ πόνος βραχύς ἢ ἐλαφρός;Epicuro;Lettera a Meneceo, DK 31 B 7;Epicurus;Filósofo griego de la Edad Antigua, fundador del epicureísmo, que defendía la búsqueda racional del placer moderado como camino a la felicidad.;Philosophus Graecus Antiquitatis, scholae Epicureae conditor, qui voluptatem moderatam ratione quaesitam viam ad felicitatem esse docebat.;el;Griego;Lingua Graeca;Grecia;Graecia;Edad Antigua;Antiquitas;https://i.ibb.co/dsQnnqJw/epicuro.png;0
134;La amistad es el mayor bien de la vida;Amicitia summum vitae bonum est;φιλία μέγιστον τῆς ζωῆς ἀγαθόν;Epicuro;Lettera a Meneceo, DK 31 B 8;Epicurus;Filósofo griego de la Edad Antigua, fundador del epicureísmo, que defendía la búsqueda racional del placer moderado como camino a la felicidad.;Philosophus Graecus Antiquitatis, scholae Epicureae conditor, qui voluptatem moderatam ratione quaesitam viam ad felicitatem esse docebat.;el;Griego;Lingua Graeca;Grecia;Graecia;Edad Antigua;Antiquitas;https://i.ibb.co/dsQnnqJw/epicuro.png;0
135;La felicidad no está en el lujo;Felicitas non in luxu est;οὐκ ἐν πολυτελείᾳ ἡ εὐδαιμονία;Epicuro;Lettera a Meneceo, DK 31 B 9;Epicurus;Filósofo griego de la Edad Antigua, fundador del epicureísmo, que defendía la búsqueda racional del placer moderado como camino a la felicidad.;Philosophus Graecus Antiquitatis, scholae Epicureae conditor, qui voluptatem moderatam ratione quaesitam viam ad felicitatem esse docebat.;el;Griego;Lingua Graeca;Grecia;Graecia;Edad Antigua;Antiquitas;https://i.ibb.co/dsQnnqJw/epicuro.png;0
136;La riqueza natural es limitada;Naturalis divitia finita est;ὁ πλοῦτος τῆς φύσεως ὁριστός;Epicuro;Lettera a Meneceo, DK 31 B 10;Epicurus;Filósofo griego de la Edad Antigua, fundador del epicureísmo, que defendía la búsqueda racional del placer moderado como camino a la felicidad.;Philosophus Graecus Antiquitatis, scholae Epicureae conditor, qui voluptatem moderatam ratione quaesitam viam ad felicitatem esse docebat.;el;Griego;Lingua Graeca;Grecia;Graecia;Edad Antigua;Antiquitas;https://i.ibb.co/dsQnnqJw/epicuro.png;0
137;Tu vida la hacen tus pensamientos;Vitam tuam opiniones tuae faciunt;Τὸν βίον σου ποιοῦνται αἱ ὑπολήψεις σου;Marco Aurelio;Meditationes, Liber IV, §3;Marcus Aurelius;Emperador romano y filósofo estoico de la Edad Antigua, autor de las “Meditaciones”, obra clave del estoicismo práctico.;Imperator Romanus et philosophus Stoicus Antiquitatis, auctor “Meditationum”, operis maximi in praxi Stoica.;el;Griego;Lingua Graeca;Roma;Roma;Edad Antigua;Antiquitas;https://i.ibb.co/0p8F8QbX/marcoaurelio.png;0
138;No te perturben las cosas externas;Res externae te non perturbent;Μὴ ταράττεσθαι τὰ ἔξωθεν;Marco Aurelio;Meditationes, Liber XII, §30;Marcus Aurelius;Emperador romano y filósofo estoico de la Edad Antigua, autor de las “Meditaciones”, obra clave del estoicismo práctico.;Imperator Romanus et philosophus Stoicus Antiquitatis, auctor “Meditationum”, operis maximi in praxi Stoica.;el;Griego;Lingua Graeca;Roma;Roma;Edad Antigua;Antiquitas;https://i.ibb.co/0p8F8QbX/marcoaurelio.png;0
139;Vivir conforme a la naturaleza;Secundum naturam vivere;Ζῆν κατὰ φύσιν;Marco Aurelio;Meditationes, Liber VI, §16;Marcus Aurelius;Emperador romano y filósofo estoico de la Edad Antigua, autor de las “Meditaciones”, obra clave del estoicismo práctico.;Imperator Romanus et philosophus Stoicus Antiquitatis, auctor “Meditationum”, operis maximi in praxi Stoica.;el;Griego;Lingua Graeca;Roma;Roma;Edad Antigua;Antiquitas;https://i.ibb.co/0p8F8QbX/marcoaurelio.png;0
140;Todo sucede justamente;Omnia iuste fiunt;Ὅ,τι συμβαίνει, δικαίως συμβαίνει;Marco Aurelio;Meditationes, Liber VIII, §36;Marcus Aurelius;Emperador romano y filósofo estoico de la Edad Antigua, autor de las “Meditaciones”, obra clave del estoicismo práctico.;Imperator Romanus et philosophus Stoicus Antiquitatis, auctor “Meditationum”, operis maximi in praxi Stoica.;el;Griego;Lingua Graeca;Roma;Roma;Edad Antigua;Antiquitas;https://i.ibb.co/0p8F8QbX/marcoaurelio.png;0
141;El ser humano es pariente del ser humano;Homo homini cognatus est;ἄνθρωπος ἀνθρώπῳ συγγενής;Marco Aurelio;Meditationes, Liber II, §1;Marcus Aurelius;Emperador romano y filósofo estoico de la Edad Antigua, autor de las “Meditaciones”, obra clave del estoicismo práctico.;Imperator Romanus et philosophus Stoicus Antiquitatis, auctor “Meditationum”, operis maximi in praxi Stoica.;el;Griego;Lingua Graeca;Roma;Roma;Edad Antigua;Antiquitas;https://i.ibb.co/0p8F8QbX/marcoaurelio.png;0
142;Vivir poco, pero bien;Parum vivere, sed bene;ὀλίγον ζῆν, ἀλλὰ καλῶς;Marco Aurelio;Meditationes, Liber VII, §11;Marcus Aurelius;Emperador romano y filósofo estoico de la Edad Antigua, autor de las “Meditaciones”, obra clave del estoicismo práctico.;Imperator Romanus et philosophus Stoicus Antiquitatis, auctor “Meditationum”, operis maximi in praxi Stoica.;el;Griego;Lingua Graeca;Roma;Roma;Edad Antigua;Antiquitas;https://i.ibb.co/0p8F8QbX/marcoaurelio.png;0
143;La felicidad está dentro;Felicitas intus est;ἔνδον ἡ εὐδαιμονία;Marco Aurelio;Meditationes, Liber VI, §48;Marcus Aurelius;Emperador romano y filósofo estoico de la Edad Antigua, autor de las “Meditaciones”, obra clave del estoicismo práctico.;Imperator Romanus et philosophus Stoicus Antiquitatis, auctor “Meditationum”, operis maximi in praxi Stoica.;el;Griego;Lingua Graeca;Roma;Roma;Edad Antigua;Antiquitas;https://i.ibb.co/0p8F8QbX/marcoaurelio.png;0
144;Todo es transitorio;Omnia transitoria sunt;πᾶν παροδικόν;Marco Aurelio;Meditationes, Liber IV, §3;Marcus Aurelius;Emperador romano y filósofo estoico de la Edad Antigua, autor de las “Meditaciones”, obra clave del estoicismo práctico.;Imperator Romanus et philosophus Stoicus Antiquitatis, auctor “Meditationum”, operis maximi in praxi Stoica.;el;Griego;Lingua Graeca;Roma;Roma;Edad Antigua;Antiquitas;https://i.ibb.co/0p8F8QbX/marcoaurelio.png;0
145;Recuerdo de la muerte;Memoria mortis;μνήμη θανάτου;Marco Aurelio;Meditationes, Liber VII, §56;Marcus Aurelius;Emperador romano y filósofo estoico de la Edad Antigua, autor de las “Meditaciones”, obra clave del estoicismo práctico.;Imperator Romanus et philosophus Stoicus Antiquitatis, auctor “Meditationum”, operis maximi in praxi Stoica.;el;Griego;Lingua Graeca;Roma;Roma;Edad Antigua;Antiquitas;https://i.ibb.co/0p8F8QbX/marcoaurelio.png;0
146;La virtud se basta a sí misma;Virtus sibi sufficit;ἡ ἀρετὴ αὐτάρκης;Marco Aurelio;Meditationes, Liber VI, §30;Marcus Aurelius;Emperador romano y filósofo estoico de la Edad Antigua, autor de las “Meditaciones”, obra clave del estoicismo práctico.;Imperator Romanus et philosophus Stoicus Antiquitatis, auctor “Meditationum”, operis maximi in praxi Stoica.;el;Griego;Lingua Graeca;Roma;Roma;Edad Antigua;Antiquitas;https://i.ibb.co/0p8F8QbX/marcoaurelio.png;0
147;La vida no examinada no merece ser vivida;Vita non examinata non est digna;Ἀνεξέταστος βίος οὐ βιωτὸς;Platón;Apologia Socratis, 38a;Plato;Filósofo griego de la Edad Antigua, discípulo de Sócrates y maestro de Aristóteles, fundador de la Academia de Atenas.;Philosophus Graecus Antiquitatis, discipulus Socratis et magister Aristotelis, Academiae Atheniensis conditor.;el;Griego;Lingua Graeca;Grecia;Graecia;Edad Antigua;Antiquitas;https://i.ibb.co/VcxD11Wm/platon.png;0
148;Nadie es malo voluntariamente;Nemo sponte malus est;Οὐδεὶς ἑκὼν κακός;Platón;Protagoras, 360 a.C.;Plato;Filósofo griego de la Edad Antigua, discípulo de Sócrates y maestro de Aristóteles, fundador de la Academia de Atenas.;Philosophus Graecus Antiquitatis, discipulus Socratis et magister Aristotelis, Academiae Atheniensis conditor.;el;Griego;Lingua Graeca;Grecia;Graecia;Edad Antigua;Antiquitas;https://i.ibb.co/VcxD11Wm/platon.png;0
149;La justicia es armonía del alma;Iustitia harmonia animae est;ἡ δικαιοσύνη ἁρμονία ψυχῆς;Platón;Respublica, Liber IV, 427a;Plato;Filósofo griego de la Edad Antigua, discípulo de Sócrates y maestro de Aristóteles, fundador de la Academia de Atenas.;Philosophus Graecus Antiquitatis, discipulus Socratis et magister Aristotelis, Academiae Atheniensis conditor.;el;Griego;Lingua Graeca;Grecia;Graecia;Edad Antigua;Antiquitas;https://i.ibb.co/VcxD11Wm/platon.png;0
150;La educación es un segundo sol;Educatio alter sol est;ἡ παιδεία δεύτερος ἥλιος;Platón;Respublica, Liber VII, 518b;Plato;Filósofo griego de la Edad Antigua, discípulo de Sócrates y maestro de Aristóteles, fundador de la Academia de Atenas.;Philosophus Graecus Antiquitatis, discipulus Socratis et magister Aristotelis, Academiae Atheniensis conditor.;el;Griego;Lingua Graeca;Grecia;Graecia;Edad Antigua;Antiquitas;https://i.ibb.co/VcxD11Wm/platon.png;0
151;La filosofía es preparación para la muerte;Philosophia mortis meditatio est;ἡ φιλοσοφία μελέτη θανάτου;Platón;Phaedo, 64a;Plato;Filósofo griego de la Edad Antigua, discípulo de Sócrates y maestro de Aristóteles, fundador de la Academia de Atenas.;Philosophus Graecus Antiquitatis, discipulus Socratis et magister Aristotelis, Academiae Atheniensis conditor.;el;Griego;Lingua Graeca;Grecia;Graecia;Edad Antigua;Antiquitas;https://i.ibb.co/VcxD11Wm/platon.png;0
152;El alma es inmortal;Anima immortalis est;ἡ ψυχὴ ἀθάνατος;Platón;Phaedo, 70d;Plato;Filósofo griego de la Edad Antigua, discípulo de Sócrates y maestro de Aristóteles, fundador de la Academia de Atenas.;Philosophus Graecus Antiquitatis, discipulus Socratis et magister Aristotelis, Academiae Atheniensis conditor.;el;Griego;Lingua Graeca;Grecia;Graecia;Edad Antigua;Antiquitas;https://i.ibb.co/VcxD11Wm/platon.png;0
153;El Bien es el mayor conocimiento;Bonum maximum studium est;τὸ ἀγαθὸν μέγιστον μάθημα;Platón;Respublica, Liber VI, 509b;Plato;Filósofo griego de la Edad Antigua, discípulo de Sócrates y maestro de Aristóteles, fundador de la Academia de Atenas.;Philosophus Graecus Antiquitatis, discipulus Socratis et magister Aristotelis, Academiae Atheniensis conditor.;el;Griego;Lingua Graeca;Grecia;Graecia;Edad Antigua;Antiquitas;https://i.ibb.co/VcxD11Wm/platon.png;0
154;Amor de lo bello;Amor pulchri;ἔρως τοῦ καλοῦ;Platón;Symposium, 206a;Plato;Filósofo griego de la Edad Antigua, discípulo de Sócrates y maestro de Aristóteles, fundador de la Academia de Atenas.;Philosophus Graecus Antiquitatis, discipulus Socratis et magister Aristotelis, Academiae Atheniensis conditor.;el;Griego;Lingua Graeca;Grecia;Graecia;Edad Antigua;Antiquitas;https://i.ibb.co/VcxD11Wm/platon.png;0
155;La ciudad es imagen del alma;Civitas animae imago est;πόλις ψυχῆς εἰκών;Platón;Respublica, Liber IV, 435a;Plato;Filósofo griego de la Edad Antigua, discípulo de Sócrates y maestro de Aristóteles, fundador de la Academia de Atenas.;Philosophus Graecus Antiquitatis, discipulus Socratis et magister Aristotelis, Academiae Atheniensis conditor.;el;Griego;Lingua Graeca;Grecia;Graecia;Edad Antigua;Antiquitas;https://i.ibb.co/VcxD11Wm/platon.png;0
156;La sabiduría es virtud;Sapientia virtus est;σοφία ἀρετή;Platón;Respublica, Liber VI, 505a;Plato;Filósofo griego de la Edad Antigua, discípulo de Sócrates y maestro de Aristóteles, fundador de la Academia de Atenas.;Philosophus Graecus Antiquitatis, discipulus Socratis et magister Aristotelis, Academiae Atheniensis conditor.;el;Griego;Lingua Graeca;Grecia;Graecia;Edad Antigua;Antiquitas;https://i.ibb.co/VcxD11Wm/platon.png;0
157;El hombre es un animal político;Homo natura animal politicum est;Ὁ ἄνθρωπος φύσει πολιτικὸν ζῷον;Aristóteles;Politica, Liber I, 1253a;Aristoteles;Filósofo griego de la Edad Antigua, discípulo de Platón y maestro de Alejandro Magno, figura central del pensamiento lógico, ético y metafísico.;Philosophus Graecus Antiquitatis, discipulus Platonis et magister Alexandri Magni, pars maxima in logica, ethica et metaphysica.;el;Griego;Lingua Graeca;Grecia;Graecia;Edad Antigua;Antiquitas;https://i.ibb.co/gZpf6w2B/aristoteles.png;0
158;La felicidad es el fin de la vida;Felicitas finis vitae est;ἡ εὐδαιμονία τέλος τῆς ζωῆς;Aristóteles;Ethica Nicomachea, Liber I, 1097a;Aristoteles;Filósofo griego de la Edad Antigua, discípulo de Platón y maestro de Alejandro Magno, figura central del pensamiento lógico, ético y metafísico.;Philosophus Graecus Antiquitatis, discipulus Platonis et magister Alexandri Magni, pars maxima in logica, ethica et metaphysica.;el;Griego;Lingua Graeca;Grecia;Graecia;Edad Antigua;Antiquitas;https://i.ibb.co/gZpf6w2B/aristoteles.png;0
159;La virtud es un hábito electivo;Virtus habitus electivus est;ἡ ἀρετὴ ἕξις προαιρετική;Aristóteles;Ethica Nicomachea, Liber II, 1103a;Aristoteles;Filósofo griego de la Edad Antigua, discípulo de Platón y maestro de Alejandro Magno, figura central del pensamiento lógico, ético y metafísico.;Philosophus Graecus Antiquitatis, discipulus Platonis et magister Alexandri Magni, pars maxima in logica, ethica et metaphysica.;el;Griego;Lingua Graeca;Grecia;Graecia;Edad Antigua;Antiquitas;https://i.ibb.co/gZpf6w2B/aristoteles.png;0
160;El justo medio es lo mejor;Medium optimum est;τὸ μέσον ἄριστον;Aristóteles;Ethica Nicomachea, Liber II, 1107a;Aristoteles;Filósofo griego de la Edad Antigua, discípulo de Platón y maestro de Alejandro Magno, figura central del pensamiento lógico, ético y metafísico.;Philosophus Graecus Antiquitatis, discipulus Platonis et magister Alexandri Magni, pars maxima in logica, ethica et metaphysica.;el;Griego;Lingua Graeca;Grecia;Graecia;Edad Antigua;Antiquitas;https://i.ibb.co/gZpf6w2B/aristoteles.png;0
161;Nada hay en el intelecto que no haya estado antes en los sentidos;Nihil est in intellectu quod non prius fuerit in sensu;οὐθὲν ἐν τῷ νοῒ ὃ μὴ πρότερον ἐν ταῖς αἰσθήσεσιν;Aristóteles;De Anima, Liber III, 430a;Aristoteles;Filósofo griego de la Edad Antigua, discípulo de Platón y maestro de Alejandro Magno, figura central del pensamiento lógico, ético y metafísico.;Philosophus Graecus Antiquitatis, discipulus Platonis et magister Alexandri Magni, pars maxima in logica, ethica et metaphysica.;el;Griego;Lingua Graeca;Grecia;Graecia;Edad Antigua;Antiquitas;https://i.ibb.co/gZpf6w2B/aristoteles.png;0
162;La naturaleza no hace nada en vano;Natura nihil frustra facit;ἡ φύσις οὐδὲν ποιεῖ μάτην;Aristóteles;Physica, Liber II, 198b;Aristoteles;Filósofo griego de la Edad Antigua, discípulo de Platón y maestro de Alejandro Magno, figura central del pensamiento lógico, ético y metafísico.;Philosophus Graecus Antiquitatis, discipulus Platonis et magister Alexandri Magni, pars maxima in logica, ethica et metaphysica.;el;Griego;Lingua Graeca;Grecia;Graecia;Edad Antigua;Antiquitas;https://i.ibb.co/gZpf6w2B/aristoteles.png;0
163;La ciudad existe por naturaleza;Civitas natura est;ἡ πόλις φύσει ἐστίν;Aristóteles;Politica, Liber I, 1252a;Aristoteles;Filósofo griego de la Edad Antigua, discípulo de Platón y maestro de Alejandro Magno, figura central del pensamiento lógico, ético y metafísico.;Philosophus Graecus Antiquitatis, discipulus Platonis et magister Alexandri Magni, pars maxima in logica, ethica et metaphysica.;el;Griego;Lingua Graeca;Grecia;Graecia;Edad Antigua;Antiquitas;https://i.ibb.co/gZpf6w2B/aristoteles.png;0
164;El alma es la forma del cuerpo;Anima forma corporis est;ἡ ψυχὴ εἶδος σώματος;Aristóteles;De Anima, Liber II, 412a;Aristoteles;Filósofo griego de la Edad Antigua, discípulo de Platón y maestro de Alejandro Magno, figura central del pensamiento lógico, ético y metafísico.;Philosophus Graecus Antiquitatis, discipulus Platonis et magister Alexandri Magni, pars maxima in logica, ethica et metaphysica.;el;Griego;Lingua Graeca;Grecia;Graecia;Edad Antigua;Antiquitas;https://i.ibb.co/gZpf6w2B/aristoteles.png;0
165;La prudencia es una virtud intelectual;Prudentia virtus intellectualis est;ἡ φρόνησις ἀρετὴ διανοητική;Aristóteles;Ethica Nicomachea, Liber VI, 1144a;Aristoteles;Filósofo griego de la Edad Antigua, discípulo de Platón y maestro de Alejandro Magno, figura central del pensamiento lógico, ético y metafísico.;Philosophus Graecus Antiquitatis, discipulus Platonis et magister Alexandri Magni, pars maxima in logica, ethica et metaphysica.;el;Griego;Lingua Graeca;Grecia;Graecia;Edad Antigua;Antiquitas;https://i.ibb.co/gZpf6w2B/aristoteles.png;0
166;El amigo es otro yo;Amicus alter ego est;ὁ φίλος ἕτερος αὐτός;Aristóteles;Ethica Nicomachea, Liber IX, 1169b;Aristoteles;Filósofo griego de la Edad Antigua, discípulo de Platón y maestro de Alejandro Magno, figura central del pensamiento lógico, ético y metafísico.;Philosophus Graecus Antiquitatis, discipulus Platonis et magister Alexandri Magni, pars maxima in logica, ethica et metaphysica.;el;Griego;Lingua Graeca;Grecia;Graecia;Edad Antigua;Antiquitas;https://i.ibb.co/gZpf6w2B/aristoteles.png;0
167;El número es el principio de todas las cosas;Numerus principium omnium rerum est;ἀριθμὸς ἀρχὴ πάντων;Pitágoras;Fragmentum DK 8 A 1;Pythagoras;Filósofo y matemático griego de Samos, fundador del pitagorismo. Propuso la inmortalidad del alma, la transmigración y el número como principio de la realidad.;Philosophus et mathematicus Graecus Samius, pythagorismi conditor. Immortalitatem animae, transmigrationem et numerum principium rerum proposuit.;el;Griego;Lingua Graeca;Grecia;Graecia;Edad Antigua;Antiquitas;https://i.ibb.co/MyYJ15Jw/Pitagoras.png;0
168;El alma es armonía;Anima harmonia est;ἁρμονία ἐστὶν ἡ ψυχή;Pitágoras;Fragmentum DK 8 A 2;Pythagoras;Filósofo y matemático griego de Samos, fundador del pitagorismo. Propuso la inmortalidad del alma, la transmigración y el número como principio de la realidad.;Philosophus et mathematicus Graecus Samius, pythagorismi conditor. Immortalitatem animae, transmigrationem et numerum principium rerum proposuit.;el;Griego;Lingua Graeca;Grecia;Graecia;Edad Antigua;Antiquitas;https://i.ibb.co/MyYJ15Jw/Pitagoras.png;0
169;Educad a los niños;Educate pueros;παίδευε τοὺς παῖδας;Pitágoras;Fragmentum DK 8 A 3;Pythagoras;Filósofo y matemático griego de Samos, fundador del pitagorismo. Propuso la inmortalidad del alma, la transmigración y el número como principio de la realidad.;Philosophus et mathematicus Graecus Samius, pythagorismi conditor. Immortalitatem animae, transmigrationem et numerum principium rerum proposuit.;el;Griego;Lingua Graeca;Grecia;Graecia;Edad Antigua;Antiquitas;https://i.ibb.co/MyYJ15Jw/Pitagoras.png;0
170;El principio es la mitad de todo;Principium dimidium totius est;ἡ ἀρχὴ ἥμισυ παντός;Pitágoras;Fragmentum DK 8 A 4;Pythagoras;Filósofo y matemático griego de Samos, fundador del pitagorismo. Propuso la inmortalidad del alma, la transmigración y el número como principio de la realidad.;Philosophus et mathematicus Graecus Samius, pythagorismi conditor. Immortalitatem animae, transmigrationem et numerum principium rerum proposuit.;el;Griego;Lingua Graeca;Grecia;Graecia;Edad Antigua;Antiquitas;https://i.ibb.co/MyYJ15Jw/Pitagoras.png;0
171;Mide tus deseos;Metire cupiditates tuas;μέτρει τὰς ἐπιθυμίες σου;Pitágoras;Fragmentum DK 8 A 5;Pythagoras;Filósofo y matemático griego de Samos, fundador del pitagorismo. Propuso la inmortalidad del alma, la transmigración y el número como principio de la realidad.;Philosophus et mathematicus Graecus Samius, pythagorismi conditor. Immortalitatem animae, transmigrationem et numerum principium rerum proposuit.;el;Griego;Lingua Graeca;Grecia;Graecia;Edad Antigua;Antiquitas;https://i.ibb.co/MyYJ15Jw/Pitagoras.png;0
172;El silencio es principio de sabiduría;Silentium sapientiae principium est;σιωπὴ ἀρχὴ σοφίας;Pitágoras;Fragmentum DK 8 A 6;Pythagoras;Filósofo y matemático griego de Samos, fundador del pitagorismo. Propuso la inmortalidad del alma, la transmigración y el número como principio de la realidad.;Philosophus et mathematicus Graecus Samius, pythagorismi conditor. Immortalitatem animae, transmigrationem et numerum principium rerum proposuit.;el;Griego;Lingua Graeca;Grecia;Graecia;Edad Antigua;Antiquitas;https://i.ibb.co/MyYJ15Jw/Pitagoras.png;0
173;La vida es breve, el arte largo;Vita brevis, ars longa;ὁ βίος βραχύς, ἡ δὲ τέχνη μακρά;Pitágoras;Fragmentum DK 8 A 7;Pythagoras;Filósofo y matemático griego de Samos, fundador del pitagorismo. Propuso la inmortalidad del alma, la transmigración y el número como principio de la realidad.;Philosophus et mathematicus Graecus Samius, pythagorismi conditor. Immortalitatem animae, transmigrationem et numerum principium rerum proposuit.;el;Griego;Lingua Graeca;Grecia;Graecia;Edad Antigua;Antiquitas;https://i.ibb.co/MyYJ15Jw/Pitagoras.png;0
174;La amistad es igualdad;Amicitia aequalitas est;φιλία ἰσότης;Pitágoras;Fragmentum DK 8 A 8;Pythagoras;Filósofo y matemático griego de Samos, fundador del pitagorismo. Propuso la inmortalidad del alma, la transmigración y el número como principio de la realidad.;Philosophus et mathematicus Graecus Samius, pythagorismi conditor. Immortalitatem animae, transmigrationem et numerum principium rerum proposuit.;el;Griego;Lingua Graeca;Grecia;Graecia;Edad Antigua;Antiquitas;https://i.ibb.co/MyYJ15Jw/Pitagoras.png;0
175;No hagas del cuerpo tumba del alma;Ne corpus sepulchrum animae facias;μὴ κατασκευάζειν σώματος τάφον ψυχῆς;Pitágoras;Fragmentum DK 8 A 9;Pythagoras;Filósofo y matemático griego de Samos, fundador del pitagorismo. Propuso la inmortalidad del alma, la transmigración y el número como principio de la realidad.;Philosophus et mathematicus Graecus Samius, pythagorismi conditor. Immortalitatem animae, transmigrationem et numerum principium rerum proposuit.;el;Griego;Lingua Graeca;Grecia;Graecia;Edad Antigua;Antiquitas;https://i.ibb.co/MyYJ15Jw/Pitagoras.png;0
176;La virtud es armonía;Virtus harmonia est;ἀρετὴ ἁρμονία ἐστίν;Pitágoras;Fragmentum DK 8 A 10;Pythagoras;Filósofo y matemático griego de Samos, fundador del pitagorismo. Propuso la inmortalidad del alma, la transmigración y el número como principio de la realidad.;Philosophus et mathematicus Graecus Samius, pythagorismi conditor. Immortalitatem animae, transmigrationem et numerum principium rerum proposuit.;el;Griego;Lingua Graeca;Grecia;Graecia;Edad Antigua;Antiquitas;https://i.ibb.co/MyYJ15Jw/Pitagoras.png;0
177;Todo fluye;Omnia fluunt;πάντα ῥεῖ;Heráclito;Fragmentum DK 22 B 12;Heraclitus;Filósofo presocrático griego de Éfeso. Propuso el flujo perpetuo de la realidad (panta rhei) y el fuego como elemento primordial.;Philosophus Praesocraticus Graecus Ephesius. Fluxum perpetuum rerum (panta rhei) et ignem elementum primordiale proposuit.;el;Griego;Lingua Graeca;Grecia;Graecia;Edad Antigua;Antiquitas;https://i.ibb.co/0p0Gxf3S/heraclito.png;0
178;No es posible entrar dos veces en el mismo río;Non licet bis in eundem fluvium descendere;ποταμῷ οὐκ ἔστιν ἐμβῆναι δὶς τῷ αὐτῷ;Heráclito;Fragmentum DK 22 B 12;Heraclitus;Filósofo presocrático griego de Éfeso. Propuso el flujo perpetuo de la realidad (panta rhei) y el fuego como elemento primordial.;Philosophus Praesocraticus Graecus Ephesius. Fluxum perpetuum rerum (panta rhei) et ignem elementum primordiale proposuit.;el;Griego;Lingua Graeca;Grecia;Graecia;Edad Antigua;Antiquitas;https://i.ibb.co/0p0Gxf3S/heraclito.png;0
179;La guerra es padre de todas las cosas;Bellum omnium pater est;πόλεμος πάντων μὲν πατήρ ἐστι;Heráclito;Fragmentum DK 22 B 1;Heraclitus;Filósofo presocrático griego de Éfeso. Propuso el flujo perpetuo de la realidad (panta rhei) y el fuego como elemento primordial.;Philosophus Praesocraticus Graecus Ephesius. Fluxum perpetuum rerum (panta rhei) et ignem elementum primordiale proposuit.;el;Griego;Lingua Graeca;Grecia;Graecia;Edad Antigua;Antiquitas;https://i.ibb.co/0p0Gxf3S/heraclito.png;0
180;El carácter es destino del hombre;Character homini fatum est;ἦθος ἀνθρώπῳ δαίμων;Heráclito;Fragmentum DK 22 B 5;Heraclitus;Filósofo presocrático griego de Éfeso. Propuso el flujo perpetuo de la realidad (panta rhei) y el fuego como elemento primordial.;Philosophus Praesocraticus Graecus Ephesius. Fluxum perpetuum rerum (panta rhei) et ignem elementum primordiale proposuit.;el;Griego;Lingua Graeca;Grecia;Graecia;Edad Antigua;Antiquitas;https://i.ibb.co/0p0Gxf3S/heraclito.png;0
181;El logos es común, pero muchos viven como si tuvieran pensamiento propio;Logos communis est, sed multi tamquam propriam habentes mentem vivunt;ὁ λόγος κοινός, ἀλλ᾽ οἱ πολλοὶ ὡς ἰδίαν ἔχοντες φρόνησιν;Heráclito;Fragmentum DK 22 B 1a;Heraclitus;Filósofo presocrático griego de Éfeso. Propuso el flujo perpetuo de la realidad (panta rhei) y el fuego como elemento primordial.;Philosophus Praesocraticus Graecus Ephesius. Fluxum perpetuum rerum (panta rhei) et ignem elementum primordiale proposuit.;el;Griego;Lingua Graeca;Grecia;Graecia;Edad Antigua;Antiquitas;https://i.ibb.co/0p0Gxf3S/heraclito.png;0
182;Lo sabio es uno;Sapiens unum est;τὸ σοφόν ἐστιν ἕν;Heráclito;Fragmentum DK 22 B 32;Heraclitus;Filósofo presocrático griego de Éfeso. Propuso el flujo perpetuo de la realidad (panta rhei) y el fuego como elemento primordial.;Philosophus Praesocraticus Graecus Ephesius. Fluxum perpetuum rerum (panta rhei) et ignem elementum primordiale proposuit.;el;Griego;Lingua Graeca;Grecia;Graecia;Edad Antigua;Antiquitas;https://i.ibb.co/0p0Gxf3S/heraclito.png;0
183;La armonía oculta es superior a la manifiesta;Harmonia occulta manifesta potior;κρυπτομένη ἁρμονίη φανερῆς κρείττων;Heráclito;Fragmentum DK 22 B 51;Heraclitus;Filósofo presocrático griego de Éfeso. Propuso el flujo perpetuo de la realidad (panta rhei) y el fuego como elemento primordial.;Philosophus Praesocraticus Graecus Ephesius. Fluxum perpetuum rerum (panta rhei) et ignem elementum primordiale proposuit.;el;Griego;Lingua Graeca;Grecia;Graecia;Edad Antigua;Antiquitas;https://i.ibb.co/0p0Gxf3S/heraclito.png;0
184;No es mejor para los hombres que se cumpla todo cuanto desean;Non melius hominibus omnia quae cupiunt evenire;ἀνθρώποις γίνεσθαι ὁκόσα θέλουσιν οὐκ ἄμεινον;Heráclito;Fragmentum DK 22 B 7;Heraclitus;Filósofo presocrático griego de Éfeso. Propuso el flujo perpetuo de la realidad (panta rhei) y el fuego como elemento primordial.;Philosophus Praesocraticus Graecus Ephesius. Fluxum perpetuum rerum (panta rhei) et ignem elementum primordiale proposuit.;el;Griego;Lingua Graeca;Grecia;Graecia;Edad Antigua;Antiquitas;https://i.ibb.co/0p0Gxf3S/heraclito.png;0
185;Fuego siemprevivo;Ignis semper vivens;πῦρ ἀείζωον;Heráclito;Fragmentum DK 22 B 30;Heraclitus;Filósofo presocrático griego de Éfeso. Propuso el flujo perpetuo de la realidad (panta rhei) y el fuego como elemento primordial.;Philosophus Praesocraticus Graecus Ephesius. Fluxum perpetuum rerum (panta rhei) et ignem elementum primordiale proposuit.;el;Griego;Lingua Graeca;Grecia;Graecia;Edad Antigua;Antiquitas;https://i.ibb.co/0p0Gxf3S/heraclito.png;0
186;El camino hacia arriba y hacia abajo es uno y el mismo;Via sursum deorsum una eademque est;ὁδὸς ἄνω κάτω μία καὶ ὡυτή;Heráclito;Fragmentum DK 22 B 60;Heraclitus;Filósofo presocrático griego de Éfeso. Propuso el flujo perpetuo de la realidad (panta rhei) y el fuego como elemento primordial.;Philosophus Praesocraticus Graecus Ephesius. Fluxum perpetuum rerum (panta rhei) et ignem elementum primordiale proposuit.;el;Griego;Lingua Graeca;Grecia;Graecia;Edad Antigua;Antiquitas;https://i.ibb.co/0p0Gxf3S/heraclito.png;0
187;Solo sé que no sé nada;Scio me nihil scire;ἓν οἶδα ὅτι οὐδὲν οἶδα;Sócrates;Plato, Apologia Socratis, 21d;Socrates;Filósofo griego de Atenas, fundador de la filosofía moral occidental. Maestro de Platón, desarrolló el método mayéutico. Fue condenado a muerte por impiedad.;Philosophus Graecus Atheniensis, philosophiae moralis Occidentalis conditor. Magister Platonis, methodum maieuticam elaboravit. Morte damnatus propter impietatem.;el;Griego;Lingua Graeca;Grecia;Graecia;Edad Antigua;Antiquitas;https://i.ibb.co/hJtF2qzm/socrates.png;0
188;Conócete a ti mismo;Nosce te ipsum;γνῶθι σεαυτόν;Sócrates;Inscriptio Templi Apollinis Delphis;Socrates;Filósofo griego de Atenas, fundador de la filosofía moral occidental. Maestro de Platón, desarrolló el método mayéutico. Fue condenado a muerte por impiedad.;Philosophus Graecus Atheniensis, philosophiae moralis Occidentalis conditor. Magister Platonis, methodum maieuticam elaboravit. Morte damnatus propter impietatem.;el;Griego;Lingua Graeca;Grecia;Graecia;Edad Antigua;Antiquitas;https://i.ibb.co/hJtF2qzm/socrates.png;0
189;Una vida sin examen no merece ser vivida;Vita inexaminata non est vivenda homini;ὁ ἀνεξέταστος βίος οὐ βιωτὸς ἀνθρώπῳ;Sócrates;Plato, Apologia Socratis, 38a;Socrates;Filósofo griego de Atenas, fundador de la filosofía moral occidental. Maestro de Platón, desarrolló el método mayéutico. Fue condenado a muerte por impiedad.;Philosophus Graecus Atheniensis, philosophiae moralis Occidentalis conditor. Magister Platonis, methodum maieuticam elaboravit. Morte damnatus propter impietatem.;el;Griego;Lingua Graeca;Grecia;Graecia;Edad Antigua;Antiquitas;https://i.ibb.co/hJtF2qzm/socrates.png;0
190;Nadie yerra voluntariamente;Nemo sponte peccat;οὐδεὶς ἑκὼν ἁμαρτάνει;Sócrates;Plato, Meno, 87a;Socrates;Filósofo griego de Atenas, fundador de la filosofía moral occidental. Maestro de Platón, desarrolló el método mayéutico. Fue condenado a muerte por impiedad.;Philosophus Graecus Atheniensis, philosophiae moralis Occidentalis conditor. Magister Platonis, methodum maieuticam elaboravit. Morte damnatus propter impietatem.;el;Griego;Lingua Graeca;Grecia;Graecia;Edad Antigua;Antiquitas;https://i.ibb.co/hJtF2qzm/socrates.png;0
191;La virtud es conocimiento;Virtus scientia est;ἀρετὴ ἐπιστήμη;Sócrates;Plato, Meno, 87e;Socrates;Filósofo griego de Atenas, fundador de la filosofía moral occidental. Maestro de Platón, desarrolló el método mayéutico. Fue condenado a muerte por impiedad.;Philosophus Graecus Atheniensis, philosophiae moralis Occidentalis conditor. Magister Platonis, methodum maieuticam elaboravit. Morte damnatus propter impietatem.;el;Griego;Lingua Graeca;Grecia;Graecia;Edad Antigua;Antiquitas;https://i.ibb.co/hJtF2qzm/socrates.png;0
192;Mejor es sufrir injusticia que cometerla;Melius est iniuriam pati quam facere;κρεῖττον ἀδικεῖσθαι ἢ ἀδικεῖν;Sócrates;Plato, Apologia Socratis, 29d;Socrates;Filósofo griego de Atenas, fundador de la filosofía moral occidental. Maestro de Platón, desarrolló el método mayéutico. Fue condenado a muerte por impiedad.;Philosophus Graecus Atheniensis, philosophiae moralis Occidentalis conditor. Magister Platonis, methodum maieuticam elaboravit. Morte damnatus propter impietatem.;el;Griego;Lingua Graeca;Grecia;Graecia;Edad Antigua;Antiquitas;https://i.ibb.co/hJtF2qzm/socrates.png;0
193;La muerte no es nada para nosotros;Mors nihil ad nos;θάνατος οὐδὲν πρὸς ἡμᾶς;Sócrates;Plato, Apologia Socratis, 29a;Socrates;Filósofo griego de Atenas, fundador de la filosofía moral occidental. Maestro de Platón, desarrolló el método mayéutico. Fue condenado a muerte por impiedad.;Philosophus Graecus Atheniensis, philosophiae moralis Occidentalis conditor. Magister Platonis, methodum maieuticam elaboravit. Morte damnatus propter impietatem.;el;Griego;Lingua Graeca;Grecia;Graecia;Edad Antigua;Antiquitas;https://i.ibb.co/hJtF2qzm/socrates.png;0
194;La sabiduría está en conocerse a sí mismo;Sapientia in se ipsum cognoscendo est;σοφία ἐν τῷ αὑτὸν γιγνώσκειν;Sócrates;Plato, Apologia Socratis, 21d;Socrates;Filósofo griego de Atenas, fundador de la filosofía moral occidental. Maestro de Platón, desarrolló el método mayéutico. Fue condenado a muerte por impiedad.;Philosophus Graecus Atheniensis, philosophiae moralis Occidentalis conditor. Magister Platonis, methodum maieuticam elaboravit. Morte damnatus propter impietatem.;el;Griego;Lingua Graeca;Grecia;Graecia;Edad Antigua;Antiquitas;https://i.ibb.co/hJtF2qzm/socrates.png;0
195;Cuidar del alma;Animae curare;ψυχῆς ἐπιμελεῖσθαι;Sócrates;Plato, Apologia Socratis, 38a;Socrates;Filósofo griego de Atenas, fundador de la filosofía moral occidental. Maestro de Platón, desarrolló el método mayéutico. Fue condenado a muerte por impiedad.;Philosophus Graecus Atheniensis, philosophiae moralis Occidentalis conditor. Magister Platonis, methodum maieuticam elaboravit. Morte damnatus propter impietatem.;el;Griego;Lingua Graeca;Grecia;Graecia;Edad Antigua;Antiquitas;https://i.ibb.co/hJtF2qzm/socrates.png;0
196;La vida sin reflexión no vale la pena;Vita sine meditatione non valet;ὁ δὲ ἀνεξέταστος βίος οὐ βιωτὸς;Sócrates;Plato, Apologia Socratis, 38a;Socrates;Filósofo griego de Atenas, fundador de la filosofía moral occidental. Maestro de Platón, desarrolló el método mayéutico. Fue condenado a muerte por impiedad.;Philosophus Graecus Atheniensis, philosophiae moralis Occidentalis conditor. Magister Platonis, methodum maieuticam elaboravit. Morte damnatus propter impietatem.;el;Griego;Lingua Graeca;Grecia;Graecia;Edad Antigua;Antiquitas;https://i.ibb.co/hJtF2qzm/socrates.png;0
197;Átomos y vacío;Atomi et inane;ἄτομοι καὶ κενόν;Demócrito;Fragmentum DK 68 A 10;Democritus;Filósofo griego de Abdera, fundador del atomismo junto a Leucipo. Propuso que el universo está compuesto por átomos indivisibles en el vacío.;Philosophus Graecus Abderita, atomismi conditor cum Leucippo. Universum ex atomis indivisibilibus in vacuo compositum proposuit.;el;Griego;Lingua Graeca;Grecia;Graecia;Edad Antigua;Antiquitas;https://i.ibb.co/FkWkGPTs/democrito.png;0
198;Nada sucede en vano, todo por razón y necesidad;Nihil frustra fit, sed omnia ratione et necessitate;οὐδὲν χρῆμα μάτην γίνεται, ἀλλὰ πάντα ἐκ λόγου τε καὶ ὑπ᾽ ἀνάγκης;Demócrito;Fragmentum DK 68 B 1;Democritus;Filósofo griego de Abdera, fundador del atomismo junto a Leucipo. Propuso que el universo está compuesto por átomos indivisibles en el vacío.;Philosophus Graecus Abderita, atomismi conditor cum Leucippo. Universum ex atomis indivisibilibus in vacuo compositum proposuit.;el;Griego;Lingua Graeca;Grecia;Graecia;Edad Antigua;Antiquitas;https://i.ibb.co/FkWkGPTs/democrito.png;0
199;La alegría es el fin;Laetitia finis est;εὐθυμίη τέλος;Demócrito;Fragmentum DK 68 B 8;Democritus;Filósofo griego de Abdera, fundador del atomismo junto a Leucipo. Propuso que el universo está compuesto por átomos indivisibles en el vacío.;Philosophus Graecus Abderita, atomismi conditor cum Leucippo. Universum ex atomis indivisibilibus in vacuo compositum proposuit.;el;Griego;Lingua Graeca;Grecia;Graecia;Edad Antigua;Antiquitas;https://i.ibb.co/FkWkGPTs/democrito.png;0
200;"Por convención dulce y amargo, por convención caliente y frío, por convención color; en realidad átomos y vacío";"Lege dulce et amarum, lege calidum et frigidum, lege color; re vera atomi et inane";νόμῳ γλυκὺ καὶ νόμῳ πικρόν, νόμῳ θερμόν, νόμῳ ψυχρόν, νόμῳ χροιή, ἐτεῇ δὲ ἄτομα καὶ κενόν;Demócrito;Fragmentum DK 68 B 44;Democritus;Filósofo griego de Abdera, fundador del atomismo junto a Leucipo. Propuso que el universo está compuesto por átomos indivisibles en el vacío.;Philosophus Graecus Abderita, atomismi conditor cum Leucippo. Universum ex atomis indivisibilibus in vacuo compositum proposuit.;el;Griego;Lingua Graeca;Grecia;Graecia;Edad Antigua;Antiquitas;https://i.ibb.co/FkWkGPTs/democrito.png;0
201;La palabra es sombra de la acción;Verbum umbra operis est;λόγος ἔργου σκιή;Demócrito;Fragmentum DK 68 B 49;Democritus;Filósofo griego de Abdera, fundador del atomismo junto a Leucipo. Propuso que el universo está compuesto por átomos indivisibles en el vacío.;Philosophus Graecus Abderita, atomismi conditor cum Leucippo. Universum ex atomis indivisibilibus in vacuo compositum proposuit.;el;Griego;Lingua Graeca;Grecia;Graecia;Edad Antigua;Antiquitas;https://i.ibb.co/FkWkGPTs/democrito.png;0
202;La felicidad está en el alma;Felicitas in anima est;εὐδαιμονίη ψυχῆς;Demócrito;Fragmentum DK 68 B 75;Democritus;Filósofo griego de Abdera, fundador del atomismo junto a Leucipo. Propuso que el universo está compuesto por átomos indivisibles en el vacío.;Philosophus Graecus Abderita, atomismi conditor cum Leucippo. Universum ex atomis indivisibilibus in vacuo compositum proposuit.;el;Griego;Lingua Graeca;Grecia;Graecia;Edad Antigua;Antiquitas;https://i.ibb.co/FkWkGPTs/democrito.png;0
203;Muchos eruditos carecen de inteligencia;Multi eruditi intelligentia carent;πολλοὶ πολυμαθέες νοῦν οὐκ ἔχουσιν;Demócrito;Fragmentum DK 68 B 90;Democritus;Filósofo griego de Abdera, fundador del atomismo junto a Leucipo. Propuso que el universo está compuesto por átomos indivisibles en el vacío.;Philosophus Graecus Abderita, atomismi conditor cum Leucippo. Universum ex atomis indivisibilibus in vacuo compositum proposuit.;el;Griego;Lingua Graeca;Grecia;Graecia;Edad Antigua;Antiquitas;https://i.ibb.co/FkWkGPTs/democrito.png;0
204;Necesidad de la naturaleza;Necessitas naturae;ἀνάγκη φύσεως;Demócrito;Fragmentum DK 68 B 1;Democritus;Filósofo griego de Abdera, fundador del atomismo junto a Leucipo. Propuso que el universo está compuesto por átomos indivisibles en el vacío.;Philosophus Graecus Abderita, atomismi conditor cum Leucippo. Universum ex atomis indivisibilibus in vacuo compositum proposuit.;el;Griego;Lingua Graeca;Grecia;Graecia;Edad Antigua;Antiquitas;https://i.ibb.co/FkWkGPTs/democrito.png;0
205;El hombre es un pequeño cosmos;Homo parvus mundus est;μικρὸς κόσμος ἄνθρωπος;Demócrito;Fragmentum DK 68 B 120;Democritus;Filósofo griego de Abdera, fundador del atomismo junto a Leucipo. Propuso que el universo está compuesto por átomos indivisibles en el vacío.;Philosophus Graecus Abderita, atomismi conditor cum Leucippo. Universum ex atomis indivisibilibus in vacuo compositum proposuit.;el;Griego;Lingua Graeca;Grecia;Graecia;Edad Antigua;Antiquitas;https://i.ibb.co/FkWkGPTs/democrito.png;0
206;La filosofía es medicina del alma;Philosophia medicina animae est;ἰατρὸς ψυχῆς φιλοσοφία;Demócrito;Fragmentum DK 68 B 39;Democritus;Filósofo griego de Abdera, fundador del atomismo junto a Leucipo. Propuso que el universo está compuesto por átomos indivisibles en el vacío.;Philosophus Graecus Abderita, atomismi conditor cum Leucippo. Universum ex atomis indivisibilibus in vacuo compositum proposuit.;el;Griego;Lingua Graeca;Grecia;Graecia;Edad Antigua;Antiquitas;https://i.ibb.co/FkWkGPTs/democrito.png;0
207;El hombre es la medida de todas las cosas;Homo omnium rerum mensura est;πάντων χρημάτων μέτρον ἐστὶν ἄνθρωπος;Protágoras;Fragmentum DK 80 B 1;Protagoras;"Filósofo sofista griego de Abdera, precursor de la enseñanza retórica profesional. Autor de la máxima ""El hombre es la medida de todas las cosas"".";"Philosophus sophista Graecus Abderita, rhetoricae artis professionalis praecursor. Auctor sententiae ""Homo mensura omnium rerum est"".";el;Griego;Lingua Graeca;Grecia;Graecia;Edad Antigua;Antiquitas;https://i.ibb.co/Q3vRf8m3/protagoras.png;0
208;Sobre los dioses no puedo saber;De diis non possum scire;περὶ θεῶν οὐκ ἔχω εἰδέναι;Protágoras;Fragmentum DK 80 B 3;Protagoras;"Filósofo sofista griego de Abdera, precursor de la enseñanza retórica profesional. Autor de la máxima ""El hombre es la medida de todas las cosas"".";"Philosophus sophista Graecus Abderita, rhetoricae artis professionalis praecursor. Auctor sententiae ""Homo mensura omnium rerum est"".";el;Griego;Lingua Graeca;Grecia;Graecia;Edad Antigua;Antiquitas;https://i.ibb.co/Q3vRf8m3/protagoras.png;0
209;Dos razones hay sobre cada cosa;Duo rationes de quaque re sunt;δύο λόγοι εἰσὶ περὶ παντός;Protágoras;Fragmentum DK 80 B 7;Protagoras;"Filósofo sofista griego de Abdera, precursor de la enseñanza retórica profesional. Autor de la máxima ""El hombre es la medida de todas las cosas"".";"Philosophus sophista Graecus Abderita, rhetoricae artis professionalis praecursor. Auctor sententiae ""Homo mensura omnium rerum est"".";el;Griego;Lingua Graeca;Grecia;Graecia;Edad Antigua;Antiquitas;https://i.ibb.co/Q3vRf8m3/protagoras.png;0
210;La educación tiene raíz amarga, pero fruto dulce;Educatio radicem amaram, fructum dulcem habet;παιδεία ῥίζα πικρά, καρπὸς δὲ γλυκύς;Protágoras;Fragmentum DK 80 B 2;Protagoras;"Filósofo sofista griego de Abdera, precursor de la enseñanza retórica profesional. Autor de la máxima ""El hombre es la medida de todas las cosas"".";"Philosophus sophista Graecus Abderita, rhetoricae artis professionalis praecursor. Auctor sententiae ""Homo mensura omnium rerum est"".";el;Griego;Lingua Graeca;Grecia;Graecia;Edad Antigua;Antiquitas;https://i.ibb.co/Q3vRf8m3/protagoras.png;0
211;El arte sin naturaleza es nada;Ars sine natura nihil est;τέχνη δίχα φύσεως οὐδέν;Protágoras;Fragmentum DK 80 B 4;Protagoras;"Filósofo sofista griego de Abdera, precursor de la enseñanza retórica profesional. Autor de la máxima ""El hombre es la medida de todas las cosas"".";"Philosophus sophista Graecus Abderita, rhetoricae artis professionalis praecursor. Auctor sententiae ""Homo mensura omnium rerum est"".";el;Griego;Lingua Graeca;Grecia;Graecia;Edad Antigua;Antiquitas;https://i.ibb.co/Q3vRf8m3/protagoras.png;0
212;El que ejercita es superior al dotado por naturaleza;Qui exercet praestantior naturaliter apto;ὁ ἀσκῶν κρείττων τοῦ εὐφυοῦς;Protágoras;Fragmentum DK 80 B 15;Protagoras;"Filósofo sofista griego de Abdera, precursor de la enseñanza retórica profesional. Autor de la máxima ""El hombre es la medida de todas las cosas"".";"Philosophus sophista Graecus Abderita, rhetoricae artis professionalis praecursor. Auctor sententiae ""Homo mensura omnium rerum est"".";el;Griego;Lingua Graeca;Grecia;Graecia;Edad Antigua;Antiquitas;https://i.ibb.co/Q3vRf8m3/protagoras.png;0
213;La virtud es enseñable;Virtus docibilis est;ἀρετὴ διδακτόν;Protágoras;Fragmentum DK 80 B 6;Protagoras;"Filósofo sofista griego de Abdera, precursor de la enseñanza retórica profesional. Autor de la máxima ""El hombre es la medida de todas las cosas"".";"Philosophus sophista Graecus Abderita, rhetoricae artis professionalis praecursor. Auctor sententiae ""Homo mensura omnium rerum est"".";el;Griego;Lingua Graeca;Grecia;Graecia;Edad Antigua;Antiquitas;https://i.ibb.co/Q3vRf8m3/protagoras.png;0
214;La ley es tirana;Lex tyrannus est;νόμος τύραννος;Protágoras;Fragmentum DK 80 B 8;Protagoras;"Filósofo sofista griego de Abdera, precursor de la enseñanza retórica profesional. Autor de la máxima ""El hombre es la medida de todas las cosas"".";"Philosophus sophista Graecus Abderita, rhetoricae artis professionalis praecursor. Auctor sententiae ""Homo mensura omnium rerum est"".";el;Griego;Lingua Graeca;Grecia;Graecia;Edad Antigua;Antiquitas;https://i.ibb.co/Q3vRf8m3/protagoras.png;0
215;Al hombre, naturaleza humana;Homini natura humana;ἀνθρώπῳ ἀνθρωπίνη φύσις;Protágoras;Fragmentum DK 80 B 5;Protagoras;"Filósofo sofista griego de Abdera, precursor de la enseñanza retórica profesional. Autor de la máxima ""El hombre es la medida de todas las cosas"".";"Philosophus sophista Graecus Abderita, rhetoricae artis professionalis praecursor. Auctor sententiae ""Homo mensura omnium rerum est"".";el;Griego;Lingua Graeca;Grecia;Graecia;Edad Antigua;Antiquitas;https://i.ibb.co/Q3vRf8m3/protagoras.png;0
216;Sobre cada cosa hay razones opuestas;De quaque re rationes oppositae sunt;περὶ παντὸς ἀντικείμενοι λόγοι;Protágoras;Fragmentum DK 80 B 11;Protagoras;"Filósofo sofista griego de Abdera, precursor de la enseñanza retórica profesional. Autor de la máxima ""El hombre es la medida de todas las cosas"".";"Philosophus sophista Graecus Abderita, rhetoricae artis professionalis praecursor. Auctor sententiae ""Homo mensura omnium rerum est"".";el;Griego;Lingua Graeca;Grecia;Graecia;Edad Antigua;Antiquitas;https://i.ibb.co/Q3vRf8m3/protagoras.png;0
217;Humillémonos bajo la mano poderosa de Dios;Humiliamur sub manu Dei omnipotentem;Humiliamur sub manu Dei omnipotente;San Clemente Romano;Epistola ad Corinthios, I, 28;Clemens Romanus;Cuarto papa de la Iglesia, Padre Apostólico y mártir. Autor de la carta a los Corintios, documento papal más antiguo después de las epístolas de San Pedro.;Quartus Papa Ecclesiae, Pater Apostolicus et martyr. Auctor epistulae ad Corinthios, documentum pontificale antiquissimum post epistulas Sancti Petri.;la;Latín;Lingua Latina;Roma;Roma;Edad Antigua;Antiquitas;https://i.ibb.co/TDXTVzjk/sanclemente.png;0
218;Paz y concordia entre vosotros;Pax et concordia inter vos;Pax et concordia inter vos;San Clemente Romano;Epistola ad Corinthios, I, 1;Clemens Romanus;Cuarto papa de la Iglesia, Padre Apostólico y mártir. Autor de la carta a los Corintios, documento papal más antiguo después de las epístolas de San Pedro.;Quartus Papa Ecclesiae, Pater Apostolicus et martyr. Auctor epistulae ad Corinthios, documentum pontificale antiquissimum post epistulas Sancti Petri.;la;Latín;Lingua Latina;Roma;Roma;Edad Antigua;Antiquitas;https://i.ibb.co/TDXTVzjk/sanclemente.png;0
219;La caridad no tiene división;Caritas non habet schisma;Caritas non habet schisma;San Clemente Romano;Epistola ad Corinthios, I, 6;Clemens Romanus;Cuarto papa de la Iglesia, Padre Apostólico y mártir. Autor de la carta a los Corintios, documento papal más antiguo después de las epístolas de San Pedro.;Quartus Papa Ecclesiae, Pater Apostolicus et martyr. Auctor epistulae ad Corinthios, documentum pontificale antiquissimum post epistulas Sancti Petri.;la;Latín;Lingua Latina;Roma;Roma;Edad Antigua;Antiquitas;https://i.ibb.co/TDXTVzjk/sanclemente.png;0
220;La fe y la humildad reciben la corona;Fides et humilitas coronam accipiunt;Fides et humilitas coronam accipiunt;San Clemente Romano;Epistola ad Corinthios, I, 10;Clemens Romanus;Cuarto papa de la Iglesia, Padre Apostólico y mártir. Autor de la carta a los Corintios, documento papal más antiguo después de las epístolas de San Pedro.;Quartus Papa Ecclesiae, Pater Apostolicus et martyr. Auctor epistulae ad Corinthios, documentum pontificale antiquissimum post epistulas Sancti Petri.;la;Latín;Lingua Latina;Roma;Roma;Edad Antigua;Antiquitas;https://i.ibb.co/TDXTVzjk/sanclemente.png;0
221;La obediencia a Dios es mejor que el sacrificio;Oboedientia Deo melior est sacrificio;Oboedientia Deo melior est sacrificio;San Clemente Romano;Epistola ad Corinthios, I, 41;Clemens Romanus;Cuarto papa de la Iglesia, Padre Apostólico y mártir. Autor de la carta a los Corintios, documento papal más antiguo después de las epístolas de San Pedro.;Quartus Papa Ecclesiae, Pater Apostolicus et martyr. Auctor epistulae ad Corinthios, documentum pontificale antiquissimum post epistulas Sancti Petri.;la;Latín;Lingua Latina;Roma;Roma;Edad Antigua;Antiquitas;https://i.ibb.co/TDXTVzjk/sanclemente.png;0
222;Permaneced en la unidad del espíritu;In unitate spiritus manete;In unitate spiritus manete;San Clemente Romano;Epistola ad Corinthios, I, 1;Clemens Romanus;Cuarto papa de la Iglesia, Padre Apostólico y mártir. Autor de la carta a los Corintios, documento papal más antiguo después de las epístolas de San Pedro.;Quartus Papa Ecclesiae, Pater Apostolicus et martyr. Auctor epistulae ad Corinthios, documentum pontificale antiquissimum post epistulas Sancti Petri.;la;Latín;Lingua Latina;Roma;Roma;Edad Antigua;Antiquitas;https://i.ibb.co/TDXTVzjk/sanclemente.png;0
223;Dios mira a los humildes, conoce de lejos a los soberbios;Deus humiles videt, superbos a longe cognoscit;Deus humiles videt, superbos a longe cognoscit;San Clemente Romano;Epistola ad Corinthios, I, 4;Clemens Romanus;Cuarto papa de la Iglesia, Padre Apostólico y mártir. Autor de la carta a los Corintios, documento papal más antiguo después de las epístolas de San Pedro.;Quartus Papa Ecclesiae, Pater Apostolicus et martyr. Auctor epistulae ad Corinthios, documentum pontificale antiquissimum post epistulas Sancti Petri.;la;Latín;Lingua Latina;Roma;Roma;Edad Antigua;Antiquitas;https://i.ibb.co/TDXTVzjk/sanclemente.png;0
224;Sin fe es imposible agradar a Dios;Sine fide impossibile est placere Deo;Sine fide impossibile est placere Deo;San Clemente Romano;Epistola ad Corinthios, I, 6;Clemens Romanus;Cuarto papa de la Iglesia, Padre Apostólico y mártir. Autor de la carta a los Corintios, documento papal más antiguo después de las epístolas de San Pedro.;Quartus Papa Ecclesiae, Pater Apostolicus et martyr. Auctor epistulae ad Corinthios, documentum pontificale antiquissimum post epistulas Sancti Petri.;la;Latín;Lingua Latina;Roma;Roma;Edad Antigua;Antiquitas;https://i.ibb.co/TDXTVzjk/sanclemente.png;0
225;La misericordia de Dios sobre todos;Misericordia Dei super omnes;Misericordia Dei super omnes;San Clemente Romano;Epistola ad Corinthios, I, 7;Clemens Romanus;Cuarto papa de la Iglesia, Padre Apostólico y mártir. Autor de la carta a los Corintios, documento papal más antiguo después de las epístolas de San Pedro.;Quartus Papa Ecclesiae, Pater Apostolicus et martyr. Auctor epistulae ad Corinthios, documentum pontificale antiquissimum post epistulas Sancti Petri.;la;Latín;Lingua Latina;Roma;Roma;Edad Antigua;Antiquitas;https://i.ibb.co/TDXTVzjk/sanclemente.png;0
226;El celo y la envidia trajeron la muerte;Zelus et invidia mortem attulerunt;Zelus et invidia mortem attulerunt;San Clemente Romano;Epistola ad Corinthios, I, 36;Clemens Romanus;Cuarto papa de la Iglesia, Padre Apostólico y mártir. Autor de la carta a los Corintios, documento papal más antiguo después de las epístolas de San Pedro.;Quartus Papa Ecclesiae, Pater Apostolicus et martyr. Auctor epistulae ad Corinthios, documentum pontificale antiquissimum post epistulas Sancti Petri.;la;Latín;Lingua Latina;Roma;Roma;Edad Antigua;Antiquitas;https://i.ibb.co/TDXTVzjk/sanclemente.png;0
227;Soy portador de Dios;Theophorus sum;Theophorus sum;San Ignacio de Antioquía;Epistola ad Ephesios, 7,1;Ignatius Antiochenus;Obispo de Antioquía, mártir y Padre Apostólico. Discípulo de San Juan Evangelista, martirizado en Roma. Autor de siete cartas escritas camino al martirio.;Episcopus Antiochenus, martyr et Pater Apostolicus. Discipulus Sancti Ioannis Evangelistae, Romae martyrizatus. Auctor septem epistularum in via ad martyrium scriptarum.;la;Latín;Lingua Latina;Roma;Roma;Edad Antigua;Antiquitas;https://i.ibb.co/yFrskTBq/ignacioantio.png;0
228;Soy trigo de Cristo;Frumentum Christi sum;Frumentum Christi sum;San Ignacio de Antioquía;Epistola ad Ephesios, 18,2;Ignatius Antiochenus;Obispo de Antioquía, mártir y Padre Apostólico. Discípulo de San Juan Evangelista, martirizado en Roma. Autor de siete cartas escritas camino al martirio.;Episcopus Antiochenus, martyr et Pater Apostolicus. Discipulus Sancti Ioannis Evangelistae, Romae martyrizatus. Auctor septem epistularum in via ad martyrium scriptarum.;la;Latín;Lingua Latina;Roma;Roma;Edad Antigua;Antiquitas;https://i.ibb.co/yFrskTBq/ignacioantio.png;0
229;Donde está el obispo, allí está la Iglesia;Ubi episcopus, ibi Ecclesia;Ubi episcopus, ibi Ecclesia;San Ignacio de Antioquía;Epistola ad Smyrnaeos, 8,1;Ignatius Antiochenus;Obispo de Antioquía, mártir y Padre Apostólico. Discípulo de San Juan Evangelista, martirizado en Roma. Autor de siete cartas escritas camino al martirio.;Episcopus Antiochenus, martyr et Pater Apostolicus. Discipulus Sancti Ioannis Evangelistae, Romae martyrizatus. Auctor septem epistularum in via ad martyrium scriptarum.;la;Latín;Lingua Latina;Roma;Roma;Edad Antigua;Antiquitas;https://i.ibb.co/yFrskTBq/ignacioantio.png;0
230;La Eucaristía es la carne de nuestro Salvador;Eucharistia caro Salvatoris nostri;Eucharistia caro Salvatoris nostri;San Ignacio de Antioquía;Epistola ad Smyrnaeos, 7,1;Ignatius Antiochenus;Obispo de Antioquía, mártir y Padre Apostólico. Discípulo de San Juan Evangelista, martirizado en Roma. Autor de siete cartas escritas camino al martirio.;Episcopus Antiochenus, martyr et Pater Apostolicus. Discipulus Sancti Ioannis Evangelistae, Romae martyrizatus. Auctor septem epistularum in via ad martyrium scriptarum.;la;Latín;Lingua Latina;Roma;Roma;Edad Antigua;Antiquitas;https://i.ibb.co/yFrskTBq/ignacioantio.png;0
231;El cristiano no vive para sí, sino para Cristo;Christianus vivit, non sibi, sed Christo;Christianus vivit, non sibi, sed Christo;San Ignacio de Antioquía;Epistola ad Ephesios, 20,2;Ignatius Antiochenus;Obispo de Antioquía, mártir y Padre Apostólico. Discípulo de San Juan Evangelista, martirizado en Roma. Autor de siete cartas escritas camino al martirio.;Episcopus Antiochenus, martyr et Pater Apostolicus. Discipulus Sancti Ioannis Evangelistae, Romae martyrizatus. Auctor septem epistularum in via ad martyrium scriptarum.;la;Latín;Lingua Latina;Roma;Roma;Edad Antigua;Antiquitas;https://i.ibb.co/yFrskTBq/ignacioantio.png;0
232;Dejadme ser pasto de las fieras;Sinite me bestiarum esse cibum;Sinite me bestiarum esse cibum;San Ignacio de Antioquía;Epistola ad Smyrnaeos, 4,1;Ignatius Antiochenus;Obispo de Antioquía, mártir y Padre Apostólico. Discípulo de San Juan Evangelista, martirizado en Roma. Autor de siete cartas escritas camino al martirio.;Episcopus Antiochenus, martyr et Pater Apostolicus. Discipulus Sancti Ioannis Evangelistae, Romae martyrizatus. Auctor septem epistularum in via ad martyrium scriptarum.;la;Latín;Lingua Latina;Roma;Roma;Edad Antigua;Antiquitas;https://i.ibb.co/yFrskTBq/ignacioantio.png;0
233;Mi amor ha sido crucificado;Meus amor crucifixus est;Meus amor crucifixus est;San Ignacio de Antioquía;Epistola ad Ephesios, 17,1;Ignatius Antiochenus;Obispo de Antioquía, mártir y Padre Apostólico. Discípulo de San Juan Evangelista, martirizado en Roma. Autor de siete cartas escritas camino al martirio.;Episcopus Antiochenus, martyr et Pater Apostolicus. Discipulus Sancti Ioannis Evangelistae, Romae martyrizatus. Auctor septem epistularum in via ad martyrium scriptarum.;la;Latín;Lingua Latina;Roma;Roma;Edad Antigua;Antiquitas;https://i.ibb.co/yFrskTBq/ignacioantio.png;0
234;Una fe, una esperanza, una caridad;Una fides, una spes, una caritas;Una fides, una spes, una caritas;San Ignacio de Antioquía;Epistola ad Ephesios, 20,2;Ignatius Antiochenus;Obispo de Antioquía, mártir y Padre Apostólico. Discípulo de San Juan Evangelista, martirizado en Roma. Autor de siete cartas escritas camino al martirio.;Episcopus Antiochenus, martyr et Pater Apostolicus. Discipulus Sancti Ioannis Evangelistae, Romae martyrizatus. Auctor septem epistularum in via ad martyrium scriptarum.;la;Latín;Lingua Latina;Roma;Roma;Edad Antigua;Antiquitas;https://i.ibb.co/yFrskTBq/ignacioantio.png;0
235;Permaneced en la unidad de Dios;In unitate Dei permanete;In unitate Dei permanete;San Ignacio de Antioquía;Epistola ad Ephesios, 8,1;Ignatius Antiochenus;Obispo de Antioquía, mártir y Padre Apostólico. Discípulo de San Juan Evangelista, martirizado en Roma. Autor de siete cartas escritas camino al martirio.;Episcopus Antiochenus, martyr et Pater Apostolicus. Discipulus Sancti Ioannis Evangelistae, Romae martyrizatus. Auctor septem epistularum in via ad martyrium scriptarum.;la;Latín;Lingua Latina;Roma;Roma;Edad Antigua;Antiquitas;https://i.ibb.co/yFrskTBq/ignacioantio.png;0
236;Entonces seré verdaderamente discípulo;Tunc vere discipulus ero;Tunc vere discipulus ero;San Ignacio de Antioquía;Epistola ad Smyrnaeos, 9,1;Ignatius Antiochenus;Obispo de Antioquía, mártir y Padre Apostólico. Discípulo de San Juan Evangelista, martirizado en Roma. Autor de siete cartas escritas camino al martirio.;Episcopus Antiochenus, martyr et Pater Apostolicus. Discipulus Sancti Ioannis Evangelistae, Romae martyrizatus. Auctor septem epistularum in via ad martyrium scriptarum.;la;Latín;Lingua Latina;Roma;Roma;Edad Antigua;Antiquitas;https://i.ibb.co/yFrskTBq/ignacioantio.png;0
237;Ochenta y seis años sirvo al Señor;Octoginta sex annos Domino servio;Octoginta sex annos Domino servio;San Policarpo de Esmirna;Epistola ad Philippenses, 1,1;Polycarpus Smyrnaeus;Obispo de Esmirna, mártir y Padre Apostólico. Discípulo del apóstol Juan, martirizado a los 86 años. Una de las tres figuras principales de los Padres Apostólicos.;Episcopus Smyrnaeus, martyr et Pater Apostolicus. Discipulus apostoli Ioannis, octoginta sex annos natus martyrizatus. Una ex tribus figuris principalibus Patrum Apostolicorum.;la;Latín;Lingua Latina;Roma;Roma;Edad Antigua;Antiquitas;https://i.ibb.co/GQTLb5X7/policarpo.png;0
238;Soy cristiano;Christianus sum;Christianus sum;San Policarpo de Esmirna;Martyrium Polycarpi, 1,1;Polycarpus Smyrnaeus;Obispo de Esmirna, mártir y Padre Apostólico. Discípulo del apóstol Juan, martirizado a los 86 años. Una de las tres figuras principales de los Padres Apostólicos.;Episcopus Smyrnaeus, martyr et Pater Apostolicus. Discipulus apostoli Ioannis, octoginta sex annos natus martyrizatus. Una ex tribus figuris principalibus Patrum Apostolicorum.;la;Latín;Lingua Latina;Roma;Roma;Edad Antigua;Antiquitas;https://i.ibb.co/GQTLb5X7/policarpo.png;0
239;Quien no confiesa la cruz, es del diablo;Qui non confitetur crucem, ex diabolo est;Qui non confitetur crucem, ex diabolo est;San Policarpo de Esmirna;Martyrium Polycarpi, 9,1;Polycarpus Smyrnaeus;Obispo de Esmirna, mártir y Padre Apostólico. Discípulo del apóstol Juan, martirizado a los 86 años. Una de las tres figuras principales de los Padres Apostólicos.;Episcopus Smyrnaeus, martyr et Pater Apostolicus. Discipulus apostoli Ioannis, octoginta sex annos natus martyrizatus. Una ex tribus figuris principalibus Patrum Apostolicorum.;la;Latín;Lingua Latina;Roma;Roma;Edad Antigua;Antiquitas;https://i.ibb.co/GQTLb5X7/policarpo.png;0
240;Orad por los reyes y las autoridades;Orate pro regibus et potestatibus;Orate pro regibus et potestatibus;San Policarpo de Esmirna;Epistola ad Philippenses, 6,2;Polycarpus Smyrnaeus;Obispo de Esmirna, mártir y Padre Apostólico. Discípulo del apóstol Juan, martirizado a los 86 años. Una de las tres figuras principales de los Padres Apostólicos.;Episcopus Smyrnaeus, martyr et Pater Apostolicus. Discipulus apostoli Ioannis, octoginta sex annos natus martyrizatus. Una ex tribus figuris principalibus Patrum Apostolicorum.;la;Latín;Lingua Latina;Roma;Roma;Edad Antigua;Antiquitas;https://i.ibb.co/GQTLb5X7/policarpo.png;0
241;La fe es madre de todos nosotros;Fides mater omnium nostrum;Fides mater omnium nostrum;San Policarpo de Esmirna;Epistola ad Philippenses, 7,1;Polycarpus Smyrnaeus;Obispo de Esmirna, mártir y Padre Apostólico. Discípulo del apóstol Juan, martirizado a los 86 años. Una de las tres figuras principales de los Padres Apostólicos.;Episcopus Smyrnaeus, martyr et Pater Apostolicus. Discipulus apostoli Ioannis, octoginta sex annos natus martyrizatus. Una ex tribus figuris principalibus Patrum Apostolicorum.;la;Latín;Lingua Latina;Roma;Roma;Edad Antigua;Antiquitas;https://i.ibb.co/GQTLb5X7/policarpo.png;0
242;La misericordia y la paciencia vencen todo;Misericordia et patientia vincunt omnia;Misericordia et patientia vincunt omnia;San Policarpo de Esmirna;Epistola ad Philippenses, 9,1;Polycarpus Smyrnaeus;Obispo de Esmirna, mártir y Padre Apostólico. Discípulo del apóstol Juan, martirizado a los 86 años. Una de las tres figuras principales de los Padres Apostólicos.;Episcopus Smyrnaeus, martyr et Pater Apostolicus. Discipulus apostoli Ioannis, octoginta sex annos natus martyrizatus. Una ex tribus figuris principalibus Patrum Apostolicorum.;la;Latín;Lingua Latina;Roma;Roma;Edad Antigua;Antiquitas;https://i.ibb.co/GQTLb5X7/policarpo.png;0
243;Permaneced en la verdad;In veritate permanete;In veritate permanete;San Policarpo de Esmirna;Epistola ad Philippenses, 8,1;Polycarpus Smyrnaeus;Obispo de Esmirna, mártir y Padre Apostólico. Discípulo del apóstol Juan, martirizado a los 86 años. Una de las tres figuras principales de los Padres Apostólicos.;Episcopus Smyrnaeus, martyr et Pater Apostolicus. Discipulus apostoli Ioannis, octoginta sex annos natus martyrizatus. Una ex tribus figuris principalibus Patrum Apostolicorum.;la;Latín;Lingua Latina;Roma;Roma;Edad Antigua;Antiquitas;https://i.ibb.co/GQTLb5X7/policarpo.png;0
244;La resurrección de Cristo es el fundamento de nuestra fe;Resurrectio Christi fundamentum fidei nostrae;Resurrectio Christi fundamentum fidei nostrae;San Policarpo de Esmirna;Epistola ad Philippenses, 7,2;Polycarpus Smyrnaeus;Obispo de Esmirna, mártir y Padre Apostólico. Discípulo del apóstol Juan, martirizado a los 86 años. Una de las tres figuras principales de los Padres Apostólicos.;Episcopus Smyrnaeus, martyr et Pater Apostolicus. Discipulus apostoli Ioannis, octoginta sex annos natus martyrizatus. Una ex tribus figuris principalibus Patrum Apostolicorum.;la;Latín;Lingua Latina;Roma;Roma;Edad Antigua;Antiquitas;https://i.ibb.co/GQTLb5X7/policarpo.png;0
245;Absteneos de la avaricia;Abstinete ab avaritia;Abstinete ab avaritia;San Policarpo de Esmirna;Epistola ad Philippenses, 9,3;Polycarpus Smyrnaeus;Obispo de Esmirna, mártir y Padre Apostólico. Discípulo del apóstol Juan, martirizado a los 86 años. Una de las tres figuras principales de los Padres Apostólicos.;Episcopus Smyrnaeus, martyr et Pater Apostolicus. Discipulus apostoli Ioannis, octoginta sex annos natus martyrizatus. Una ex tribus figuris principalibus Patrum Apostolicorum.;la;Latín;Lingua Latina;Roma;Roma;Edad Antigua;Antiquitas;https://i.ibb.co/GQTLb5X7/policarpo.png;0
246;El amor al prójimo es perfección;Dilectio proximi perfectio est;Dilectio proximi perfectio est;San Policarpo de Esmirna;Epistola ad Philippenses, 6,3;Polycarpus Smyrnaeus;Obispo de Esmirna, mártir y Padre Apostólico. Discípulo del apóstol Juan, martirizado a los 86 años. Una de las tres figuras principales de los Padres Apostólicos.;Episcopus Smyrnaeus, martyr et Pater Apostolicus. Discipulus apostoli Ioannis, octoginta sex annos natus martyrizatus. Una ex tribus figuris principalibus Patrum Apostolicorum.;la;Latín;Lingua Latina;Roma;Roma;Edad Antigua;Antiquitas;https://i.ibb.co/GQTLb5X7/policarpo.png;0
247;La gloria de Dios es el hombre que vive;Gloria Dei vivens homo;Gloria Dei vivens homo;San Ireneo de Lyon;Adversus Haereses, 4,20,7;Irenaeus Lugdunensis;Obispo de Lyon, Padre de la Iglesia y mártir. Discípulo de San Policarpo, combatió el gnosticismo. Primer teólogo que consideró esenciales los cuatro evangelios canónicos.;Episcopus Lugdunensis, Pater Ecclesiae et martyr. Discipulus Sancti Polycarpi, gnosticismum impugnavit. Primus theologus quattuor evangelia canonica essentialia consideravit.;la;Latín;Lingua Latina;Roma;Roma;Edad Antigua;Antiquitas;https://i.ibb.co/ccNf9TJC/ireneolion.png;0
248;La vida del hombre es la visión de Dios;Vita hominis visio Dei;Vita hominis visio Dei;San Ireneo de Lyon;Adversus Haereses, 4,20,7;Irenaeus Lugdunensis;Obispo de Lyon, Padre de la Iglesia y mártir. Discípulo de San Policarpo, combatió el gnosticismo. Primer teólogo que consideró esenciales los cuatro evangelios canónicos.;Episcopus Lugdunensis, Pater Ecclesiae et martyr. Discipulus Sancti Polycarpi, gnosticismum impugnavit. Primus theologus quattuor evangelia canonica essentialia consideravit.;la;Latín;Lingua Latina;Roma;Roma;Edad Antigua;Antiquitas;https://i.ibb.co/ccNf9TJC/ireneolion.png;0
249;El Verbo de Dios se hizo carne;Verbum Dei caro factum est;Verbum Dei caro factum est;San Ireneo de Lyon;Adversus Haereses, 3,18,1;Irenaeus Lugdunensis;Obispo de Lyon, Padre de la Iglesia y mártir. Discípulo de San Policarpo, combatió el gnosticismo. Primer teólogo que consideró esenciales los cuatro evangelios canónicos.;Episcopus Lugdunensis, Pater Ecclesiae et martyr. Discipulus Sancti Polycarpi, gnosticismum impugnavit. Primus theologus quattuor evangelia canonica essentialia consideravit.;la;Latín;Lingua Latina;Roma;Roma;Edad Antigua;Antiquitas;https://i.ibb.co/ccNf9TJC/ireneolion.png;0
250;Donde está la Iglesia, allí está el Espíritu;Ubi Ecclesia, ibi Spiritus;Ubi Ecclesia, ibi Spiritus;San Ireneo de Lyon;Adversus Haereses, 3,3,2;Irenaeus Lugdunensis;Obispo de Lyon, Padre de la Iglesia y mártir. Discípulo de San Policarpo, combatió el gnosticismo. Primer teólogo que consideró esenciales los cuatro evangelios canónicos.;Episcopus Lugdunensis, Pater Ecclesiae et martyr. Discipulus Sancti Polycarpi, gnosticismum impugnavit. Primus theologus quattuor evangelia canonica essentialia consideravit.;la;Latín;Lingua Latina;Roma;Roma;Edad Antigua;Antiquitas;https://i.ibb.co/ccNf9TJC/ireneolion.png;0
251;Recapitulación de todo en Cristo;Recapitulatio omnium in Christo;Recapitulatio omnium in Christo;San Ireneo de Lyon;Adversus Haereses, 3,21,1;Irenaeus Lugdunensis;Obispo de Lyon, Padre de la Iglesia y mártir. Discípulo de San Policarpo, combatió el gnosticismo. Primer teólogo que consideró esenciales los cuatro evangelios canónicos.;Episcopus Lugdunensis, Pater Ecclesiae et martyr. Discipulus Sancti Polycarpi, gnosticismum impugnavit. Primus theologus quattuor evangelia canonica essentialia consideravit.;la;Latín;Lingua Latina;Roma;Roma;Edad Antigua;Antiquitas;https://i.ibb.co/ccNf9TJC/ireneolion.png;0
252;La tradición apostólica es luz de verdad;Traditio apostolica lumen veritatis;Traditio apostolica lumen veritatis;San Ireneo de Lyon;Adversus Haereses, 3,4,1;Irenaeus Lugdunensis;Obispo de Lyon, Padre de la Iglesia y mártir. Discípulo de San Policarpo, combatió el gnosticismo. Primer teólogo que consideró esenciales los cuatro evangelios canónicos.;Episcopus Lugdunensis, Pater Ecclesiae et martyr. Discipulus Sancti Polycarpi, gnosticismum impugnavit. Primus theologus quattuor evangelia canonica essentialia consideravit.;la;Latín;Lingua Latina;Roma;Roma;Edad Antigua;Antiquitas;https://i.ibb.co/ccNf9TJC/ireneolion.png;0
253;Cristo se hizo lo que nosotros somos;Christus factus est quod sumus;Christus factus est quod sumus;San Ireneo de Lyon;Adversus Haereses, 3,18,1;Irenaeus Lugdunensis;Obispo de Lyon, Padre de la Iglesia y mártir. Discípulo de San Policarpo, combatió el gnosticismo. Primer teólogo que consideró esenciales los cuatro evangelios canónicos.;Episcopus Lugdunensis, Pater Ecclesiae et martyr. Discipulus Sancti Polycarpi, gnosticismum impugnavit. Primus theologus quattuor evangelia canonica essentialia consideravit.;la;Latín;Lingua Latina;Roma;Roma;Edad Antigua;Antiquitas;https://i.ibb.co/ccNf9TJC/ireneolion.png;0
254;Una sola fe en todo el mundo;Fides una in toto mundo;Fides una in toto mundo;San Ireneo de Lyon;Adversus Haereses, 1,10,2;Irenaeus Lugdunensis;Obispo de Lyon, Padre de la Iglesia y mártir. Discípulo de San Policarpo, combatió el gnosticismo. Primer teólogo que consideró esenciales los cuatro evangelios canónicos.;Episcopus Lugdunensis, Pater Ecclesiae et martyr. Discipulus Sancti Polycarpi, gnosticismum impugnavit. Primus theologus quattuor evangelia canonica essentialia consideravit.;la;Latín;Lingua Latina;Roma;Roma;Edad Antigua;Antiquitas;https://i.ibb.co/ccNf9TJC/ireneolion.png;0
255;La herejía es división del alma;Haeresis divisio animae;Haeresis divisio animae;San Ireneo de Lyon;Adversus Haereses, 2,29,4;Irenaeus Lugdunensis;Obispo de Lyon, Padre de la Iglesia y mártir. Discípulo de San Policarpo, combatió el gnosticismo. Primer teólogo que consideró esenciales los cuatro evangelios canónicos.;Episcopus Lugdunensis, Pater Ecclesiae et martyr. Discipulus Sancti Polycarpi, gnosticismum impugnavit. Primus theologus quattuor evangelia canonica essentialia consideravit.;la;Latín;Lingua Latina;Roma;Roma;Edad Antigua;Antiquitas;https://i.ibb.co/ccNf9TJC/ireneolion.png;0
256;En la unidad de la Iglesia está la salvación;In unitate Ecclesiae salus;In unitate Ecclesiae salus;San Ireneo de Lyon;Adversus Haereses, 3,23,2;Irenaeus Lugdunensis;Obispo de Lyon, Padre de la Iglesia y mártir. Discípulo de San Policarpo, combatió el gnosticismo. Primer teólogo que consideró esenciales los cuatro evangelios canónicos.;Episcopus Lugdunensis, Pater Ecclesiae et martyr. Discipulus Sancti Polycarpi, gnosticismum impugnavit. Primus theologus quattuor evangelia canonica essentialia consideravit.;la;Latín;Lingua Latina;Roma;Roma;Edad Antigua;Antiquitas;https://i.ibb.co/ccNf9TJC/ireneolion.png;0
257;Dios se hizo hombre para que nosotros fuéramos dioses;Deus homo factus est ut nos dii fieremus;Deus homo factus est ut nos dii fieremus;San Atanasio;De incarnatione Verbi, 54;Athanasius Alexandrinus;"Obispo de Alejandría, Doctor de la Iglesia y defensor de la ortodoxia nicena contra el arrianismo. Autor de la ""Vida de San Antonio"", influyente en la espiritualidad monástica.";"Episcopus Alexandrinus, Doctor Ecclesiae et defensor orthodoxiae Nicaenae contra arianismum. Auctor ""Vita Sancti Antonii"", in spiritualitate monastica influens.";la;Latín;Lingua Latina;Roma;Roma;Edad Antigua;Antiquitas;https://i.ibb.co/N2qBhZS8/atanasio.png;0
258;Atanasio contra el mundo;Athanasius contra mundum;Athanasius contra mundum;San Atanasio;Epistula ad Antiochenos, 1,1;Athanasius Alexandrinus;"Obispo de Alejandría, Doctor de la Iglesia y defensor de la ortodoxia nicena contra el arrianismo. Autor de la ""Vida de San Antonio"", influyente en la espiritualidad monástica.";"Episcopus Alexandrinus, Doctor Ecclesiae et defensor orthodoxiae Nicaenae contra arianismum. Auctor ""Vita Sancti Antonii"", in spiritualitate monastica influens.";la;Latín;Lingua Latina;Roma;Roma;Edad Antigua;Antiquitas;https://i.ibb.co/N2qBhZS8/atanasio.png;0
259;El Hijo de Dios es el Verbo del Padre;Filius Dei Verbum Patris;Filius Dei Verbum Patris;San Atanasio;De Synodis, 3,2;Athanasius Alexandrinus;"Obispo de Alejandría, Doctor de la Iglesia y defensor de la ortodoxia nicena contra el arrianismo. Autor de la ""Vida de San Antonio"", influyente en la espiritualidad monástica.";"Episcopus Alexandrinus, Doctor Ecclesiae et defensor orthodoxiae Nicaenae contra arianismum. Auctor ""Vita Sancti Antonii"", in spiritualitate monastica influens.";la;Latín;Lingua Latina;Roma;Roma;Edad Antigua;Antiquitas;https://i.ibb.co/N2qBhZS8/atanasio.png;0
260;Consustancial con el Padre;Consubstantialis Patri;Consubstantialis Patri;San Atanasio;Symbolum Nicaenum, 325;Athanasius Alexandrinus;"Obispo de Alejandría, Doctor de la Iglesia y defensor de la ortodoxia nicena contra el arrianismo. Autor de la ""Vida de San Antonio"", influyente en la espiritualidad monástica.";"Episcopus Alexandrinus, Doctor Ecclesiae et defensor orthodoxiae Nicaenae contra arianismum. Auctor ""Vita Sancti Antonii"", in spiritualitate monastica influens.";la;Latín;Lingua Latina;Roma;Roma;Edad Antigua;Antiquitas;https://i.ibb.co/N2qBhZS8/atanasio.png;0
261;La encarnación es misterio de salvación;Incarnatio mysterium salutis;Incarnatio mysterium salutis;San Atanasio;De incarnatione Verbi, 7;Athanasius Alexandrinus;"Obispo de Alejandría, Doctor de la Iglesia y defensor de la ortodoxia nicena contra el arrianismo. Autor de la ""Vida de San Antonio"", influyente en la espiritualidad monástica.";"Episcopus Alexandrinus, Doctor Ecclesiae et defensor orthodoxiae Nicaenae contra arianismum. Auctor ""Vita Sancti Antonii"", in spiritualitate monastica influens.";la;Latín;Lingua Latina;Roma;Roma;Edad Antigua;Antiquitas;https://i.ibb.co/N2qBhZS8/atanasio.png;0
262;La Escritura se entiende por el Espíritu;Scriptura per Spiritum intelligitur;Scriptura per Spiritum intelligitur;San Atanasio;Epistula ad Serapionem, 2,3;Athanasius Alexandrinus;"Obispo de Alejandría, Doctor de la Iglesia y defensor de la ortodoxia nicena contra el arrianismo. Autor de la ""Vida de San Antonio"", influyente en la espiritualidad monástica.";"Episcopus Alexandrinus, Doctor Ecclesiae et defensor orthodoxiae Nicaenae contra arianismum. Auctor ""Vita Sancti Antonii"", in spiritualitate monastica influens.";la;Latín;Lingua Latina;Roma;Roma;Edad Antigua;Antiquitas;https://i.ibb.co/N2qBhZS8/atanasio.png;0
263;La verdad de Dios es inmutable;Veritas Dei immutabilis est;Veritas Dei immutabilis est;San Atanasio;De Synodis, 1,1;Athanasius Alexandrinus;"Obispo de Alejandría, Doctor de la Iglesia y defensor de la ortodoxia nicena contra el arrianismo. Autor de la ""Vida de San Antonio"", influyente en la espiritualidad monástica.";"Episcopus Alexandrinus, Doctor Ecclesiae et defensor orthodoxiae Nicaenae contra arianismum. Auctor ""Vita Sancti Antonii"", in spiritualitate monastica influens.";la;Latín;Lingua Latina;Roma;Roma;Edad Antigua;Antiquitas;https://i.ibb.co/N2qBhZS8/atanasio.png;0
264;La vida monástica es vida de ángeles;Vita monastica angelorum vita;Vita monastica angelorum vita;San Atanasio;Vita Antonii, 12;Athanasius Alexandrinus;"Obispo de Alejandría, Doctor de la Iglesia y defensor de la ortodoxia nicena contra el arrianismo. Autor de la ""Vida de San Antonio"", influyente en la espiritualidad monástica.";"Episcopus Alexandrinus, Doctor Ecclesiae et defensor orthodoxiae Nicaenae contra arianismum. Auctor ""Vita Sancti Antonii"", in spiritualitate monastica influens.";la;Latín;Lingua Latina;Roma;Roma;Edad Antigua;Antiquitas;https://i.ibb.co/N2qBhZS8/atanasio.png;0
265;La fe de Nicea es la fe católica;Fides Nicaena fides catholica;Fides Nicaena fides catholica;San Atanasio;Symbolum Nicaenum, 325;Athanasius Alexandrinus;"Obispo de Alejandría, Doctor de la Iglesia y defensor de la ortodoxia nicena contra el arrianismo. Autor de la ""Vida de San Antonio"", influyente en la espiritualidad monástica.";"Episcopus Alexandrinus, Doctor Ecclesiae et defensor orthodoxiae Nicaenae contra arianismum. Auctor ""Vita Sancti Antonii"", in spiritualitate monastica influens.";la;Latín;Lingua Latina;Roma;Roma;Edad Antigua;Antiquitas;https://i.ibb.co/N2qBhZS8/atanasio.png;0
266;En la cruz está nuestra victoria;In cruce victoria nostra;In cruce victoria nostra;San Atanasio;De incarnatione Verbi, 58;Athanasius Alexandrinus;"Obispo de Alejandría, Doctor de la Iglesia y defensor de la ortodoxia nicena contra el arrianismo. Autor de la ""Vida de San Antonio"", influyente en la espiritualidad monástica.";"Episcopus Alexandrinus, Doctor Ecclesiae et defensor orthodoxiae Nicaenae contra arianismum. Auctor ""Vita Sancti Antonii"", in spiritualitate monastica influens.";la;Latín;Lingua Latina;Roma;Roma;Edad Antigua;Antiquitas;https://i.ibb.co/N2qBhZS8/atanasio.png;0
267;El Espíritu Santo es Dios;Spiritus Sanctus Deus est;Spiritus Sanctus Deus est;San Basilio Magno;De Spiritu Sancto, 1;Basilius Magnus;Obispo de Cesarea, Doctor de la Iglesia y Padre Capadocio. Hermano de San Gregorio de Nisa, organizador del monaquismo oriental y defensor de la ortodoxia nicena.;Episcopus Caesariensis, Doctor Ecclesiae et Pater Cappadocius. Frater Sancti Gregorii Nysseni, monasticismi orientalis organizator et orthodoxiae Nicaenae defensor.;la;Latín;Lingua Latina;Roma;Roma;Edad Antigua;Antiquitas;https://i.ibb.co/3y7fTRWM/sanbasilio.png;0
268;La vida monástica es la verdadera filosofía;Monastica vita philosophia vera;Monastica vita philosophia vera;San Basilio Magno;Regulae Fusius Dispositae, 1;Basilius Magnus;Obispo de Cesarea, Doctor de la Iglesia y Padre Capadocio. Hermano de San Gregorio de Nisa, organizador del monaquismo oriental y defensor de la ortodoxia nicena.;Episcopus Caesariensis, Doctor Ecclesiae et Pater Cappadocius. Frater Sancti Gregorii Nysseni, monasticismi orientalis organizator et orthodoxiae Nicaenae defensor.;la;Latín;Lingua Latina;Roma;Roma;Edad Antigua;Antiquitas;https://i.ibb.co/3y7fTRWM/sanbasilio.png;0
269;La caridad es vínculo de perfección;Caritas vinculum perfectionis;Caritas vinculum perfectionis;San Basilio Magno;Epistulae, 188;Basilius Magnus;Obispo de Cesarea, Doctor de la Iglesia y Padre Capadocio. Hermano de San Gregorio de Nisa, organizador del monaquismo oriental y defensor de la ortodoxia nicena.;Episcopus Caesariensis, Doctor Ecclesiae et Pater Cappadocius. Frater Sancti Gregorii Nysseni, monasticismi orientalis organizator et orthodoxiae Nicaenae defensor.;la;Latín;Lingua Latina;Roma;Roma;Edad Antigua;Antiquitas;https://i.ibb.co/3y7fTRWM/sanbasilio.png;0
270;La pobreza evangélica es tesoro;Paupertas evangelica thesaurus;Paupertas evangelica thesaurus;San Basilio Magno;Regulae Fusius Dispositae, 3;Basilius Magnus;Obispo de Cesarea, Doctor de la Iglesia y Padre Capadocio. Hermano de San Gregorio de Nisa, organizador del monaquismo oriental y defensor de la ortodoxia nicena.;Episcopus Caesariensis, Doctor Ecclesiae et Pater Cappadocius. Frater Sancti Gregorii Nysseni, monasticismi orientalis organizator et orthodoxiae Nicaenae defensor.;la;Latín;Lingua Latina;Roma;Roma;Edad Antigua;Antiquitas;https://i.ibb.co/3y7fTRWM/sanbasilio.png;0
271;La oración es ascenso de la mente a Dios;Oratio ascensus mentis ad Deum;Oratio ascensus mentis ad Deum;San Basilio Magno;De Spiritu Sancto, 2;Basilius Magnus;Obispo de Cesarea, Doctor de la Iglesia y Padre Capadocio. Hermano de San Gregorio de Nisa, organizador del monaquismo oriental y defensor de la ortodoxia nicena.;Episcopus Caesariensis, Doctor Ecclesiae et Pater Cappadocius. Frater Sancti Gregorii Nysseni, monasticismi orientalis organizator et orthodoxiae Nicaenae defensor.;la;Latín;Lingua Latina;Roma;Roma;Edad Antigua;Antiquitas;https://i.ibb.co/3y7fTRWM/sanbasilio.png;0
272;La humildad es fundamento de la virtud;Humilitas fundamentum virtutis;Humilitas fundamentum virtutis;San Basilio Magno;Regulae Fusius Dispositae, 5;Basilius Magnus;Obispo de Cesarea, Doctor de la Iglesia y Padre Capadocio. Hermano de San Gregorio de Nisa, organizador del monaquismo oriental y defensor de la ortodoxia nicena.;Episcopus Caesariensis, Doctor Ecclesiae et Pater Cappadocius. Frater Sancti Gregorii Nysseni, monasticismi orientalis organizator et orthodoxiae Nicaenae defensor.;la;Latín;Lingua Latina;Roma;Roma;Edad Antigua;Antiquitas;https://i.ibb.co/3y7fTRWM/sanbasilio.png;0
273;La Escritura es camino al conocimiento de Dios;Scriptura via ad cognitionem Dei;Scriptura via ad cognitionem Dei;San Basilio Magno;De Spiritu Sancto, 3;Basilius Magnus;Obispo de Cesarea, Doctor de la Iglesia y Padre Capadocio. Hermano de San Gregorio de Nisa, organizador del monaquismo oriental y defensor de la ortodoxia nicena.;Episcopus Caesariensis, Doctor Ecclesiae et Pater Cappadocius. Frater Sancti Gregorii Nysseni, monasticismi orientalis organizator et orthodoxiae Nicaenae defensor.;la;Latín;Lingua Latina;Roma;Roma;Edad Antigua;Antiquitas;https://i.ibb.co/3y7fTRWM/sanbasilio.png;0
274;Trinidad una naturaleza, tres personas;Trinitas una natura, tres personae;Trinitas una natura, tres personae;San Basilio Magno;De Spiritu Sancto, 6;Basilius Magnus;Obispo de Cesarea, Doctor de la Iglesia y Padre Capadocio. Hermano de San Gregorio de Nisa, organizador del monaquismo oriental y defensor de la ortodoxia nicena.;Episcopus Caesariensis, Doctor Ecclesiae et Pater Cappadocius. Frater Sancti Gregorii Nysseni, monasticismi orientalis organizator et orthodoxiae Nicaenae defensor.;la;Latín;Lingua Latina;Roma;Roma;Edad Antigua;Antiquitas;https://i.ibb.co/3y7fTRWM/sanbasilio.png;0
275;Las buenas obras son fruto de la fe;Bona opera fructus fidei;Bona opera fructus fidei;San Basilio Magno;De Spiritu Sancto, 4;Basilius Magnus;Obispo de Cesarea, Doctor de la Iglesia y Padre Capadocio. Hermano de San Gregorio de Nisa, organizador del monaquismo oriental y defensor de la ortodoxia nicena.;Episcopus Caesariensis, Doctor Ecclesiae et Pater Cappadocius. Frater Sancti Gregorii Nysseni, monasticismi orientalis organizator et orthodoxiae Nicaenae defensor.;la;Latín;Lingua Latina;Roma;Roma;Edad Antigua;Antiquitas;https://i.ibb.co/3y7fTRWM/sanbasilio.png;0
276;La vida contemplativa es el sumo bien;Vita contemplativa summum bonum;Vita contemplativa summum bonum;San Basilio Magno;Regulae Fusius Dispositae, 10;Basilius Magnus;Obispo de Cesarea, Doctor de la Iglesia y Padre Capadocio. Hermano de San Gregorio de Nisa, organizador del monaquismo oriental y defensor de la ortodoxia nicena.;Episcopus Caesariensis, Doctor Ecclesiae et Pater Cappadocius. Frater Sancti Gregorii Nysseni, monasticismi orientalis organizator et orthodoxiae Nicaenae defensor.;la;Latín;Lingua Latina;Roma;Roma;Edad Antigua;Antiquitas;https://i.ibb.co/3y7fTRWM/sanbasilio.png;0
277;Teólogo es el que ora;Theologus est qui orat;Θεολόγος ὁ προσευχόμενος;San Gregorio Nacianceno;Orationes, 1,1;Gregorius Nazianzenus;"Arzobispo de Constantinopla, Doctor de la Iglesia y Padre Capadocio. Llamado ""el Teólogo"", gran orador y defensor de la Trinidad. Uno de los tres Padres Capadocios.";"Archiepiscopus Constantinopolitanus, Doctor Ecclesiae et Pater Cappadocius. ""Theologus"" vocatus, orator magnus et defensor Trinitatis. Unus ex tribus Patribus Cappadociis.";la;Latín;Lingua Latina;Roma;Roma;Edad Antigua;Antiquitas;https://i.ibb.co/whvy5Lhm/sangregorioana.png;0
278;La Trinidad es una luz;Trinitas lumen unum;Trinitas lumen unum;San Gregorio Nacianceno;Orationes, 2,4;Gregorius Nazianzenus;"Arzobispo de Constantinopla, Doctor de la Iglesia y Padre Capadocio. Llamado ""el Teólogo"", gran orador y defensor de la Trinidad. Uno de los tres Padres Capadocios.";"Archiepiscopus Constantinopolitanus, Doctor Ecclesiae et Pater Cappadocius. ""Theologus"" vocatus, orator magnus et defensor Trinitatis. Unus ex tribus Patribus Cappadociis.";la;Latín;Lingua Latina;Roma;Roma;Edad Antigua;Antiquitas;https://i.ibb.co/whvy5Lhm/sangregorioana.png;0
279;El silencio es alabanza de Dios;Silentium Dei laus est;Silentium Dei laus est;San Gregorio Nacianceno;Orationes, 3,5;Gregorius Nazianzenus;"Arzobispo de Constantinopla, Doctor de la Iglesia y Padre Capadocio. Llamado ""el Teólogo"", gran orador y defensor de la Trinidad. Uno de los tres Padres Capadocios.";"Archiepiscopus Constantinopolitanus, Doctor Ecclesiae et Pater Cappadocius. ""Theologus"" vocatus, orator magnus et defensor Trinitatis. Unus ex tribus Patribus Cappadociis.";la;Latín;Lingua Latina;Roma;Roma;Edad Antigua;Antiquitas;https://i.ibb.co/whvy5Lhm/sangregorioana.png;0
280;Cristo es pan vivo del cielo;Christus panis vivus de caelo;Christus panis vivus de caelo;San Gregorio Nacianceno;Orationes, 4,6;Gregorius Nazianzenus;"Arzobispo de Constantinopla, Doctor de la Iglesia y Padre Capadocio. Llamado ""el Teólogo"", gran orador y defensor de la Trinidad. Uno de los tres Padres Capadocios.";"Archiepiscopus Constantinopolitanus, Doctor Ecclesiae et Pater Cappadocius. ""Theologus"" vocatus, orator magnus et defensor Trinitatis. Unus ex tribus Patribus Cappadociis.";la;Latín;Lingua Latina;Roma;Roma;Edad Antigua;Antiquitas;https://i.ibb.co/whvy5Lhm/sangregorioana.png;0
281;El Espíritu Santo es Dios perfecto;Spiritus Sanctus Deus perfectus;Spiritus Sanctus Deus perfectus;San Gregorio Nacianceno;Orationes, 5,2;Gregorius Nazianzenus;"Arzobispo de Constantinopla, Doctor de la Iglesia y Padre Capadocio. Llamado ""el Teólogo"", gran orador y defensor de la Trinidad. Uno de los tres Padres Capadocios.";"Archiepiscopus Constantinopolitanus, Doctor Ecclesiae et Pater Cappadocius. ""Theologus"" vocatus, orator magnus et defensor Trinitatis. Unus ex tribus Patribus Cappadociis.";la;Latín;Lingua Latina;Roma;Roma;Edad Antigua;Antiquitas;https://i.ibb.co/whvy5Lhm/sangregorioana.png;0
282;El bautismo es iluminación del alma;Baptismus illuminatio animae;Baptismus illuminatio animae;San Gregorio Nacianceno;Orationes, 6,3;Gregorius Nazianzenus;"Arzobispo de Constantinopla, Doctor de la Iglesia y Padre Capadocio. Llamado ""el Teólogo"", gran orador y defensor de la Trinidad. Uno de los tres Padres Capadocios.";"Archiepiscopus Constantinopolitanus, Doctor Ecclesiae et Pater Cappadocius. ""Theologus"" vocatus, orator magnus et defensor Trinitatis. Unus ex tribus Patribus Cappadociis.";la;Latín;Lingua Latina;Roma;Roma;Edad Antigua;Antiquitas;https://i.ibb.co/whvy5Lhm/sangregorioana.png;0
283;El Verbo es elocuencia divina;Verbum eloquentia divina;Verbum eloquentia divina;San Gregorio Nacianceno;Orationes, 7,1;Gregorius Nazianzenus;"Arzobispo de Constantinopla, Doctor de la Iglesia y Padre Capadocio. Llamado ""el Teólogo"", gran orador y defensor de la Trinidad. Uno de los tres Padres Capadocios.";"Archiepiscopus Constantinopolitanus, Doctor Ecclesiae et Pater Cappadocius. ""Theologus"" vocatus, orator magnus et defensor Trinitatis. Unus ex tribus Patribus Cappadociis.";la;Latín;Lingua Latina;Roma;Roma;Edad Antigua;Antiquitas;https://i.ibb.co/whvy5Lhm/sangregorioana.png;0
284;La pureza del corazón es visión de Dios;Puritas cordis visio Dei;Puritas cordis visio Dei;San Gregorio Nacianceno;Orationes, 8,4;Gregorius Nazianzenus;"Arzobispo de Constantinopla, Doctor de la Iglesia y Padre Capadocio. Llamado ""el Teólogo"", gran orador y defensor de la Trinidad. Uno de los tres Padres Capadocios.";"Archiepiscopus Constantinopolitanus, Doctor Ecclesiae et Pater Cappadocius. ""Theologus"" vocatus, orator magnus et defensor Trinitatis. Unus ex tribus Patribus Cappadociis.";la;Latín;Lingua Latina;Roma;Roma;Edad Antigua;Antiquitas;https://i.ibb.co/whvy5Lhm/sangregorioana.png;0
285;La filosofía es meditación de la muerte;Philosophia meditatio mortis;Philosophia meditatio mortis;San Gregorio Nacianceno;Orationes, 9,2;Gregorius Nazianzenus;"Arzobispo de Constantinopla, Doctor de la Iglesia y Padre Capadocio. Llamado ""el Teólogo"", gran orador y defensor de la Trinidad. Uno de los tres Padres Capadocios.";"Archiepiscopus Constantinopolitanus, Doctor Ecclesiae et Pater Cappadocius. ""Theologus"" vocatus, orator magnus et defensor Trinitatis. Unus ex tribus Patribus Cappadociis.";la;Latín;Lingua Latina;Roma;Roma;Edad Antigua;Antiquitas;https://i.ibb.co/whvy5Lhm/sangregorioana.png;0
286;La amistad es imagen de la Trinidad;Amicitia imago Trinitatis;Amicitia imago Trinitatis;San Gregorio Nacianceno;Orationes, 10,3;Gregorius Nazianzenus;"Arzobispo de Constantinopla, Doctor de la Iglesia y Padre Capadocio. Llamado ""el Teólogo"", gran orador y defensor de la Trinidad. Uno de los tres Padres Capadocios.";"Archiepiscopus Constantinopolitanus, Doctor Ecclesiae et Pater Cappadocius. ""Theologus"" vocatus, orator magnus et defensor Trinitatis. Unus ex tribus Patribus Cappadociis.";la;Latín;Lingua Latina;Roma;Roma;Edad Antigua;Antiquitas;https://i.ibb.co/whvy5Lhm/sangregorioana.png;0
287;El hombre es imagen de Dios;Homo imago Dei;Homo imago Dei;San Gregorio de Nisa;De hominis opificio, 1;Gregorius Nyssenus;Obispo de Nisa, Doctor de la Iglesia y Padre Capadocio. Hermano de San Basilio Magno, teólogo místico y filósofo cristiano. Uno de los tres Padres Capadocios.;Episcopus Nyssenus, Doctor Ecclesiae et Pater Cappadocius. Frater Sancti Basilii Magni, theologus mysticus et philosophus Christianus. Unus ex tribus Patribus Cappadociis.;la;Latín;Lingua Latina;Roma;Roma;Edad Antigua;Antiquitas;https://i.ibb.co/LXBmwpy1/sangregorioniza.png;0
288;Progreso perpetuo hacia Dios;Perpetua progressio ad Deum;Perpetua progressio ad Deum;San Gregorio de Nisa;De hominis opificio, 2;Gregorius Nyssenus;Obispo de Nisa, Doctor de la Iglesia y Padre Capadocio. Hermano de San Basilio Magno, teólogo místico y filósofo cristiano. Uno de los tres Padres Capadocios.;Episcopus Nyssenus, Doctor Ecclesiae et Pater Cappadocius. Frater Sancti Basilii Magni, theologus mysticus et philosophus Christianus. Unus ex tribus Patribus Cappadociis.;la;Latín;Lingua Latina;Roma;Roma;Edad Antigua;Antiquitas;https://i.ibb.co/LXBmwpy1/sangregorioniza.png;0
289;El alma siempre asciende;Anima semper ascendit;Anima semper ascendit;San Gregorio de Nisa;De anima, 1;Gregorius Nyssenus;Obispo de Nisa, Doctor de la Iglesia y Padre Capadocio. Hermano de San Basilio Magno, teólogo místico y filósofo cristiano. Uno de los tres Padres Capadocios.;Episcopus Nyssenus, Doctor Ecclesiae et Pater Cappadocius. Frater Sancti Basilii Magni, theologus mysticus et philosophus Christianus. Unus ex tribus Patribus Cappadociis.;la;Latín;Lingua Latina;Roma;Roma;Edad Antigua;Antiquitas;https://i.ibb.co/LXBmwpy1/sangregorioniza.png;0
290;La virginidad es vida angélica;Virginitas vita angelica;Virginitas vita angelica;San Gregorio de Nisa;De virginitate, 1;Gregorius Nyssenus;Obispo de Nisa, Doctor de la Iglesia y Padre Capadocio. Hermano de San Basilio Magno, teólogo místico y filósofo cristiano. Uno de los tres Padres Capadocios.;Episcopus Nyssenus, Doctor Ecclesiae et Pater Cappadocius. Frater Sancti Basilii Magni, theologus mysticus et philosophus Christianus. Unus ex tribus Patribus Cappadociis.;la;Latín;Lingua Latina;Roma;Roma;Edad Antigua;Antiquitas;https://i.ibb.co/LXBmwpy1/sangregorioniza.png;0
291;Contemplación de la belleza divina;Contemplatio divinae pulchritudinis;Contemplatio divinae pulchritudinis;San Gregorio de Nisa;De vita contemplativa, 3;Gregorius Nyssenus;Obispo de Nisa, Doctor de la Iglesia y Padre Capadocio. Hermano de San Basilio Magno, teólogo místico y filósofo cristiano. Uno de los tres Padres Capadocios.;Episcopus Nyssenus, Doctor Ecclesiae et Pater Cappadocius. Frater Sancti Basilii Magni, theologus mysticus et philosophus Christianus. Unus ex tribus Patribus Cappadociis.;la;Latín;Lingua Latina;Roma;Roma;Edad Antigua;Antiquitas;https://i.ibb.co/LXBmwpy1/sangregorioniza.png;0
292;Dios es incomprensible;Deus incomprehensibilis;Deus incomprehensibilis;San Gregorio de Nisa;Orationes catecheticae, 2;Gregorius Nyssenus;Obispo de Nisa, Doctor de la Iglesia y Padre Capadocio. Hermano de San Basilio Magno, teólogo místico y filósofo cristiano. Uno de los tres Padres Capadocios.;Episcopus Nyssenus, Doctor Ecclesiae et Pater Cappadocius. Frater Sancti Basilii Magni, theologus mysticus et philosophus Christianus. Unus ex tribus Patribus Cappadociis.;la;Latín;Lingua Latina;Roma;Roma;Edad Antigua;Antiquitas;https://i.ibb.co/LXBmwpy1/sangregorioniza.png;0
293;La libertad es perfección de la naturaleza;Libertas perfectio naturae;Libertas perfectio naturae;San Gregorio de Nisa;De hominis opificio, 4;Gregorius Nyssenus;Obispo de Nisa, Doctor de la Iglesia y Padre Capadocio. Hermano de San Basilio Magno, teólogo místico y filósofo cristiano. Uno de los tres Padres Capadocios.;Episcopus Nyssenus, Doctor Ecclesiae et Pater Cappadocius. Frater Sancti Basilii Magni, theologus mysticus et philosophus Christianus. Unus ex tribus Patribus Cappadociis.;la;Latín;Lingua Latina;Roma;Roma;Edad Antigua;Antiquitas;https://i.ibb.co/LXBmwpy1/sangregorioniza.png;0
294;La resurrección es restauración de la imagen;Resurrectio restauratio imaginis;Resurrectio restauratio imaginis;San Gregorio de Nisa;De resurrectione, 1;Gregorius Nyssenus;Obispo de Nisa, Doctor de la Iglesia y Padre Capadocio. Hermano de San Basilio Magno, teólogo místico y filósofo cristiano. Uno de los tres Padres Capadocios.;Episcopus Nyssenus, Doctor Ecclesiae et Pater Cappadocius. Frater Sancti Basilii Magni, theologus mysticus et philosophus Christianus. Unus ex tribus Patribus Cappadociis.;la;Latín;Lingua Latina;Roma;Roma;Edad Antigua;Antiquitas;https://i.ibb.co/LXBmwpy1/sangregorioniza.png;0
295;Ascenso místico hacia la luz;Mysticus ascensus ad lucem;Mysticus ascensus ad lucem;San Gregorio de Nisa;De anima, 3;Gregorius Nyssenus;Obispo de Nisa, Doctor de la Iglesia y Padre Capadocio. Hermano de San Basilio Magno, teólogo místico y filósofo cristiano. Uno de los tres Padres Capadocios.;Episcopus Nyssenus, Doctor Ecclesiae et Pater Cappadocius. Frater Sancti Basilii Magni, theologus mysticus et philosophus Christianus. Unus ex tribus Patribus Cappadociis.;la;Latín;Lingua Latina;Roma;Roma;Edad Antigua;Antiquitas;https://i.ibb.co/LXBmwpy1/sangregorioniza.png;0
296;El amor es deseo infinito;Amor desiderium infinitum;Amor desiderium infinitum;San Gregorio de Nisa;De vita contemplativa, 5;Gregorius Nyssenus;Obispo de Nisa, Doctor de la Iglesia y Padre Capadocio. Hermano de San Basilio Magno, teólogo místico y filósofo cristiano. Uno de los tres Padres Capadocios.;Episcopus Nyssenus, Doctor Ecclesiae et Pater Cappadocius. Frater Sancti Basilii Magni, theologus mysticus et philosophus Christianus. Unus ex tribus Patribus Cappadociis.;la;Latín;Lingua Latina;Roma;Roma;Edad Antigua;Antiquitas;https://i.ibb.co/LXBmwpy1/sangregorioniza.png;0
297;El emperador está dentro de la Iglesia, no sobre ella;Imperator intra Ecclesiam, non supra Ecclesiam est;Imperator intra Ecclesiam, non supra Ecclesiam est;San Ambrosio;De officiis ministrorum, 1;Ambrosius Mediolanensis;Obispo de Milán, Doctor de la Iglesia y Padre Latino. Maestro de San Agustín, defensor de la ortodoxia y autoridad moral frente al poder imperial.;Episcopus Mediolanensis, Doctor Ecclesiae et Pater Latinus. Magister Sancti Augustini, orthodoxiae defensor et auctoritas moralis contra imperium.;la;Latín;Lingua Latina;Roma;Roma;Edad Antigua;Antiquitas;https://i.ibb.co/yncvTttZ/sanambrosio.png;0
298;Donde hay fe, hay libertad;Ubi fides, ibi libertas;Ubi fides, ibi libertas;San Ambrosio;De fide, 1;Ambrosius Mediolanensis;Obispo de Milán, Doctor de la Iglesia y Padre Latino. Maestro de San Agustín, defensor de la ortodoxia y autoridad moral frente al poder imperial.;Episcopus Mediolanensis, Doctor Ecclesiae et Pater Latinus. Magister Sancti Augustini, orthodoxiae defensor et auctoritas moralis contra imperium.;la;Latín;Lingua Latina;Roma;Roma;Edad Antigua;Antiquitas;https://i.ibb.co/yncvTttZ/sanambrosio.png;0
299;El salmo es bendición del pueblo;Psalmus benedictio populi;Psalmus benedictio populi;San Ambrosio;Expositio psalmorum, 1;Ambrosius Mediolanensis;Obispo de Milán, Doctor de la Iglesia y Padre Latino. Maestro de San Agustín, defensor de la ortodoxia y autoridad moral frente al poder imperial.;Episcopus Mediolanensis, Doctor Ecclesiae et Pater Latinus. Magister Sancti Augustini, orthodoxiae defensor et auctoritas moralis contra imperium.;la;Latín;Lingua Latina;Roma;Roma;Edad Antigua;Antiquitas;https://i.ibb.co/yncvTttZ/sanambrosio.png;0
300;La Eucaristía es pan de ángeles;Eucharistia panis angelorum;Eucharistia panis angelorum;San Ambrosio;De sacramentis, 1;Ambrosius Mediolanensis;Obispo de Milán, Doctor de la Iglesia y Padre Latino. Maestro de San Agustín, defensor de la ortodoxia y autoridad moral frente al poder imperial.;Episcopus Mediolanensis, Doctor Ecclesiae et Pater Latinus. Magister Sancti Augustini, orthodoxiae defensor et auctoritas moralis contra imperium.;la;Latín;Lingua Latina;Roma;Roma;Edad Antigua;Antiquitas;https://i.ibb.co/yncvTttZ/sanambrosio.png;0
301;No agradó a Dios salvar a su pueblo por la dialéctica;Non in dialectica complacuit Deo salvum facere populum suum;Non in dialectica complacuit Deo salvum facere populum suum;San Ambrosio;De officiis ministrorum, 2;Ambrosius Mediolanensis;Obispo de Milán, Doctor de la Iglesia y Padre Latino. Maestro de San Agustín, defensor de la ortodoxia y autoridad moral frente al poder imperial.;Episcopus Mediolanensis, Doctor Ecclesiae et Pater Latinus. Magister Sancti Augustini, orthodoxiae defensor et auctoritas moralis contra imperium.;la;Latín;Lingua Latina;Roma;Roma;Edad Antigua;Antiquitas;https://i.ibb.co/yncvTttZ/sanambrosio.png;0
302;La penitencia es segunda tabla tras el naufragio;Poenitentia secunda tabula post naufragium;Poenitentia secunda tabula post naufragium;San Ambrosio;De poenitentia, 1;Ambrosius Mediolanensis;Obispo de Milán, Doctor de la Iglesia y Padre Latino. Maestro de San Agustín, defensor de la ortodoxia y autoridad moral frente al poder imperial.;Episcopus Mediolanensis, Doctor Ecclesiae et Pater Latinus. Magister Sancti Augustini, orthodoxiae defensor et auctoritas moralis contra imperium.;la;Latín;Lingua Latina;Roma;Roma;Edad Antigua;Antiquitas;https://i.ibb.co/yncvTttZ/sanambrosio.png;0
303;La justicia hacia Dios se llama piedad;Iustitia erga Deum pietas dicitur;Iustitia erga Deum pietas dicitur;San Ambrosio;De officiis ministrorum, 3;Ambrosius Mediolanensis;Obispo de Milán, Doctor de la Iglesia y Padre Latino. Maestro de San Agustín, defensor de la ortodoxia y autoridad moral frente al poder imperial.;Episcopus Mediolanensis, Doctor Ecclesiae et Pater Latinus. Magister Sancti Augustini, orthodoxiae defensor et auctoritas moralis contra imperium.;la;Latín;Lingua Latina;Roma;Roma;Edad Antigua;Antiquitas;https://i.ibb.co/yncvTttZ/sanambrosio.png;0
304;El himno es cántico espiritual;Hymnus canticorum spiritualium;Hymnus canticorum spiritualium;San Ambrosio;De hymnis, 1;Ambrosius Mediolanensis;Obispo de Milán, Doctor de la Iglesia y Padre Latino. Maestro de San Agustín, defensor de la ortodoxia y autoridad moral frente al poder imperial.;Episcopus Mediolanensis, Doctor Ecclesiae et Pater Latinus. Magister Sancti Augustini, orthodoxiae defensor et auctoritas moralis contra imperium.;la;Latín;Lingua Latina;Roma;Roma;Edad Antigua;Antiquitas;https://i.ibb.co/yncvTttZ/sanambrosio.png;0
305;Cristo resucitó, nuestra esperanza;Christus resurrexit, spes nostra;Christus resurrexit, spes nostra;San Ambrosio;De resurrectione, 1;Ambrosius Mediolanensis;Obispo de Milán, Doctor de la Iglesia y Padre Latino. Maestro de San Agustín, defensor de la ortodoxia y autoridad moral frente al poder imperial.;Episcopus Mediolanensis, Doctor Ecclesiae et Pater Latinus. Magister Sancti Augustini, orthodoxiae defensor et auctoritas moralis contra imperium.;la;Latín;Lingua Latina;Roma;Roma;Edad Antigua;Antiquitas;https://i.ibb.co/yncvTttZ/sanambrosio.png;0
306;La fe busca, el intelecto encuentra;Fides quaerit, intellectus invenit;Fides quaerit, intellectus invenit;San Ambrosio;De fide, 2;Ambrosius Mediolanensis;Obispo de Milán, Doctor de la Iglesia y Padre Latino. Maestro de San Agustín, defensor de la ortodoxia y autoridad moral frente al poder imperial.;Episcopus Mediolanensis, Doctor Ecclesiae et Pater Latinus. Magister Sancti Augustini, orthodoxiae defensor et auctoritas moralis contra imperium.;la;Latín;Lingua Latina;Roma;Roma;Edad Antigua;Antiquitas;https://i.ibb.co/yncvTttZ/sanambrosio.png;0
307;Ignorar las Escrituras es ignorar a Cristo;Ignoratio Scripturarum ignoratio Christi est;Ignoratio Scripturarum ignoratio Christi est;San Jerónimo;Epistulae, 22;Hieronymus Stridonensis;Padre y Doctor de la Iglesia, traductor de la Biblia al latín (Vulgata). Erudito políglota, asceta y polemista, patrono de los traductores.;Pater et Doctor Ecclesiae, translator Bibliae in Latinum (Vulgata). Eruditus polyglottus, asceta et polemista, patronus interpretum.;la;Latín;Lingua Latina;Roma;Roma;Edad Antigua;Antiquitas;https://i.ibb.co/HDVQmSDL/sanjeronimo.png;0
308;Las riquezas o sirven o dominan;Divitiae aut serviunt aut dominantur;Divitiae aut serviunt aut dominantur;San Jerónimo;Epistulae, 22;Hieronymus Stridonensis;Padre y Doctor de la Iglesia, traductor de la Biblia al latín (Vulgata). Erudito políglota, asceta y polemista, patrono de los traductores.;Pater et Doctor Ecclesiae, translator Bibliae in Latinum (Vulgata). Eruditus polyglottus, asceta et polemista, patronus interpretum.;la;Latín;Lingua Latina;Roma;Roma;Edad Antigua;Antiquitas;https://i.ibb.co/HDVQmSDL/sanjeronimo.png;0
309;Ama la ciencia de las Escrituras y no amarás los vicios de la carne;Ama scientiam Scripturarum et carnis vitia non amabis;Ama scientiam Scripturarum et carnis vitia non amabis;San Jerónimo;Epistulae, 22;Hieronymus Stridonensis;Padre y Doctor de la Iglesia, traductor de la Biblia al latín (Vulgata). Erudito políglota, asceta y polemista, patrono de los traductores.;Pater et Doctor Ecclesiae, translator Bibliae in Latinum (Vulgata). Eruditus polyglottus, asceta et polemista, patronus interpretum.;la;Latín;Lingua Latina;Roma;Roma;Edad Antigua;Antiquitas;https://i.ibb.co/HDVQmSDL/sanjeronimo.png;0
310;La soledad del cielo es paraíso;Solitudo coeli est paradisus;Solitudo coeli est paradisus;San Jerónimo;Epistulae, 22;Hieronymus Stridonensis;Padre y Doctor de la Iglesia, traductor de la Biblia al latín (Vulgata). Erudito políglota, asceta y polemista, patrono de los traductores.;Pater et Doctor Ecclesiae, translator Bibliae in Latinum (Vulgata). Eruditus polyglottus, asceta et polemista, patronus interpretum.;la;Latín;Lingua Latina;Roma;Roma;Edad Antigua;Antiquitas;https://i.ibb.co/HDVQmSDL/sanjeronimo.png;0
311;La verdad no se avergüenza;Veritas non erubescit;Veritas non erubescit;San Jerónimo;Epistulae, 22;Hieronymus Stridonensis;Padre y Doctor de la Iglesia, traductor de la Biblia al latín (Vulgata). Erudito políglota, asceta y polemista, patrono de los traductores.;Pater et Doctor Ecclesiae, translator Bibliae in Latinum (Vulgata). Eruditus polyglottus, asceta et polemista, patronus interpretum.;la;Latín;Lingua Latina;Roma;Roma;Edad Antigua;Antiquitas;https://i.ibb.co/HDVQmSDL/sanjeronimo.png;0
312;Con el sudor de tu rostro comerás tu pan;In sudore vultus tui vesceris pane tuo;In sudore vultus tui vesceris pane tuo;San Jerónimo;Epistulae, 22;Hieronymus Stridonensis;Padre y Doctor de la Iglesia, traductor de la Biblia al latín (Vulgata). Erudito políglota, asceta y polemista, patrono de los traductores.;Pater et Doctor Ecclesiae, translator Bibliae in Latinum (Vulgata). Eruditus polyglottus, asceta et polemista, patronus interpretum.;la;Latín;Lingua Latina;Roma;Roma;Edad Antigua;Antiquitas;https://i.ibb.co/HDVQmSDL/sanjeronimo.png;0
313;Lee, ora, trabaja;Lege, ora, labora;Lege, ora, labora;San Jerónimo;Epistulae, 22;Hieronymus Stridonensis;Padre y Doctor de la Iglesia, traductor de la Biblia al latín (Vulgata). Erudito políglota, asceta y polemista, patrono de los traductores.;Pater et Doctor Ecclesiae, translator Bibliae in Latinum (Vulgata). Eruditus polyglottus, asceta et polemista, patronus interpretum.;la;Latín;Lingua Latina;Roma;Roma;Edad Antigua;Antiquitas;https://i.ibb.co/HDVQmSDL/sanjeronimo.png;0
314;Fácil es despreciar los placeres en el desierto;Facile est contemptorem esse deliciarum in deserto;Facile est contemptorem esse deliciarum in deserto;San Jerónimo;Epistulae, 22;Hieronymus Stridonensis;Padre y Doctor de la Iglesia, traductor de la Biblia al latín (Vulgata). Erudito políglota, asceta y polemista, patrono de los traductores.;Pater et Doctor Ecclesiae, translator Bibliae in Latinum (Vulgata). Eruditus polyglottus, asceta et polemista, patronus interpretum.;la;Latín;Lingua Latina;Roma;Roma;Edad Antigua;Antiquitas;https://i.ibb.co/HDVQmSDL/sanjeronimo.png;0
315;La carta es indicio del alma;Epistula animi indicium;Epistula animi indicium;San Jerónimo;Epistulae, 22;Hieronymus Stridonensis;Padre y Doctor de la Iglesia, traductor de la Biblia al latín (Vulgata). Erudito políglota, asceta y polemista, patrono de los traductores.;Pater et Doctor Ecclesiae, translator Bibliae in Latinum (Vulgata). Eruditus polyglottus, asceta et polemista, patronus interpretum.;la;Latín;Lingua Latina;Roma;Roma;Edad Antigua;Antiquitas;https://i.ibb.co/HDVQmSDL/sanjeronimo.png;0
316;La vida del monje es cruz cotidiana;Vita monachi crux quotidiana;Vita monachi crux quotidiana;San Jerónimo;Epistulae, 22;Hieronymus Stridonensis;Padre y Doctor de la Iglesia, traductor de la Biblia al latín (Vulgata). Erudito políglota, asceta y polemista, patrono de los traductores.;Pater et Doctor Ecclesiae, translator Bibliae in Latinum (Vulgata). Eruditus polyglottus, asceta et polemista, patronus interpretum.;la;Latín;Lingua Latina;Roma;Roma;Edad Antigua;Antiquitas;https://i.ibb.co/HDVQmSDL/sanjeronimo.png;0
317;Reconoce, oh cristiano, tu dignidad;Agnosce, o Christiane, dignitatem tuam;Agnosce, o Christiane, dignitatem tuam;San León Magno;Sermones, 1;Leo Magnus;Papa, Doctor de la Iglesia. Convocó el Concilio de Calcedonia, detuvo a Atila en las puertas de Roma. Defensor de la primacía papal y la cristología ortodoxa.;Papa, Doctor Ecclesiae. Concilium Chalcedonense convocavit, Attilam ad portas Romae inhibuit. Primatus papalis et christologiae orthodoxae defensor.;la;Latín;Lingua Latina;Roma;Roma;Edad Antigua;Antiquitas;https://i.ibb.co/63WDrBK/sanleonmagno.png;0
318;Te has hecho partícipe de la naturaleza divina;Particeps divinae naturae factus es;Particeps divinae naturae factus es;San León Magno;Sermones, 1;Leo Magnus;Papa, Doctor de la Iglesia. Convocó el Concilio de Calcedonia, detuvo a Atila en las puertas de Roma. Defensor de la primacía papal y la cristología ortodoxa.;Papa, Doctor Ecclesiae. Concilium Chalcedonense convocavit, Attilam ad portas Romae inhibuit. Primatus papalis et christologiae orthodoxae defensor.;la;Latín;Lingua Latina;Roma;Roma;Edad Antigua;Antiquitas;https://i.ibb.co/63WDrBK/sanleonmagno.png;0
319;Cristo es verdadero Dios, verdadero hombre;Christus verus Deus, verus homo;Christus verus Deus, verus homo;San León Magno;Sermones, 1;Leo Magnus;Papa, Doctor de la Iglesia. Convocó el Concilio de Calcedonia, detuvo a Atila en las puertas de Roma. Defensor de la primacía papal y la cristología ortodoxa.;Papa, Doctor Ecclesiae. Concilium Chalcedonense convocavit, Attilam ad portas Romae inhibuit. Primatus papalis et christologiae orthodoxae defensor.;la;Latín;Lingua Latina;Roma;Roma;Edad Antigua;Antiquitas;https://i.ibb.co/63WDrBK/sanleonmagno.png;0
320;Una persona, dos naturalezas;Una persona, duae naturae;Una persona, duae naturae;San León Magno;Sermones, 1;Leo Magnus;Papa, Doctor de la Iglesia. Convocó el Concilio de Calcedonia, detuvo a Atila en las puertas de Roma. Defensor de la primacía papal y la cristología ortodoxa.;Papa, Doctor Ecclesiae. Concilium Chalcedonense convocavit, Attilam ad portas Romae inhibuit. Primatus papalis et christologiae orthodoxae defensor.;la;Latín;Lingua Latina;Roma;Roma;Edad Antigua;Antiquitas;https://i.ibb.co/63WDrBK/sanleonmagno.png;0
321;Ayuno del cuerpo, banquete del alma;Ieiunium corporis, epulatio animae;Ieiunium corporis, epulatio animae;San León Magno;Sermones, 1;Leo Magnus;Papa, Doctor de la Iglesia. Convocó el Concilio de Calcedonia, detuvo a Atila en las puertas de Roma. Defensor de la primacía papal y la cristología ortodoxa.;Papa, Doctor Ecclesiae. Concilium Chalcedonense convocavit, Attilam ad portas Romae inhibuit. Primatus papalis et christologiae orthodoxae defensor.;la;Latín;Lingua Latina;Roma;Roma;Edad Antigua;Antiquitas;https://i.ibb.co/63WDrBK/sanleonmagno.png;0
322;La humildad es fundamento de todas las virtudes;Humilitas fundamentum omnium virtutum;Humilitas fundamentum omnium virtutum;San León Magno;Sermones, 1;Leo Magnus;Papa, Doctor de la Iglesia. Convocó el Concilio de Calcedonia, detuvo a Atila en las puertas de Roma. Defensor de la primacía papal y la cristología ortodoxa.;Papa, Doctor Ecclesiae. Concilium Chalcedonense convocavit, Attilam ad portas Romae inhibuit. Primatus papalis et christologiae orthodoxae defensor.;la;Latín;Lingua Latina;Roma;Roma;Edad Antigua;Antiquitas;https://i.ibb.co/63WDrBK/sanleonmagno.png;0
323;Pedro habla en Pedro;Petrus in Petro loquitur;Petrus in Petro loquitur;San León Magno;Sermones, 1;Leo Magnus;Papa, Doctor de la Iglesia. Convocó el Concilio de Calcedonia, detuvo a Atila en las puertas de Roma. Defensor de la primacía papal y la cristología ortodoxa.;Papa, Doctor Ecclesiae. Concilium Chalcedonense convocavit, Attilam ad portas Romae inhibuit. Primatus papalis et christologiae orthodoxae defensor.;la;Latín;Lingua Latina;Roma;Roma;Edad Antigua;Antiquitas;https://i.ibb.co/63WDrBK/sanleonmagno.png;0
324;La resurrección de Cristo es nuestra vida;Resurrectio Christi vita nostra;Resurrectio Christi vita nostra;San León Magno;Sermones, 1;Leo Magnus;Papa, Doctor de la Iglesia. Convocó el Concilio de Calcedonia, detuvo a Atila en las puertas de Roma. Defensor de la primacía papal y la cristología ortodoxa.;Papa, Doctor Ecclesiae. Concilium Chalcedonense convocavit, Attilam ad portas Romae inhibuit. Primatus papalis et christologiae orthodoxae defensor.;la;Latín;Lingua Latina;Roma;Roma;Edad Antigua;Antiquitas;https://i.ibb.co/63WDrBK/sanleonmagno.png;0
325;La limosna es redención de pecados;Eleemosyna redemptio peccatorum;Eleemosyna redemptio peccatorum;San León Magno;Sermones, 1;Leo Magnus;Papa, Doctor de la Iglesia. Convocó el Concilio de Calcedonia, detuvo a Atila en las puertas de Roma. Defensor de la primacía papal y la cristología ortodoxa.;Papa, Doctor Ecclesiae. Concilium Chalcedonense convocavit, Attilam ad portas Romae inhibuit. Primatus papalis et christologiae orthodoxae defensor.;la;Latín;Lingua Latina;Roma;Roma;Edad Antigua;Antiquitas;https://i.ibb.co/63WDrBK/sanleonmagno.png;0
326;La fe sin obras está muerta;Fides sine operibus mortua est;Fides sine operibus mortua est;San León Magno;Sermones, 1;Leo Magnus;Papa, Doctor de la Iglesia. Convocó el Concilio de Calcedonia, detuvo a Atila en las puertas de Roma. Defensor de la primacía papal y la cristología ortodoxa.;Papa, Doctor Ecclesiae. Concilium Chalcedonense convocavit, Attilam ad portas Romae inhibuit. Primatus papalis et christologiae orthodoxae defensor.;la;Latín;Lingua Latina;Roma;Roma;Edad Antigua;Antiquitas;https://i.ibb.co/63WDrBK/sanleonmagno.png;0
327;Fuera de la Iglesia no hay salvación;Extra Ecclesiam nulla salus;Extra Ecclesiam nulla salus;San Cipriano;De unitate Ecclesiae, c. 6;Cyprianus Carthaginensis;"Obispo de Cartago, Padre de la Iglesia y mártir. Teólogo de la unidad eclesiástica, autor de ""Sobre la unidad de la Iglesia"". Martirizado durante la persecución de Valeriano.";"Episcopus Carthaginensis, Pater Ecclesiae et martyr. Theologus unitatis ecclesiasticae, auctor ""De unitate Ecclesiae"". In persecutione Valeriani martyrizatus.";la;Latín;Lingua Latina;Roma;Roma;Edad Antigua;Antiquitas;https://i.ibb.co/gZSsK5S4/sancipriano.png;0
328;No puede tener a Dios por padre quien no tiene a la Iglesia por madre;Non potest habere Deum patrem qui Ecclesiam non habet matrem;Non potest habere Deum patrem qui Ecclesiam non habet matrem;San Cipriano;De unitate Ecclesiae, c. 6;Cyprianus Carthaginensis;"Obispo de Cartago, Padre de la Iglesia y mártir. Teólogo de la unidad eclesiástica, autor de ""Sobre la unidad de la Iglesia"". Martirizado durante la persecución de Valeriano.";"Episcopus Carthaginensis, Pater Ecclesiae et martyr. Theologus unitatis ecclesiasticae, auctor ""De unitate Ecclesiae"". In persecutione Valeriani martyrizatus.";la;Latín;Lingua Latina;Roma;Roma;Edad Antigua;Antiquitas;https://i.ibb.co/gZSsK5S4/sancipriano.png;0
329;La unidad de la Iglesia no puede romperse;Unitas Ecclesiae frangi non potest;Unitas Ecclesiae frangi non potest;San Cipriano;De unitate Ecclesiae, c. 6;Cyprianus Carthaginensis;"Obispo de Cartago, Padre de la Iglesia y mártir. Teólogo de la unidad eclesiástica, autor de ""Sobre la unidad de la Iglesia"". Martirizado durante la persecución de Valeriano.";"Episcopus Carthaginensis, Pater Ecclesiae et martyr. Theologus unitatis ecclesiasticae, auctor ""De unitate Ecclesiae"". In persecutione Valeriani martyrizatus.";la;Latín;Lingua Latina;Roma;Roma;Edad Antigua;Antiquitas;https://i.ibb.co/gZSsK5S4/sancipriano.png;0
330;El martirio es bautismo de sangre;Martyrium baptismus sanguinis;Martyrium baptismus sanguinis;San Cipriano;Epistula ad Donatum, 5;Cyprianus Carthaginensis;"Obispo de Cartago, Padre de la Iglesia y mártir. Teólogo de la unidad eclesiástica, autor de ""Sobre la unidad de la Iglesia"". Martirizado durante la persecución de Valeriano.";"Episcopus Carthaginensis, Pater Ecclesiae et martyr. Theologus unitatis ecclesiasticae, auctor ""De unitate Ecclesiae"". In persecutione Valeriani martyrizatus.";la;Latín;Lingua Latina;Roma;Roma;Edad Antigua;Antiquitas;https://i.ibb.co/gZSsK5S4/sancipriano.png;0
331;La oración es ascenso a Dios;Oratio ascensus ad Deum;Oratio ascensus ad Deum;San Cipriano;De Oratione, 2;Cyprianus Carthaginensis;"Obispo de Cartago, Padre de la Iglesia y mártir. Teólogo de la unidad eclesiástica, autor de ""Sobre la unidad de la Iglesia"". Martirizado durante la persecución de Valeriano.";"Episcopus Carthaginensis, Pater Ecclesiae et martyr. Theologus unitatis ecclesiasticae, auctor ""De unitate Ecclesiae"". In persecutione Valeriani martyrizatus.";la;Latín;Lingua Latina;Roma;Roma;Edad Antigua;Antiquitas;https://i.ibb.co/gZSsK5S4/sancipriano.png;0
332;La paciencia es la máxima virtud cristiana;Patientia Christiana virtus maxima;Patientia Christiana virtus maxima;San Cipriano;De exhortatione martyrum, 1;Cyprianus Carthaginensis;"Obispo de Cartago, Padre de la Iglesia y mártir. Teólogo de la unidad eclesiástica, autor de ""Sobre la unidad de la Iglesia"". Martirizado durante la persecución de Valeriano.";"Episcopus Carthaginensis, Pater Ecclesiae et martyr. Theologus unitatis ecclesiasticae, auctor ""De unitate Ecclesiae"". In persecutione Valeriani martyrizatus.";la;Latín;Lingua Latina;Roma;Roma;Edad Antigua;Antiquitas;https://i.ibb.co/gZSsK5S4/sancipriano.png;0
333;La caridad es vínculo de fraternidad;Caritas vinculum fraternitatis;Caritas vinculum fraternitatis;San Cipriano;Epistulae, 56;Cyprianus Carthaginensis;"Obispo de Cartago, Padre de la Iglesia y mártir. Teólogo de la unidad eclesiástica, autor de ""Sobre la unidad de la Iglesia"". Martirizado durante la persecución de Valeriano.";"Episcopus Carthaginensis, Pater Ecclesiae et martyr. Theologus unitatis ecclesiasticae, auctor ""De unitate Ecclesiae"". In persecutione Valeriani martyrizatus.";la;Latín;Lingua Latina;Roma;Roma;Edad Antigua;Antiquitas;https://i.ibb.co/gZSsK5S4/sancipriano.png;0
334;Un Dios, una fe, un bautismo;Unus Deus, una fides, unum baptisma;Unus Deus, una fides, unum baptisma;San Cipriano;De unitate Ecclesiae, c. 6;Cyprianus Carthaginensis;"Obispo de Cartago, Padre de la Iglesia y mártir. Teólogo de la unidad eclesiástica, autor de ""Sobre la unidad de la Iglesia"". Martirizado durante la persecución de Valeriano.";"Episcopus Carthaginensis, Pater Ecclesiae et martyr. Theologus unitatis ecclesiasticae, auctor ""De unitate Ecclesiae"". In persecutione Valeriani martyrizatus.";la;Latín;Lingua Latina;Roma;Roma;Edad Antigua;Antiquitas;https://i.ibb.co/gZSsK5S4/sancipriano.png;0
335;El obispo en la Iglesia Patientispo;Episcopus in Ecclesia, Ecclesia in episcopo;Episcopus in Ecclesia, Ecclesia in episcopo;San Cipriano;De unitate Ecclesiae, c. 6;Cyprianus Carthaginensis;"Obispo de Cartago, Padre de la Iglesia y mártir. Teólogo de la unidad eclesiástica, autor de ""Sobre la unidad de la Iglesia"". Martirizado durante la persecución de Valeriano.";"Episcopus Carthaginensis, Pater Ecclesiae et martyr. Theologus unitatis ecclesiasticae, auctor ""De unitate Ecclesiae"". In persecutione Valeriani martyrizatus.";la;Latín;Lingua Latina;Roma;Roma;Edad Antigua;Antiquitas;https://i.ibb.co/gZSsK5S4/sancipriano.png;0
336;La limosna es satisfacción por el pecado;Eleemosyna satisfactio peccati;Eleemosyna satisfactio peccati;San Cipriano;De opere et eleemosyna, 2;Cyprianus Carthaginensis;"Obispo de Cartago, Padre de la Iglesia y mártir. Teólogo de la unidad eclesiástica, autor de ""Sobre la unidad de la Iglesia"". Martirizado durante la persecución de Valeriano.";"Episcopus Carthaginensis, Pater Ecclesiae et martyr. Theologus unitatis ecclesiasticae, auctor ""De unitate Ecclesiae"". In persecutione Valeriani martyrizatus.";la;Latín;Lingua Latina;Roma;Roma;Edad Antigua;Antiquitas;https://i.ibb.co/gZSsK5S4/sancipriano.png;0
337;La fe que busca entender;Fides quaerens intellectum;Fides quaerens intellectum;San Anselmo de Canterbury;Proslogion, Prologus;Anselmus Cantuariensis;Arzobispo de Canterbury, Doctor de la Iglesia y filósofo. Autor del argumento ontológico de la existencia de Dios. Padre de la escolástica.;Archiepiscopus Cantuariensis, Doctor Ecclesiae et philosophus. Auctor argumenti ontologici existentiae Dei. Pater scholasticae.;la;Latín;Lingua Latina;Italia;Italia;Edad Media;Medium Aevum;https://i.ibb.co/Lz7Qxttz/sananselmocant.png;0
338;Creo para entender;Credo ut intelligam;Credo ut intelligam;San Anselmo de Canterbury;Proslogion, Prologus;Anselmus Cantuariensis;Arzobispo de Canterbury, Doctor de la Iglesia y filósofo. Autor del argumento ontológico de la existencia de Dios. Padre de la escolástica.;Archiepiscopus Cantuariensis, Doctor Ecclesiae et philosophus. Auctor argumenti ontologici existentiae Dei. Pater scholasticae.;la;Latín;Lingua Latina;Italia;Italia;Edad Media;Medium Aevum;https://i.ibb.co/Lz7Qxttz/sananselmocant.png;0
339;Dios es aquello mayor que lo cual nada puede pensarse;Deus est id quo maius cogitari nequit;Deus est id quo maius cogitari nequit;San Anselmo de Canterbury;Proslogion, Cap. 2;Anselmus Cantuariensis;Arzobispo de Canterbury, Doctor de la Iglesia y filósofo. Autor del argumento ontológico de la existencia de Dios. Padre de la escolástica.;Archiepiscopus Cantuariensis, Doctor Ecclesiae et philosophus. Auctor argumenti ontologici existentiae Dei. Pater scholasticae.;la;Latín;Lingua Latina;Italia;Italia;Edad Media;Medium Aevum;https://i.ibb.co/Lz7Qxttz/sananselmocant.png;0
340;La razón necesaria demuestra que Dios existe;Ratio necessaria demonstrat Deum esse;Ratio necessaria demonstrat Deum esse;San Anselmo de Canterbury;Proslogion, Cap. 2-3;Anselmus Cantuariensis;Arzobispo de Canterbury, Doctor de la Iglesia y filósofo. Autor del argumento ontológico de la existencia de Dios. Padre de la escolástica.;Archiepiscopus Cantuariensis, Doctor Ecclesiae et philosophus. Auctor argumenti ontologici existentiae Dei. Pater scholasticae.;la;Latín;Lingua Latina;Italia;Italia;Edad Media;Medium Aevum;https://i.ibb.co/Lz7Qxttz/sananselmocant.png;0
341;¿Por qué Dios se hizo hombre?;Cur Deus homo;Cur Deus homo;San Anselmo de Canterbury;Cur Deus Homo, Prologus;Anselmus Cantuariensis;Arzobispo de Canterbury, Doctor de la Iglesia y filósofo. Autor del argumento ontológico de la existencia de Dios. Padre de la escolástica.;Archiepiscopus Cantuariensis, Doctor Ecclesiae et philosophus. Auctor argumenti ontologici existentiae Dei. Pater scholasticae.;la;Latín;Lingua Latina;Italia;Italia;Edad Media;Medium Aevum;https://i.ibb.co/Lz7Qxttz/sananselmocant.png;0
342;La satisfacción por el pecado es necesaria;Satisfactio pro peccato necessaria;Satisfactio pro peccato necessaria;San Anselmo de Canterbury;Cur Deus Homo, Cap. 1;Anselmus Cantuariensis;Arzobispo de Canterbury, Doctor de la Iglesia y filósofo. Autor del argumento ontológico de la existencia de Dios. Padre de la escolástica.;Archiepiscopus Cantuariensis, Doctor Ecclesiae et philosophus. Auctor argumenti ontologici existentiae Dei. Pater scholasticae.;la;Latín;Lingua Latina;Italia;Italia;Edad Media;Medium Aevum;https://i.ibb.co/Lz7Qxttz/sananselmocant.png;0
343;La libertad del albedrío es poder de conservar la rectitud;Libertas arbitrii potentia servandi rectitudinem;Libertas arbitrii potentia servandi rectitudinem;San Anselmo de Canterbury;Cur Deus Homo, Cap. 1-2;Anselmus Cantuariensis;Arzobispo de Canterbury, Doctor de la Iglesia y filósofo. Autor del argumento ontológico de la existencia de Dios. Padre de la escolástica.;Archiepiscopus Cantuariensis, Doctor Ecclesiae et philosophus. Auctor argumenti ontologici existentiae Dei. Pater scholasticae.;la;Latín;Lingua Latina;Italia;Italia;Edad Media;Medium Aevum;https://i.ibb.co/Lz7Qxttz/sananselmocant.png;0
344;La verdad es rectitud perceptible solo por la mente;Veritas est rectitudo sola mente perceptibilis;Veritas est rectitudo sola mente perceptibilis;San Anselmo de Canterbury;Monologion, Cap. 4;Anselmus Cantuariensis;Arzobispo de Canterbury, Doctor de la Iglesia y filósofo. Autor del argumento ontológico de la existencia de Dios. Padre de la escolástica.;Archiepiscopus Cantuariensis, Doctor Ecclesiae et philosophus. Auctor argumenti ontologici existentiae Dei. Pater scholasticae.;la;Latín;Lingua Latina;Italia;Italia;Edad Media;Medium Aevum;https://i.ibb.co/Lz7Qxttz/sananselmocant.png;0
345;El Monologio y el Proslogio son fundamentos de teología;Monologion et Proslogion fundamenta theologiae;Monologion et Proslogion fundamenta theologiae;San Anselmo de Canterbury;Commentarius generalis de opere suo;Anselmus Cantuariensis;Arzobispo de Canterbury, Doctor de la Iglesia y filósofo. Autor del argumento ontológico de la existencia de Dios. Padre de la escolástica.;Archiepiscopus Cantuariensis, Doctor Ecclesiae et philosophus. Auctor argumenti ontologici existentiae Dei. Pater scholasticae.;la;Latín;Lingua Latina;Italia;Italia;Edad Media;Medium Aevum;https://i.ibb.co/Lz7Qxttz/sananselmocant.png;0
346;El deseo de ver a Dios es el sumo bien;Desiderium videndi Deum summum bonum;Desiderium videndi Deum summum bonum;San Anselmo de Canterbury;Proslogion, Cap. 23;Anselmus Cantuariensis;Arzobispo de Canterbury, Doctor de la Iglesia y filósofo. Autor del argumento ontológico de la existencia de Dios. Padre de la escolástica.;Archiepiscopus Cantuariensis, Doctor Ecclesiae et philosophus. Auctor argumenti ontologici existentiae Dei. Pater scholasticae.;la;Latín;Lingua Latina;Italia;Italia;Edad Media;Medium Aevum;https://i.ibb.co/Lz7Qxttz/sananselmocant.png;0
347;No se deben multiplicar los entes sin necesidad;Pluralitas non est ponenda sine necessitate;Pluralitas non est ponenda sine necessitate;Guillermo de Ockham;Summa Logicae;Gulielmus de Ockham;"Filósofo y teólogo franciscano inglés. Padre del nominalismo, autor de la ""navaja de Ockham"" (principio de parsimonia). Defensor de la separación entre fe y razón.";"Philosophus et theologus Franciscanus Anglicus. Pater nominalismi, auctor ""novaculae Occami"" (principium parsimoniae). Separationis inter fidem et rationem defensor.";en;Inglés;Lingua Anglica;Reino Unido;Regnum Unitum;Edad Media;Medium Aevum;https://i.ibb.co/G38ns2JL/ockcham.png;0
348;En vano se hace con más lo que puede hacerse con menos;Frustra fit per plura quod potest fieri per pauciora;Frustra fit per plura quod potest fieri per pauciora;Guillermo de Ockham;Summa Logicae;Gulielmus de Ockham;"Filósofo y teólogo franciscano inglés. Padre del nominalismo, autor de la ""navaja de Ockham"" (principio de parsimonia). Defensor de la separación entre fe y razón.";"Philosophus et theologus Franciscanus Anglicus. Pater nominalismi, auctor ""novaculae Occami"" (principium parsimoniae). Separationis inter fidem et rationem defensor.";en;Inglés;Lingua Anglica;Reino Unido;Regnum Unitum;Edad Media;Medium Aevum;https://i.ibb.co/G38ns2JL/ockcham.png;0
349;Lo universal no es cosa;Universale non est res;Universale non est res;Guillermo de Ockham;Summa Logicae;Gulielmus de Ockham;"Filósofo y teólogo franciscano inglés. Padre del nominalismo, autor de la ""navaja de Ockham"" (principio de parsimonia). Defensor de la separación entre fe y razón.";"Philosophus et theologus Franciscanus Anglicus. Pater nominalismi, auctor ""novaculae Occami"" (principium parsimoniae). Separationis inter fidem et rationem defensor.";en;Inglés;Lingua Anglica;Reino Unido;Regnum Unitum;Edad Media;Medium Aevum;https://i.ibb.co/G38ns2JL/ockcham.png;0
350;Los nombres son signos de cosas singulares;Nomina sunt signa rerum singularium;Nomina sunt signa rerum singularium;Guillermo de Ockham;Summa Logicae;Gulielmus de Ockham;"Filósofo y teólogo franciscano inglés. Padre del nominalismo, autor de la ""navaja de Ockham"" (principio de parsimonia). Defensor de la separación entre fe y razón.";"Philosophus et theologus Franciscanus Anglicus. Pater nominalismi, auctor ""novaculae Occami"" (principium parsimoniae). Separationis inter fidem et rationem defensor.";en;Inglés;Lingua Anglica;Reino Unido;Regnum Unitum;Edad Media;Medium Aevum;https://i.ibb.co/G38ns2JL/ockcham.png;0
351;La fe y la razón son distintas;Fides et ratio distinctae sunt;Fides et ratio distinctae sunt;Guillermo de Ockham;Summa Theologiae;Gulielmus de Ockham;"Filósofo y teólogo franciscano inglés. Padre del nominalismo, autor de la ""navaja de Ockham"" (principio de parsimonia). Defensor de la separación entre fe y razón.";"Philosophus et theologus Franciscanus Anglicus. Pater nominalismi, auctor ""novaculae Occami"" (principium parsimoniae). Separationis inter fidem et rationem defensor.";en;Inglés;Lingua Anglica;Reino Unido;Regnum Unitum;Edad Media;Medium Aevum;https://i.ibb.co/G38ns2JL/ockcham.png;0
352;La teología no es ciencia;Theologia non est scientia;Theologia non est scientia;Guillermo de Ockham;Summa Theologiae;Gulielmus de Ockham;"Filósofo y teólogo franciscano inglés. Padre del nominalismo, autor de la ""navaja de Ockham"" (principio de parsimonia). Defensor de la separación entre fe y razón.";"Philosophus et theologus Franciscanus Anglicus. Pater nominalismi, auctor ""novaculae Occami"" (principium parsimoniae). Separationis inter fidem et rationem defensor.";en;Inglés;Lingua Anglica;Reino Unido;Regnum Unitum;Edad Media;Medium Aevum;https://i.ibb.co/G38ns2JL/ockcham.png;0
353;La potencia absoluta de Dios;Potentia Dei absoluta;Potentia Dei absoluta;Guillermo de Ockham;Summa Theologiae;Gulielmus de Ockham;"Filósofo y teólogo franciscano inglés. Padre del nominalismo, autor de la ""navaja de Ockham"" (principio de parsimonia). Defensor de la separación entre fe y razón.";"Philosophus et theologus Franciscanus Anglicus. Pater nominalismi, auctor ""novaculae Occami"" (principium parsimoniae). Separationis inter fidem et rationem defensor.";en;Inglés;Lingua Anglica;Reino Unido;Regnum Unitum;Edad Media;Medium Aevum;https://i.ibb.co/G38ns2JL/ockcham.png;0
354;La voluntad divina es ley suprema;Voluntas divina suprema lex;Voluntas divina suprema lex;Guillermo de Ockham;Summa Theologiae;Gulielmus de Ockham;"Filósofo y teólogo franciscano inglés. Padre del nominalismo, autor de la ""navaja de Ockham"" (principio de parsimonia). Defensor de la separación entre fe y razón.";"Philosophus et theologus Franciscanus Anglicus. Pater nominalismi, auctor ""novaculae Occami"" (principium parsimoniae). Separationis inter fidem et rationem defensor.";en;Inglés;Lingua Anglica;Reino Unido;Regnum Unitum;Edad Media;Medium Aevum;https://i.ibb.co/G38ns2JL/ockcham.png;0
355;La intuición de lo singular es principio del conocimiento;Intuitus singularis principium cognitionis;Intuitus singularis principium cognitionis;Guillermo de Ockham;Summa Logicae;Gulielmus de Ockham;"Filósofo y teólogo franciscano inglés. Padre del nominalismo, autor de la ""navaja de Ockham"" (principio de parsimonia). Defensor de la separación entre fe y razón.";"Philosophus et theologus Franciscanus Anglicus. Pater nominalismi, auctor ""novaculae Occami"" (principium parsimoniae). Separationis inter fidem et rationem defensor.";en;Inglés;Lingua Anglica;Reino Unido;Regnum Unitum;Edad Media;Medium Aevum;https://i.ibb.co/G38ns2JL/ockcham.png;0
356;La libertad de la voluntad es fundamento de la moralidad;Libertas voluntatis fundamentum moralitatis;Libertas voluntatis fundamentum moralitatis;Guillermo de Ockham;Summa Theologiae;Gulielmus de Ockham;"Filósofo y teólogo franciscano inglés. Padre del nominalismo, autor de la ""navaja de Ockham"" (principio de parsimonia). Defensor de la separación entre fe y razón.";"Philosophus et theologus Franciscanus Anglicus. Pater nominalismi, auctor ""novaculae Occami"" (principium parsimoniae). Separationis inter fidem et rationem defensor.";en;Inglés;Lingua Anglica;Reino Unido;Regnum Unitum;Edad Media;Medium Aevum;https://i.ibb.co/G38ns2JL/ockcham.png;0
357;Si ves la caridad, ves la Trinidad;Si vides caritatem, vides Trinitatem;Si vides caritatem, vides Trinitatem;San Agustín;De Trinitate, VIII, 8, 12;Aurelius Augustinus;Filósofo y teólogo cristiano.;Philosophus et theologus Christianus.;la;Latín;Lingua Latina;Roma;Roma;Edad Antigua;Antiquitas;https://i.ibb.co/chhLXqTZ/agustin.png;0
358;"El Padre es Dios, el Hijo es Dios, el Espíritu Santo es Dios; y, sin embargo, no son tres dioses, sino un solo Dios";"Pater est Deus, Filius est Deus, Spiritus Sanctus est Deus; et tamen non tres dii, sed unus Deus";"Pater est Deus, Filius est Deus, Spiritus Sanctus est Deus; et tamen non tres dii, sed unus Deus";San Agustín;De Trinitate, I, 4, 7;Aurelius Augustinus;Filósofo y teólogo cristiano.;Philosophus et theologus Christianus.;la;Latín;Lingua Latina;Roma;Roma;Edad Antigua;Antiquitas;https://i.ibb.co/chhLXqTZ/agustin.png;0
359;La fe católica es esta: que adoremos a un solo Dios en la Trinidad, y a la Trinidad en la unidad;Fides catholica haec est: ut unum Deum in Trinitate, et Trinitatem in unitate veneremur;Fides catholica haec est: ut unum Deum in Trinitate, et Trinitatem in unitate veneremur;San Atanasio;Symbolum Athanasianum;Athanasius Alexandrinus;"Obispo de Alejandría, Doctor de la Iglesia y defensor de la ortodoxia nicena contra el arrianismo. Autor de la ""Vida de San Antonio"", influyente en la espiritualidad monástica.";"Episcopus Alexandrinus, Doctor Ecclesiae et defensor orthodoxiae Nicaenae contra arianismum. Auctor ""Vita Sancti Antonii"", in spiritualitate monastica influens.";la;Latín;Lingua Latina;Roma;Roma;Edad Antigua;Antiquitas;https://i.ibb.co/N2qBhZS8/atanasio.png;0
360;Las personas divinas se distinguen por sus relaciones, no por su esencia;Personae divinae distinguuntur relationibus, non essentia;Personae divinae distinguuntur relationibus, non essentia;Santo Tomás de Aquino;Summa Theologiae, I, q. 29, a. 4;Thomas Aquinas;"Filósofo y teólogo italiano, representante de la Escolástica. Autor de la ""Summa Theologica"".";"Philosophus et theologus Italicus, Scholasticae repraesentans. Auctor ""Summa Theologica"".";la;Latín;Lingua Latina;Italia;Italia;Edad Media;Medium Aevum;https://i.ibb.co/wG8jHsv/tomasaquino.png;0
361;"Cuando pienso en el Uno, soy iluminado por el esplendor de los Tres; cuando distingo a los Tres, soy llevado de nuevo al Uno";"Cum de Uno cogito, splendore Trium illuminor; cum Tres distinguo, ad Unum reducor";"Cum de Uno cogito, splendore Trium illuminor; cum Tres distinguo, ad Unum reducor";San Gregorio Nacianceno;Orationes, XL, 41;Gregorius Nazianzenus;"Arzobispo de Constantinopla, Doctor de la Iglesia y Padre Capadocio. Llamado ""el Teólogo"", gran orador y defensor de la Trinidad. Uno de los tres Padres Capadocios.";"Archiepiscopus Constantinopolitanus, Doctor Ecclesiae et Pater Cappadocius. ""Theologus"" vocatus, orator magnus et defensor Trinitatis. Unus ex tribus Patribus Cappadociis.";la;Latín;Lingua Latina;Roma;Roma;Edad Antigua;Antiquitas;https://i.ibb.co/whvy5Lhm/sangregorioana.png;0
362;La esperanza es lo último que se pierde;Spes ultima est quae amittitur;La esperanza es lo último que se pierde;Refrán Español;;Sententia Hispanica;Refranes populares de la tradición oral hispana que expresan de forma breve y ingeniosa enseñanzas prácticas sobre la vida cotidiana.;Collectio sententiarum Hispanicarum.;es;Español;Lingua Hispanica;España;Hispania;Epoca Desconocida;Epocha Ignota;https://i.ibb.co/Y4f7TZWm/espa-a.png;0
363;Lo que no mata, fortalece;Quod non necat, roborat;Ez hiltzen duena, indartsuago egiten du;Refrán Vasco;;Sententia Vasconica;Proverbios de la tradición oral vasca que reflejan la relación con la naturaleza, el trabajo y los valores comunitarios del pueblo vasco.;Collectio sententiarum Vasconicarum.;eu;Euskara;Lingua Vasconica;España;Hispania;Epoca Desconocida;Epocha Ignota;https://i.ibb.co/bjgxB3kn/euskadi.png;0
364;La libertad es nada más que la oportunidad de ser mejor;Libertas nihil est nisi occasio melioris fieri;La liberté n'est rien d'autre que la possibilité d'être meilleur;Albert Camus;L'Homme révolté (1951);Albertus Camus;Escritor, filósofo y periodista francés. Premio Nobel de Literatura en 1957, representante del existencialismo y el absurdo.;Scriba, philosophus et diurnarius Francogallicus. Praemium Nobel Litterarum anno 1957, existentialismus et absurdi repraesentans.;fr;Francés;Lingua Gallica;Francia;Francia;Edad Contemporánea;Aetas Contemporanea;https://i.ibb.co/qYHNPQ2Z/camus.png;0
365;No debemos esperar grandes cosas, sino hacer pequeñas cosas con gran amor;Parva magna cum magno amore agere debemus;Nuk duhet të presim gjëra të mëdha, por të bëjmë gjëra të vogla me dashuri të madhe;Santa Teresa de Calcuta;Verba sua (dicta notoria);Beata Teresia Calcuttensis;Monja católica y misionera albanesa, fundadora de las Misioneras de la Caridad. Premio Nobel de la Paz 1979 por su trabajo con los más pobres.;Soror catholica et missionaria Albanensis, Missionariarum Caritatis fundatrix. Praemium Nobel Pacis anno 1979 propter laborem cum pauperrimis.;sq;Albanés;Lingua Albanica;Albania;Albania;Edad Contemporánea;Aetas Contemporanea;https://i.ibb.co/MkxqpJ6j/calcuta.png;0
366;Comienza haciendo lo que es necesario, luego lo que es posible, y de repente estarás haciendo lo imposible;Fac hoc quod necessarium est, deinde quod possibile, et subito facies impossibile;Comincia facendo ciò che è necessario, poi ciò che è possibile, e all'improvviso farai l'impossibile;San Francisco de Asís;Dicta traditionalia;Sanctus Franciscus Assisiensis;Fraile católico italiano, fundador de la Orden Franciscana. Conocido por su amor a la naturaleza, la pobreza y la paz.;Frater catholicus Italicus, Ordinis Franciscani fundator. Notus propter amorem naturae, paupertatis et pacis.;it;Italiano;Lingua Italica;Italia;Italia;Edad Media;Medium Aevum;https://i.ibb.co/VWvD2P4t/asis.png;0
367;Todo conocimiento deriva de la experiencia;Omnis nostra scientia principium habet ab experientia;Ogni nostra conoscenza ha principio dall'esperienza;Leonardo da Vinci;Codex Atlanticus, f. 1r-2r;Leonardus Vincius;Artista, inventor y científico italiano del Renacimiento.;Artifex, inventor et physicus Italicus Renaissance.;la;Latín;Lingua Latina;Italia;Italia;Edad Media;Medium Aevum;https://i.ibb.co/prKj8Gtz/davinci.png;0
368;El que no sabe pintar, no sabe observar la naturaleza;Qui nescit pingere, nescit naturam observare;Chi non sa dipingere, non sa osservare la natura;Leonardo da Vinci;Trattato della pittura, f. 34r;Leonardus Vincius;Artista, inventor y científico italiano del Renacimiento.;Artifex, inventor et physicus Italicus Renaissance.;la;Latín;Lingua Latina;Italia;Italia;Edad Media;Medium Aevum;https://i.ibb.co/prKj8Gtz/davinci.png;0
369;El agua es la fuerza motriz de la naturaleza;Aqua est vis motrix naturae;L'acqua è la forza motrice della natura;Leonardo da Vinci;Codex Leicester, f. 1v-3r;Leonardus Vincius;Artista, inventor y científico italiano del Renacimiento.;Artifex, inventor et physicus Italicus Renaissance.;la;Latín;Lingua Latina;Italia;Italia;Edad Media;Medium Aevum;https://i.ibb.co/prKj8Gtz/davinci.png;0
370;El ojo ve la verdad, la mano la reproduce;Oculus videt veritatem, manus eam reproducit;L'occhio vede la verità, la mano la riproduce;Leonardo da Vinci;Trattato della pittura, f. 14r;Leonardus Vincius;Artista, inventor y científico italiano del Renacimiento.;Artifex, inventor et physicus Italicus Renaissance.;la;Latín;Lingua Latina;Italia;Italia;Edad Media;Medium Aevum;https://i.ibb.co/prKj8Gtz/davinci.png;0
371;La pintura es cosa del intelecto;Pictura est res mentalis;La pittura è cosa mentale;Leonardo da Vinci;Trattato della pittura, f. 3r;Leonardus Vincius;Artista, inventor y científico italiano del Renacimiento.;Artifex, inventor et physicus Italicus Renaissance.;la;Latín;Lingua Latina;Italia;Italia;Edad Media;Medium Aevum;https://i.ibb.co/prKj8Gtz/davinci.png;0
372;Si te caes siete veces levántate ocho;Septies cade octies surge;七転び八起き;Proverbio Chino;;Proverbium Sinense;Conjunto de proverbios tradicionales de la cultura china que transmiten sabiduría popular, valores morales y enseñanzas prácticas transmitidas oralmente durante siglos.;Collectio sententiarum Sinensium, magnopere in cultura tradita.;zh;Chino;Lingua Sinica;China;Sinae;Epoca Desconocida;Epocha Ignota;https://i.ibb.co/qLfpZm6h/china.png;0
373;El oro legítimo no teme al fuego;Verum aurum ignem non timet;真金不怕火炼;Proverbio Chino;;Proverbium Sinense;Conjunto de proverbios tradicionales de la cultura china que transmiten sabiduría popular, valores morales y enseñanzas prácticas transmitidas oralmente durante siglos.;Collectio sententiarum Sinensium, magnopere in cultura tradita.;zh;Chino;Lingua Sinica;China;Sinae;Epoca Desconocida;Epocha Ignota;https://i.ibb.co/qLfpZm6h/china.png;0
374;El mejor momento para plantar un árbol fue hace 20 años el segundo mejor momento es ahora;Optimum tempus arborem serere fuit ante viginti annos secundum nunc est;种树最好的时间是二十年前，其次是现在;Proverbio Chino;;Proverbium Sinense;Conjunto de proverbios tradicionales de la cultura china que transmiten sabiduría popular, valores morales y enseñanzas prácticas transmitidas oralmente durante siglos.;Collectio sententiarum Sinensium, magnopere in cultura tradita.;zh;Chino;Lingua Sinica;China;Sinae;Epoca Desconocida;Epocha Ignota;https://i.ibb.co/qLfpZm6h/china.png;0
375;Cuando el dinero habla la verdad calla;Cum pecunia loquitur veritas tacet;钱说话时真理沉默;Proverbio Chino;;Proverbium Sinense;Conjunto de proverbios tradicionales de la cultura china que transmiten sabiduría popular, valores morales y enseñanzas prácticas transmitidas oralmente durante siglos.;Collectio sententiarum Sinensium, magnopere in cultura tradita.;zh;Chino;Lingua Sinica;China;Sinae;Epoca Desconocida;Epocha Ignota;https://i.ibb.co/qLfpZm6h/china.png;0
376;Tres monjes no tienen agua para beber;Tres monachi aquam bibere non habent;三个和尚没水喝;Proverbio Chino;;Proverbium Sinense;Conjunto de proverbios tradicionales de la cultura china que transmiten sabiduría popular, valores morales y enseñanzas prácticas transmitidas oralmente durante siglos.;Collectio sententiarum Sinensium, magnopere in cultura tradita.;zh;Chino;Lingua Sinica;China;Sinae;Epoca Desconocida;Epocha Ignota;https://i.ibb.co/qLfpZm6h/china.png;0
377;Con el tiempo se conoce el corazón del hombre;Tempore cor hominis cognoscitur;日久见人心;Proverbio Chino;;Proverbium Sinense;Conjunto de proverbios tradicionales de la cultura china que transmiten sabiduría popular, valores morales y enseñanzas prácticas transmitidas oralmente durante siglos.;Collectio sententiarum Sinensium, magnopere in cultura tradita.;zh;Chino;Lingua Sinica;China;Sinae;Epoca Desconocida;Epocha Ignota;https://i.ibb.co/qLfpZm6h/china.png;0
378;En aguas de extrema limpidez no puede haber peces;In aquis nimis puris pisces esse non possunt;水至清则无鱼;Proverbio Chino;;Proverbium Sinense;Conjunto de proverbios tradicionales de la cultura china que transmiten sabiduría popular, valores morales y enseñanzas prácticas transmitidas oralmente durante siglos.;Collectio sententiarum Sinensium, magnopere in cultura tradita.;zh;Chino;Lingua Sinica;China;Sinae;Epoca Desconocida;Epocha Ignota;https://i.ibb.co/qLfpZm6h/china.png;0
379;Matar dos pájaros de un tiro;Duos aves uno iactu interficere;一箭双雕;Proverbio Chino;;Proverbium Sinense;Conjunto de proverbios tradicionales de la cultura china que transmiten sabiduría popular, valores morales y enseñanzas prácticas transmitidas oralmente durante siglos.;Collectio sententiarum Sinensium, magnopere in cultura tradita.;zh;Chino;Lingua Sinica;China;Sinae;Epoca Desconocida;Epocha Ignota;https://i.ibb.co/qLfpZm6h/china.png;0
380;A la tarde te examinarán en el amor;Ad vesperam in amore examinaberis;A la tarde seréis examinados en el amor;San Juan de la Cruz;Carta 3 y Noche oscura del alma;Sanctus Ioannes a Cruce;Místico y poeta español, Doctor de la Iglesia. Reformador del Carmelo junto a Santa Teresa de Jesús, autor de obras cumbre de la mística cristiana como Noche oscura del alma, Cántico espiritual y Llama de amor viva. Maestro de la vida espiritual y el amor divino.;Mysticus et poeta Hispanicus, Doctor Ecclesiae. Carmeli reformator cum Sancta Theresia ab Iesu, auctor operum mysticae Christianae ut Nox obscura animae, Canticum spirituale et Flamma amoris vivae. Magister vitae spiritualis et amoris divini.;es;Español;Lingua Hispanica;España;Hispania;Edad Moderna;Nova Aetas;https://i.ibb.co/ynPqYx5K/sanjuandelacruz.png;0
381;Donde no hay amor, pon amor y sacarás amor;Ubi non est amor pone amorem et extrahe amorem;Donde no hay amor, pon amor, y hallarás amor;San Juan de la Cruz;Obras completas, comentario sobre la caridad y el amor divino;Sanctus Ioannes a Cruce;Místico y poeta español, Doctor de la Iglesia. Reformador del Carmelo junto a Santa Teresa de Jesús, autor de obras cumbre de la mística cristiana como Noche oscura del alma, Cántico espiritual y Llama de amor viva. Maestro de la vida espiritual y el amor divino.;Mysticus et poeta Hispanicus, Doctor Ecclesiae. Carmeli reformator cum Sancta Theresia ab Iesu, auctor operum mysticae Christianae ut Nox obscura animae, Canticum spirituale et Flamma amoris vivae. Magister vitae spiritualis et amoris divini.;es;Español;Lingua Hispanica;España;Hispania;Edad Moderna;Nova Aetas;https://i.ibb.co/ynPqYx5K/sanjuandelacruz.png;0
382;El alma que anda en amor ni cansa ni se cansa;Anima quae in amore ambulat nec fatigat nec fatigatur;El alma que anda en amor, ni cansa ni se cansa;San Juan de la Cruz;Cántico espiritual, estrofa XI, sobre el impulso del amor divino;Sanctus Ioannes a Cruce;Místico y poeta español, Doctor de la Iglesia. Reformador del Carmelo junto a Santa Teresa de Jesús, autor de obras cumbre de la mística cristiana como Noche oscura del alma, Cántico espiritual y Llama de amor viva. Maestro de la vida espiritual y el amor divino.;Mysticus et poeta Hispanicus, Doctor Ecclesiae. Carmeli reformator cum Sancta Theresia ab Iesu, auctor operum mysticae Christianae ut Nox obscura animae, Canticum spirituale et Flamma amoris vivae. Magister vitae spiritualis et amoris divini.;es;Español;Lingua Hispanica;España;Hispania;Edad Moderna;Nova Aetas;https://i.ibb.co/ynPqYx5K/sanjuandelacruz.png;0
383;Buscad leyendo y hallaréis meditando;Quaerite legendo et invenietis meditando;Buscad leyendo y hallaréis meditando;San Juan de la Cruz;Subida del Monte Carmelo, capítulo sobre la contemplación y la meditación;Sanctus Ioannes a Cruce;Místico y poeta español, Doctor de la Iglesia. Reformador del Carmelo junto a Santa Teresa de Jesús, autor de obras cumbre de la mística cristiana como Noche oscura del alma, Cántico espiritual y Llama de amor viva. Maestro de la vida espiritual y el amor divino.;Mysticus et poeta Hispanicus, Doctor Ecclesiae. Carmeli reformator cum Sancta Theresia ab Iesu, auctor operum mysticae Christianae ut Nox obscura animae, Canticum spirituale et Flamma amoris vivae. Magister vitae spiritualis et amoris divini.;es;Español;Lingua Hispanica;España;Hispania;Edad Moderna;Nova Aetas;https://i.ibb.co/ynPqYx5K/sanjuandelacruz.png;0
384;Quien supiere morir a todo tendrá vida en todo;Qui sciverit mori ad omnia habebit vitam in omnibus;Quien supiere morir a todo, tendrá vida en todo;San Juan de la Cruz;Noche oscura del alma, estrofa sobre el desapego y unión con Dios;Sanctus Ioannes a Cruce;Místico y poeta español, Doctor de la Iglesia. Reformador del Carmelo junto a Santa Teresa de Jesús, autor de obras cumbre de la mística cristiana como Noche oscura del alma, Cántico espiritual y Llama de amor viva. Maestro de la vida espiritual y el amor divino.;Mysticus et poeta Hispanicus, Doctor Ecclesiae. Carmeli reformator cum Sancta Theresia ab Iesu, auctor operum mysticae Christianae ut Nox obscura animae, Canticum spirituale et Flamma amoris vivae. Magister vitae spiritualis et amoris divini.;es;Español;Lingua Hispanica;España;Hispania;Edad Moderna;Nova Aetas;https://i.ibb.co/ynPqYx5K/sanjuandelacruz.png;0
385;Nada te turbe, nada te espante, todo se pasa, Dios no se muda;Nihil te perturbet, nihil te terreat, omnia transeunt, Deus non mutatur;Nada te turbe, nada te espante, todo se pasa, Dios no se muda;Santa Teresa de Jesús;Poema Nada te turbe;Sancta Theresia ab Iesu;Mística y escritora española, Doctora de la Iglesia. Fundadora de las Carmelitas Descalzas, reformadora del Carmelo. Autora de obras maestras como El Castillo Interior y Camino de Perfección. Cumbre de la mística experimental cristiana junto a San Juan de la Cruz.;Mystica et scriptrix Hispanica, Doctor Ecclesiae. Carmelitarum Discalceatarum fundatrix, Carmeli reformatrix. Auctor operum ut Castellum Interius et Via Perfectionis. Culmen mysticae experimentalis Christianae cum Sancto Ioanne a Cruce.;es;Español;Lingua Hispanica;España;Hispania;Edad Moderna;Nova Aetas;https://i.ibb.co/nqTZx8JJ/santateresadejesus.png;0
386;La paciencia todo lo alcanza;Patientia omnia consequitur;La paciencia todo lo alcanza;Santa Teresa de Jesús;Camino de perfección;Sancta Theresia ab Iesu;Mística y escritora española, Doctora de la Iglesia. Fundadora de las Carmelitas Descalzas, reformadora del Carmelo. Autora de obras maestras como El Castillo Interior y Camino de Perfección. Cumbre de la mística experimental cristiana junto a San Juan de la Cruz.;Mystica et scriptrix Hispanica, Doctor Ecclesiae. Carmelitarum Discalceatarum fundatrix, Carmeli reformatrix. Auctor operum ut Castellum Interius et Via Perfectionis. Culmen mysticae experimentalis Christianae cum Sancto Ioanne a Cruce.;es;Español;Lingua Hispanica;España;Hispania;Edad Moderna;Nova Aetas;https://i.ibb.co/nqTZx8JJ/santateresadejesus.png;0
387;Solo Dios basta;Solus Deus sufficit;Solo Dios basta;Santa Teresa de Jesús;Libro de la vida;Sancta Theresia ab Iesu;Mística y escritora española, Doctora de la Iglesia. Fundadora de las Carmelitas Descalzas, reformadora del Carmelo. Autora de obras maestras como El Castillo Interior y Camino de Perfección. Cumbre de la mística experimental cristiana junto a San Juan de la Cruz.;Mystica et scriptrix Hispanica, Doctor Ecclesiae. Carmelitarum Discalceatarum fundatrix, Carmeli reformatrix. Auctor operum ut Castellum Interius et Via Perfectionis. Culmen mysticae experimentalis Christianae cum Sancto Ioanne a Cruce.;es;Español;Lingua Hispanica;España;Hispania;Edad Moderna;Nova Aetas;https://i.ibb.co/nqTZx8JJ/santateresadejesus.png;0
388;Vivo sin vivir en mí y tan alta vida espero que muero porque no muero;Vivo sine vivere in me et vitam tam altam spero ut moriar quia non morior;Vivo sin vivir en mí, y tan alta vida espero, que muero porque no muero;Santa Teresa de Jesús;Poema Vivo sin vivir en mí;Sancta Theresia ab Iesu;Mística y escritora española, Doctora de la Iglesia. Fundadora de las Carmelitas Descalzas, reformadora del Carmelo. Autora de obras maestras como El Castillo Interior y Camino de Perfección. Cumbre de la mística experimental cristiana junto a San Juan de la Cruz.;Mystica et scriptrix Hispanica, Doctor Ecclesiae. Carmelitarum Discalceatarum fundatrix, Carmeli reformatrix. Auctor operum ut Castellum Interius et Via Perfectionis. Culmen mysticae experimentalis Christianae cum Sancto Ioanne a Cruce.;es;Español;Lingua Hispanica;España;Hispania;Edad Moderna;Nova Aetas;https://i.ibb.co/nqTZx8JJ/santateresadejesus.png;0
389;La vida es una noche en una mala posada;Vita est nox in deversorio malo;La vida es una noche en una mala posada;Santa Teresa de Jesús;Libro de la vida;Sancta Theresia ab Iesu;Mística y escritora española, Doctora de la Iglesia. Fundadora de las Carmelitas Descalzas, reformadora del Carmelo. Autora de obras maestras como El Castillo Interior y Camino de Perfección. Cumbre de la mística experimental cristiana junto a San Juan de la Cruz.;Mystica et scriptrix Hispanica, Doctor Ecclesiae. Carmelitarum Discalceatarum fundatrix, Carmeli reformatrix. Auctor operum ut Castellum Interius et Via Perfectionis. Culmen mysticae experimentalis Christianae cum Sancto Ioanne a Cruce.;es;Español;Lingua Hispanica;España;Hispania;Edad Moderna;Nova Aetas;https://i.ibb.co/nqTZx8JJ/santateresadejesus.png;0
390;Si en medio de las adversidades persevera el corazón con serenidad, con gozo y con paz, esto es amor;Si in medio adversitatum perseverat cor cum serenitate, gaudio et pace, hoc est amor;Si en medio de las adversidades persevera el corazón con serenidad, con gozo y con paz, esto es amor;Santa Teresa de Jesús;Camino de perfección;Sancta Theresia ab Iesu;Mística y escritora española, Doctora de la Iglesia. Fundadora de las Carmelitas Descalzas, reformadora del Carmelo. Autora de obras maestras como El Castillo Interior y Camino de Perfección. Cumbre de la mística experimental cristiana junto a San Juan de la Cruz.;Mystica et scriptrix Hispanica, Doctor Ecclesiae. Carmelitarum Discalceatarum fundatrix, Carmeli reformatrix. Auctor operum ut Castellum Interius et Via Perfectionis. Culmen mysticae experimentalis Christianae cum Sancto Ioanne a Cruce.;es;Español;Lingua Hispanica;España;Hispania;Edad Moderna;Nova Aetas;https://i.ibb.co/nqTZx8JJ/santateresadejesus.png;0
391;Alegría, estudio y piedad;Laetitia, studium et pietas;Gioia, studio e pietà;San Juan Bosco;Regole dell'Oratorio;Sanctus Ioannes Bosco;Sacerdote italiano fundador de la Congregación Salesiana y de las Hijas de María Auxiliadora. Padre y maestro de la juventud, dedicó su vida a la educación y formación de los jóvenes pobres. Su pedagogía se basaba en la alegría, la piedad y el estudio.;Sacerdos Italicus Congregationis Salesianae et Filiarum Mariae Auxiliatricis fundator. Pater et magister iuventutis, vitam suam educationi et formationi iuvenum pauperum dedicavit. Paedagogia eius in laetitia, pietate et studio fundata erat.;it;Italiano;Lingua Italica;Italia;Italia;Edad Contemporánea;Aetas Contemporanea;https://i.ibb.co/hRrvF9Vk/sanjuanbosco.png;0
392;Si quieres una vida alegre y tranquila, procura estar siempre en gracia de Dios;Si vis vitam laetam et tranquillam, cura ut semper in gratia Dei sis;Se vuoi una vita allegra e tranquilla, cerca di essere sempre in grazia di Dio;San Juan Bosco;Scritti e lettere ai giovani;Sanctus Ioannes Bosco;Sacerdote italiano fundador de la Congregación Salesiana y de las Hijas de María Auxiliadora. Padre y maestro de la juventud, dedicó su vida a la educación y formación de los jóvenes pobres. Su pedagogía se basaba en la alegría, la piedad y el estudio.;Sacerdos Italicus Congregationis Salesianae et Filiarum Mariae Auxiliatricis fundator. Pater et magister iuventutis, vitam suam educationi et formationi iuvenum pauperum dedicavit. Paedagogia eius in laetitia, pietate et studio fundata erat.;it;Italiano;Lingua Italica;Italia;Italia;Edad Contemporánea;Aetas Contemporanea;https://i.ibb.co/hRrvF9Vk/sanjuanbosco.png;0
393;Ser bueno no consiste en no cometer ninguna falta, sino en saber enmendarse;Bonus esse non consistit in nullam culpam committere sed in scire emendare;Essere buono non consiste nel non commettere mai errori, ma nel saperli correggere;San Juan Bosco;Letture spirituali per giovani;Sanctus Ioannes Bosco;Sacerdote italiano fundador de la Congregación Salesiana y de las Hijas de María Auxiliadora. Padre y maestro de la juventud, dedicó su vida a la educación y formación de los jóvenes pobres. Su pedagogía se basaba en la alegría, la piedad y el estudio.;Sacerdos Italicus Congregationis Salesianae et Filiarum Mariae Auxiliatricis fundator. Pater et magister iuventutis, vitam suam educationi et formationi iuvenum pauperum dedicavit. Paedagogia eius in laetitia, pietate et studio fundata erat.;it;Italiano;Lingua Italica;Italia;Italia;Edad Contemporánea;Aetas Contemporanea;https://i.ibb.co/hRrvF9Vk/sanjuanbosco.png;0
394;Estando siempre alegres, ni cuenta nos daremos de lo pronto que pasa el tiempo;Semper laeti nullum computum temporis transituri faciemus;Stando sempre allegri, non ci accorgiamo di quanto presto passa il tempo;San Juan Bosco;Scritti ai giovani;Sanctus Ioannes Bosco;Sacerdote italiano fundador de la Congregación Salesiana y de las Hijas de María Auxiliadora. Padre y maestro de la juventud, dedicó su vida a la educación y formación de los jóvenes pobres. Su pedagogía se basaba en la alegría, la piedad y el estudio.;Sacerdos Italicus Congregationis Salesianae et Filiarum Mariae Auxiliatricis fundator. Pater et magister iuventutis, vitam suam educationi et formationi iuvenum pauperum dedicavit. Paedagogia eius in laetitia, pietate et studio fundata erat.;it;Italiano;Lingua Italica;Italia;Italia;Edad Contemporánea;Aetas Contemporanea;https://i.ibb.co/hRrvF9Vk/sanjuanbosco.png;0
395;Dios favorece al hombre alegre;Deus hominem laetum favet;Dio favorisce l'uomo allegro;San Juan Bosco;Letture per giovani;Sanctus Ioannes Bosco;Sacerdote italiano fundador de la Congregación Salesiana y de las Hijas de María Auxiliadora. Padre y maestro de la juventud, dedicó su vida a la educación y formación de los jóvenes pobres. Su pedagogía se basaba en la alegría, la piedad y el estudio.;Sacerdos Italicus Congregationis Salesianae et Filiarum Mariae Auxiliatricis fundator. Pater et magister iuventutis, vitam suam educationi et formationi iuvenum pauperum dedicavit. Paedagogia eius in laetitia, pietate et studio fundata erat.;it;Italiano;Lingua Italica;Italia;Italia;Edad Contemporánea;Aetas Contemporanea;https://i.ibb.co/hRrvF9Vk/sanjuanbosco.png;0
396;La base de la vida feliz de un joven es la comunión;Basis vitae felicis iuvenis est communio;La base della vita felice di un giovane è la comunione;San Juan Bosco;Regole dell'Oratorio;Sanctus Ioannes Bosco;Sacerdote italiano fundador de la Congregación Salesiana y de las Hijas de María Auxiliadora. Padre y maestro de la juventud, dedicó su vida a la educación y formación de los jóvenes pobres. Su pedagogía se basaba en la alegría, la piedad y el estudio.;Sacerdos Italicus Congregationis Salesianae et Filiarum Mariae Auxiliatricis fundator. Pater et magister iuventutis, vitam suam educationi et formationi iuvenum pauperum dedicavit. Paedagogia eius in laetitia, pietate et studio fundata erat.;it;Italiano;Lingua Italica;Italia;Italia;Edad Contemporánea;Aetas Contemporanea;https://i.ibb.co/hRrvF9Vk/sanjuanbosco.png;0
397;Dios es amor;Deus caritas est;Dios es amor;Benedicto XVI;Deus Caritas Est, n. 1;Benedictus XVI;Papa emérito de la Iglesia Católica desde 2005 hasta 2013, primer pontífice en renunciar al papado en casi 600 años. Teólogo brillante, Prefecto de la Congregación para la Doctrina de la Fe durante 24 años. Autor de numerosas obras teológicas sobre fe, razón, verdad y amor.;Papa emeritus Ecclesiae Catholicae ab anno 2005 usque 2013, primus pontifex qui papatu renuntiavit in fere 600 annis. Theologus praeclarus, Praefectus Congregationis pro Doctrina Fidei per 24 annos. Auctor numerosarum operum theologicarum de fide, ratione, veritate et amore.;de;Alemán;Lingua Germanica;Alemania;Germania;Edad Contemporánea;Aetas Contemporanea;https://i.ibb.co/4nL3Mpnc/benedictoxvi.png;0
398;La razón no se salvará sin la fe, pero la fe sin la razón no será humana;"Ratio sine fide non salvabitur; sed fides sine ratione non erit humana";La razón no se salvará sin la fe, pero la fe sin la razón no será humana;Benedicto XVI;Oratio ad Universitatem Ratisbonensem, 12 septembris 2006;Benedictus XVI;Papa emérito de la Iglesia Católica desde 2005 hasta 2013, primer pontífice en renunciar al papado en casi 600 años. Teólogo brillante, Prefecto de la Congregación para la Doctrina de la Fe durante 24 años. Autor de numerosas obras teológicas sobre fe, razón, verdad y amor.;Papa emeritus Ecclesiae Catholicae ab anno 2005 usque 2013, primus pontifex qui papatu renuntiavit in fere 600 annis. Theologus praeclarus, Praefectus Congregationis pro Doctrina Fidei per 24 annos. Auctor numerosarum operum theologicarum de fide, ratione, veritate et amore.;de;Alemán;Lingua Germanica;Alemania;Germania;Edad Contemporánea;Aetas Contemporanea;https://i.ibb.co/4nL3Mpnc/benedictoxvi.png;0
399;Solo la verdad hace libres;Sola veritas facit liberos;Solo la verdad hace libres;Benedicto XVI;Caritas in Veritate, n. 1;Benedictus XVI;Papa emérito de la Iglesia Católica desde 2005 hasta 2013, primer pontífice en renunciar al papado en casi 600 años. Teólogo brillante, Prefecto de la Congregación para la Doctrina de la Fe durante 24 años. Autor de numerosas obras teológicas sobre fe, razón, verdad y amor.;Papa emeritus Ecclesiae Catholicae ab anno 2005 usque 2013, primus pontifex qui papatu renuntiavit in fere 600 annis. Theologus praeclarus, Praefectus Congregationis pro Doctrina Fidei per 24 annos. Auctor numerosarum operum theologicarum de fide, ratione, veritate et amore.;de;Alemán;Lingua Germanica;Alemania;Germania;Edad Contemporánea;Aetas Contemporanea;https://i.ibb.co/4nL3Mpnc/benedictoxvi.png;0
400;La locura de la cruz es convertir el sufrimiento en grito de amor a Dios;Insania crucis est dolorem convertere in clamorem amoris Dei;La locura de la cruz es convertir el sufrimiento en grito de amor a Dios;Benedicto XVI;Homilia in Hebdomada Sancta, 2006;Benedictus XVI;Papa emérito de la Iglesia Católica desde 2005 hasta 2013, primer pontífice en renunciar al papado en casi 600 años. Teólogo brillante, Prefecto de la Congregación para la Doctrina de la Fe durante 24 años. Autor de numerosas obras teológicas sobre fe, razón, verdad y amor.;Papa emeritus Ecclesiae Catholicae ab anno 2005 usque 2013, primus pontifex qui papatu renuntiavit in fere 600 annis. Theologus praeclarus, Praefectus Congregationis pro Doctrina Fidei per 24 annos. Auctor numerosarum operum theologicarum de fide, ratione, veritate et amore.;de;Alemán;Lingua Germanica;Alemania;Germania;Edad Contemporánea;Aetas Contemporanea;https://i.ibb.co/4nL3Mpnc/benedictoxvi.png;0
401;Mi verdadero programa de gobierno es no hacer mi voluntad, sino ponerme junto con toda la Iglesia;Verum meum programma gubernationis est non voluntatem meam facere sed me cum tota Ecclesia ponere;Mi verdadero programa de gobierno es no hacer mi voluntad, sino ponerme junto con toda la Iglesia;Benedicto XVI;Oratio ad Corpus Diplomaticum, 24 aprilis 2005;Benedictus XVI;Papa emérito de la Iglesia Católica desde 2005 hasta 2013, primer pontífice en renunciar al papado en casi 600 años. Teólogo brillante, Prefecto de la Congregación para la Doctrina de la Fe durante 24 años. Autor de numerosas obras teológicas sobre fe, razón, verdad y amor.;Papa emeritus Ecclesiae Catholicae ab anno 2005 usque 2013, primus pontifex qui papatu renuntiavit in fere 600 annis. Theologus praeclarus, Praefectus Congregationis pro Doctrina Fidei per 24 annos. Auctor numerosarum operum theologicarum de fide, ratione, veritate et amore.;de;Alemán;Lingua Germanica;Alemania;Germania;Edad Contemporánea;Aetas Contemporanea;https://i.ibb.co/4nL3Mpnc/benedictoxvi.png;0
402;"La verdad sin amor es dura; el amor sin verdad es arbitrario";"Veritas sine amore dura est; amor sine veritate arbitrarius est";"La verdad sin amor es dura; el amor sin verdad es arbitrario";Benedicto XVI;Discurso ad iuvenes, 2005;Benedictus XVI;Papa emérito de la Iglesia Católica desde 2005 hasta 2013, primer pontífice en renunciar al papado en casi 600 años. Teólogo brillante, Prefecto de la Congregación para la Doctrina de la Fe durante 24 años. Autor de numerosas obras teológicas sobre fe, razón, verdad y amor.;Papa emeritus Ecclesiae Catholicae ab anno 2005 usque 2013, primus pontifex qui papatu renuntiavit in fere 600 annis. Theologus praeclarus, Praefectus Congregationis pro Doctrina Fidei per 24 annos. Auctor numerosarum operum theologicarum de fide, ratione, veritate et amore.;de;Alemán;Lingua Germanica;Alemania;Germania;Edad Contemporánea;Aetas Contemporanea;https://i.ibb.co/4nL3Mpnc/benedictoxvi.png;0
403;Después de mi muerte haré caer una lluvia de rosas;Post mortem meam pluviam rosarum faciam cadere;Après ma mort, je ferai tomber une pluie de roses;Santa Teresita de Lisieux;Manuscripta Histoire d'une âme, cap. XXX;Sancta Theresia a Lisieux;Monja carmelita francesa, Doctora de la Iglesia. Desarrolló el Caminito de infancia espiritual, la teología de la pequeñez. Autora de Historia de un alma. Patrona de las misiones y de Francia. Prometió pasar su cielo haciendo el bien en la tierra.;Soror Carmelita Francogallica, Doctor Ecclesiae. Viam parvam infantiae spiritualis, theologiam parvitatis elaboravit. Auctor Historiae animae. Patrona missionum et Galliae. Promisit se caelum transacturam bonum in terra faciens.;fr;Francés;Lingua Gallica;Francia;Francia;Edad Contemporánea;Aetas Contemporanea;https://i.ibb.co/jNM8XWz/santateresitadelissieux.png;0
404;Voy a pasar mi cielo haciendo el bien en la tierra;Caelum meum transigam bonum in terra faciens;Je passerai mon ciel à faire du bien sur la terre;Santa Teresita de Lisieux;Manuscripta Histoire d'une âme, cap. XXXI;Sancta Theresia a Lisieux;Monja carmelita francesa, Doctora de la Iglesia. Desarrolló el Caminito de infancia espiritual, la teología de la pequeñez. Autora de Historia de un alma. Patrona de las misiones y de Francia. Prometió pasar su cielo haciendo el bien en la tierra.;Soror Carmelita Francogallica, Doctor Ecclesiae. Viam parvam infantiae spiritualis, theologiam parvitatis elaboravit. Auctor Historiae animae. Patrona missionum et Galliae. Promisit se caelum transacturam bonum in terra faciens.;fr;Francés;Lingua Gallica;Francia;Francia;Edad Contemporánea;Aetas Contemporanea;https://i.ibb.co/jNM8XWz/santateresitadelissieux.png;0
405;Yo no muero, entro en la vida;Non morior, in vitam introeo;Je ne meurs pas, j'entre dans la vie;Santa Teresita de Lisieux;Manuscripta Histoire d'une âme, cap. XXXII;Sancta Theresia a Lisieux;Monja carmelita francesa, Doctora de la Iglesia. Desarrolló el Caminito de infancia espiritual, la teología de la pequeñez. Autora de Historia de un alma. Patrona de las misiones y de Francia. Prometió pasar su cielo haciendo el bien en la tierra.;Soror Carmelita Francogallica, Doctor Ecclesiae. Viam parvam infantiae spiritualis, theologiam parvitatis elaboravit. Auctor Historiae animae. Patrona missionum et Galliae. Promisit se caelum transacturam bonum in terra faciens.;fr;Francés;Lingua Gallica;Francia;Francia;Edad Contemporánea;Aetas Contemporanea;https://i.ibb.co/jNM8XWz/santateresitadelissieux.png;0
406;Mi camino es la confianza y el amor;Via mea est fiducia et amor;Ma voie est la confiance et l'amour;Santa Teresita de Lisieux;Manuscripta Histoire d'une âme, cap. XXVIII;Sancta Theresia a Lisieux;Monja carmelita francesa, Doctora de la Iglesia. Desarrolló el Caminito de infancia espiritual, la teología de la pequeñez. Autora de Historia de un alma. Patrona de las misiones y de Francia. Prometió pasar su cielo haciendo el bien en la tierra.;Soror Carmelita Francogallica, Doctor Ecclesiae. Viam parvam infantiae spiritualis, theologiam parvitatis elaboravit. Auctor Historiae animae. Patrona missionum et Galliae. Promisit se caelum transacturam bonum in terra faciens.;fr;Francés;Lingua Gallica;Francia;Francia;Edad Contemporánea;Aetas Contemporanea;https://i.ibb.co/jNM8XWz/santateresitadelissieux.png;0
407;La verdadera santidad es humillarse y soportar las propias imperfecciones;Vera sanctitas est se humiliare et imperfectiones proprias tolerare;La vraie sainteté est de s'humilier et supporter ses imperfections;Santa Teresita de Lisieux;Manuscripta Histoire d'une âme, cap. XXIX;Sancta Theresia a Lisieux;Monja carmelita francesa, Doctora de la Iglesia. Desarrolló el Caminito de infancia espiritual, la teología de la pequeñez. Autora de Historia de un alma. Patrona de las misiones y de Francia. Prometió pasar su cielo haciendo el bien en la tierra.;Soror Carmelita Francogallica, Doctor Ecclesiae. Viam parvam infantiae spiritualis, theologiam parvitatis elaboravit. Auctor Historiae animae. Patrona missionum et Galliae. Promisit se caelum transacturam bonum in terra faciens.;fr;Francés;Lingua Gallica;Francia;Francia;Edad Contemporánea;Aetas Contemporanea;https://i.ibb.co/jNM8XWz/santateresitadelissieux.png;0
408;Jesús, mi alegría es amarte;Iesu, gaudium meum est te amare;Jésus, ma joie est de t'aimer;Santa Teresita de Lisieux;Manuscripta Histoire d'une âme, cap. XXVII;Sancta Theresia a Lisieux;Monja carmelita francesa, Doctora de la Iglesia. Desarrolló el Caminito de infancia espiritual, la teología de la pequeñez. Autora de Historia de un alma. Patrona de las misiones y de Francia. Prometió pasar su cielo haciendo el bien en la tierra.;Soror Carmelita Francogallica, Doctor Ecclesiae. Viam parvam infantiae spiritualis, theologiam parvitatis elaboravit. Auctor Historiae animae. Patrona missionum et Galliae. Promisit se caelum transacturam bonum in terra faciens.;fr;Francés;Lingua Gallica;Francia;Francia;Edad Contemporánea;Aetas Contemporanea;https://i.ibb.co/jNM8XWz/santateresitadelissieux.png;0
409;Ayúdame a hacerlo por mí mismo;Adiuva me ut id per me ipsum faciam;Aiutami a farlo da solo;María Montessori;Il Metodo della Pedagogia Scientifica, cap. III;Maria Montessori;Médica y pedagoga italiana, creadora del Método Montessori. Primera mujer médica de Italia, desarrolló una innovadora filosofía educativa centrada en el respeto al niño, su libertad, autonomía e independencia. Su método revolucionó la educación infantil mundial enfatizando el aprendizaje natural y sensorial.;Medica et paedagoga Italica, creatrix Methodi Montessori. Prima femina medica Italiae, philosophiam educativam innovativam elaboravit in respectu pueri, libertate, autonomia et independentia fundatam. Methodus eius educationem infantilem mundialem transformavit emphasim in apprehensione naturali et sensoriali ponens.;it;Italiano;Lingua Italica;Italia;Italia;Edad Contemporánea;Aetas Contemporanea;https://i.ibb.co/XfpNXLtH/mariamontessori.png;0
410;La mayor señal de éxito para un profesor es poder decir ahora los niños trabajan como si yo no existiera;Maximum signum successus magistri est posse dicere nunc pueri laborant quasi ego non existerem;Il più grande segno di successo per un insegnante è poter dire i bambini stanno lavorando come se io non esistessi;María Montessori;Il Metodo della Pedagogia Scientifica, cap. V;Maria Montessori;Médica y pedagoga italiana, creadora del Método Montessori. Primera mujer médica de Italia, desarrolló una innovadora filosofía educativa centrada en el respeto al niño, su libertad, autonomía e independencia. Su método revolucionó la educación infantil mundial enfatizando el aprendizaje natural y sensorial.;Medica et paedagoga Italica, creatrix Methodi Montessori. Prima femina medica Italiae, philosophiam educativam innovativam elaboravit in respectu pueri, libertate, autonomia et independentia fundatam. Methodus eius educationem infantilem mundialem transformavit emphasim in apprehensione naturali et sensoriali ponens.;it;Italiano;Lingua Italica;Italia;Italia;Edad Contemporánea;Aetas Contemporanea;https://i.ibb.co/XfpNXLtH/mariamontessori.png;0
411;Cualquier ayuda innecesaria es un obstáculo para el desarrollo;Quodlibet auxilium non necessarium impedimentum progressui est;Qualsiasi aiuto inutile è un ostacolo allo sviluppo;María Montessori;Il Metodo della Pedagogia Scientifica, cap. VI;Maria Montessori;Médica y pedagoga italiana, creadora del Método Montessori. Primera mujer médica de Italia, desarrolló una innovadora filosofía educativa centrada en el respeto al niño, su libertad, autonomía e independencia. Su método revolucionó la educación infantil mundial enfatizando el aprendizaje natural y sensorial.;Medica et paedagoga Italica, creatrix Methodi Montessori. Prima femina medica Italiae, philosophiam educativam innovativam elaboravit in respectu pueri, libertate, autonomia et independentia fundatam. Methodus eius educationem infantilem mundialem transformavit emphasim in apprehensione naturali et sensoriali ponens.;it;Italiano;Lingua Italica;Italia;Italia;Edad Contemporánea;Aetas Contemporanea;https://i.ibb.co/XfpNXLtH/mariamontessori.png;0
412;Nunca ayudes a un niño mientras está realizando una tarea en la que siente que puede tener éxito;Numquam adiuva puerum dum munus perficit in quo sentit se successum habere posse;Non aiutare mai un bambino mentre sta svolgendo un compito in cui sente di poter avere successo;María Montessori;Il Metodo della Pedagogia Scientifica, cap. VII;Maria Montessori;Médica y pedagoga italiana, creadora del Método Montessori. Primera mujer médica de Italia, desarrolló una innovadora filosofía educativa centrada en el respeto al niño, su libertad, autonomía e independencia. Su método revolucionó la educación infantil mundial enfatizando el aprendizaje natural y sensorial.;Medica et paedagoga Italica, creatrix Methodi Montessori. Prima femina medica Italiae, philosophiam educativam innovativam elaboravit in respectu pueri, libertate, autonomia et independentia fundatam. Methodus eius educationem infantilem mundialem transformavit emphasim in apprehensione naturali et sensoriali ponens.;it;Italiano;Lingua Italica;Italia;Italia;Edad Contemporánea;Aetas Contemporanea;https://i.ibb.co/XfpNXLtH/mariamontessori.png;0
413;Hemos de ser educados si queremos educar;Educati esse debemus si volumus educare;Dobbiamo essere educati se vogliamo educare;María Montessori;Il Metodo della Pedagogia Scientifica, cap. VIII;Maria Montessori;Médica y pedagoga italiana, creadora del Método Montessori. Primera mujer médica de Italia, desarrolló una innovadora filosofía educativa centrada en el respeto al niño, su libertad, autonomía e independencia. Su método revolucionó la educación infantil mundial enfatizando el aprendizaje natural y sensorial.;Medica et paedagoga Italica, creatrix Methodi Montessori. Prima femina medica Italiae, philosophiam educativam innovativam elaboravit in respectu pueri, libertate, autonomia et independentia fundatam. Methodus eius educationem infantilem mundialem transformavit emphasim in apprehensione naturali et sensoriali ponens.;it;Italiano;Lingua Italica;Italia;Italia;Edad Contemporánea;Aetas Contemporanea;https://i.ibb.co/XfpNXLtH/mariamontessori.png;0
414;La primera tarea es agitar la vida pero dejarla libre para que se desarrolle;Primum munus est vitam agitare sed eam liberam relinquere ut se evolvat;Il primo compito è agitare la vita ma lasciarla libera di svilupparsi;María Montessori;Il Metodo della Pedagogia Scientifica, cap. IX;Maria Montessori;Médica y pedagoga italiana, creadora del Método Montessori. Primera mujer médica de Italia, desarrolló una innovadora filosofía educativa centrada en el respeto al niño, su libertad, autonomía e independencia. Su método revolucionó la educación infantil mundial enfatizando el aprendizaje natural y sensorial.;Medica et paedagoga Italica, creatrix Methodi Montessori. Prima femina medica Italiae, philosophiam educativam innovativam elaboravit in respectu pueri, libertate, autonomia et independentia fundatam. Methodus eius educationem infantilem mundialem transformavit emphasim in apprehensione naturali et sensoriali ponens.;it;Italiano;Lingua Italica;Italia;Italia;Edad Contemporánea;Aetas Contemporanea;https://i.ibb.co/XfpNXLtH/mariamontessori.png;0
415;Nadie libera a nadie ni nadie se libera, solo los hombres se liberan en comunión;"Nemo liberat aliquem nec aliquis se solus liberat; homines se in communione liberant";Ninguém liberta ninguém, ninguém se liberta sozinho, os homens se libertam em comunhão;Paulo Freire;Pedagogia do Oprimido, cap. II;Paulus Freire;Pedagogo brasileño, creador de la Pedagogía del Oprimido y la educación liberadora. Desarrolló un revolucionario método de alfabetización crítica que entiende la educación como práctica de libertad y transformación social. Figura fundamental de la pedagogía crítica mundial.;Paedagogus Brasilianus, creator Paedagogiae Oppressorum et educationis liberatricis. Methodum revolutionarium alphabetizationis criticae elaboravit qui educationem ut praxim libertatis et transformationis socialis intelligit. Figura fundamentalis paedagogiae criticae mundialis.;pt;Portugués;Lingua Lusitanica;Brasil;Brasilia;Edad Contemporánea;Aetas Contemporanea;https://i.ibb.co/8g9CdD0p/paulofreire.png;0
416;La educación no cambia el mundo, cambia a las personas que van a cambiar el mundo;Educatio mundum non mutat, mutat personas quae mundum mutaturi sunt;A educação não muda o mundo, muda as pessoas que vão mudar o mundo;Paulo Freire;Pedagogia do Oprimido, cap. III;Paulus Freire;Pedagogo brasileño, creador de la Pedagogía del Oprimido y la educación liberadora. Desarrolló un revolucionario método de alfabetización crítica que entiende la educación como práctica de libertad y transformación social. Figura fundamental de la pedagogía crítica mundial.;Paedagogus Brasilianus, creator Paedagogiae Oppressorum et educationis liberatricis. Methodum revolutionarium alphabetizationis criticae elaboravit qui educationem ut praxim libertatis et transformationis socialis intelligit. Figura fundamentalis paedagogiae criticae mundialis.;pt;Portugués;Lingua Lusitanica;Brasil;Brasilia;Edad Contemporánea;Aetas Contemporanea;https://i.ibb.co/8g9CdD0p/paulofreire.png;0
417;Enseñar no es transferir conocimiento, sino crear las posibilidades para su producción;Docere non est cognitionem transferre, sed possibilitates pro eius productione creare;Ensinar não é transferir conhecimento, mas criar as possibilidades para a sua produção;Paulo Freire;Pedagogia do Oprimido, cap. IV;Paulus Freire;Pedagogo brasileño, creador de la Pedagogía del Oprimido y la educación liberadora. Desarrolló un revolucionario método de alfabetización crítica que entiende la educación como práctica de libertad y transformación social. Figura fundamental de la pedagogía crítica mundial.;Paedagogus Brasilianus, creator Paedagogiae Oppressorum et educationis liberatricis. Methodum revolutionarium alphabetizationis criticae elaboravit qui educationem ut praxim libertatis et transformationis socialis intelligit. Figura fundamentalis paedagogiae criticae mundialis.;pt;Portugués;Lingua Lusitanica;Brasil;Brasilia;Edad Contemporánea;Aetas Contemporanea;https://i.ibb.co/8g9CdD0p/paulofreire.png;0
418;No hay docencia sin discencia;Non est docentia sine discentia;Não há docência sem discência;Paulo Freire;Pedagogia do Oprimido, cap. V;Paulus Freire;Pedagogo brasileño, creador de la Pedagogía del Oprimido y la educación liberadora. Desarrolló un revolucionario método de alfabetización crítica que entiende la educación como práctica de libertad y transformación social. Figura fundamental de la pedagogía crítica mundial.;Paedagogus Brasilianus, creator Paedagogiae Oppressorum et educationis liberatricis. Methodum revolutionarium alphabetizationis criticae elaboravit qui educationem ut praxim libertatis et transformationis socialis intelligit. Figura fundamentalis paedagogiae criticae mundialis.;pt;Portugués;Lingua Lusitanica;Brasil;Brasilia;Edad Contemporánea;Aetas Contemporanea;https://i.ibb.co/8g9CdD0p/paulofreire.png;0
419;La educación es un acto de amor, por tanto un acto de valor;Educatio est actus amoris, ergo actus fortitudinis;A educação é um ato de amor, portanto um ato de coragem;Paulo Freire;Pedagogia do Oprimido, cap. VI;Paulus Freire;Pedagogo brasileño, creador de la Pedagogía del Oprimido y la educación liberadora. Desarrolló un revolucionario método de alfabetización crítica que entiende la educación como práctica de libertad y transformación social. Figura fundamental de la pedagogía crítica mundial.;Paedagogus Brasilianus, creator Paedagogiae Oppressorum et educationis liberatricis. Methodum revolutionarium alphabetizationis criticae elaboravit qui educationem ut praxim libertatis et transformationis socialis intelligit. Figura fundamentalis paedagogiae criticae mundialis.;pt;Portugués;Lingua Lusitanica;Brasil;Brasilia;Edad Contemporánea;Aetas Contemporanea;https://i.ibb.co/8g9CdD0p/paulofreire.png;0
420;Lucho por una educación que nos enseñe a pensar y no por una educación que nos enseñe a obedecer;Pugno pro educatione quae nos docet cogitare, non pro educatione quae nos docet obedire;Luto por uma educação que nos ensine a pensar e não por uma educação que nos ensine a obedecer;Paulo Freire;Pedagogia do Oprimido, cap. VII;Paulus Freire;Pedagogo brasileño, creador de la Pedagogía del Oprimido y la educación liberadora. Desarrolló un revolucionario método de alfabetización crítica que entiende la educación como práctica de libertad y transformación social. Figura fundamental de la pedagogía crítica mundial.;Paedagogus Brasilianus, creator Paedagogiae Oppressorum et educationis liberatricis. Methodum revolutionarium alphabetizationis criticae elaboravit qui educationem ut praxim libertatis et transformationis socialis intelligit. Figura fundamentalis paedagogiae criticae mundialis.;pt;Portugués;Lingua Lusitanica;Brasil;Brasilia;Edad Contemporánea;Aetas Contemporanea;https://i.ibb.co/8g9CdD0p/paulofreire.png;0
421;Piedad y Letras;Pietas et Litterae;Pietas et Litterae;San José de Calasanz;Pietas et Litterae;Sanctus Iosephus Calasanctius;Sacerdote español fundador de las Escuelas Pías y de la Orden de los Escolapios. Pionero de la educación popular gratuita y universal en Europa, abrió la primera escuela pública gratuita en 1597 en Roma. Su lema educativo fue Piedad y Letras, defendiendo la educación integral para todos sin distinción.;Sacerdos Hispanicus Scholarum Piarum et Ordinis Clericorum Regularium Pauperum Matris Dei Scholarum Piarum fundator. Pionarius educationis popularis gratuitae et universalis in Europa, primam scholam publicam gratuitam anno 1597 Romae aperuit. Lemma educativum eius fuit Pietas et Litterae, educationem integralem pro omnibus sine distinctione defendens.;la;Latín;Lingua Latina;España;Hispania;Edad Moderna;Nova Aetas;https://i.ibb.co/C5vjn9Hz/sanjosedecalasanz.png;0
422;Si desde la niñez el muchacho es imbuido diligentemente en la piedad y en las letras no hay que temer su edad avanzada;Si ab infantia puer diligenter in pietate et litteris imbuatur non est timenda eius aetas provecta;Si ab infantia puer diligenter in pietate et litteris imbuatur non est timenda eius aetas provecta;San José de Calasanz;Epistolae et Scripta;Sanctus Iosephus Calasanctius;Sacerdote español fundador de las Escuelas Pías y de la Orden de los Escolapios. Pionero de la educación popular gratuita y universal en Europa, abrió la primera escuela pública gratuita en 1597 en Roma. Su lema educativo fue Piedad y Letras, defendiendo la educación integral para todos sin distinción.;Sacerdos Hispanicus Scholarum Piarum et Ordinis Clericorum Regularium Pauperum Matris Dei Scholarum Piarum fundator. Pionarius educationis popularis gratuitae et universalis in Europa, primam scholam publicam gratuitam anno 1597 Romae aperuit. Lemma educativum eius fuit Pietas et Litterae, educationem integralem pro omnibus sine distinctione defendens.;la;Latín;Lingua Latina;España;Hispania;Edad Moderna;Nova Aetas;https://i.ibb.co/C5vjn9Hz/sanjosedecalasanz.png;0
423;En cuanto a recibir alumnos pobres obra santamente admitiendo a cuantos vienen porque para ellos se fundó nuestro Instituto;Quantum ad pauperes discipulos recipiendos sancte operatur admittens quotquot veniunt quia pro eis nostrum Institutum fundatum est;Quantum ad pauperes discipulos recipiendos sancte operatur admittens quotquot veniunt quia pro eis nostrum Institutum fundatum est;San José de Calasanz;Epistolae et Scripta;Sanctus Iosephus Calasanctius;Sacerdote español fundador de las Escuelas Pías y de la Orden de los Escolapios. Pionero de la educación popular gratuita y universal en Europa, abrió la primera escuela pública gratuita en 1597 en Roma. Su lema educativo fue Piedad y Letras, defendiendo la educación integral para todos sin distinción.;Sacerdos Hispanicus Scholarum Piarum et Ordinis Clericorum Regularium Pauperum Matris Dei Scholarum Piarum fundator. Pionarius educationis popularis gratuitae et universalis in Europa, primam scholam publicam gratuitam anno 1597 Romae aperuit. Lemma educativum eius fuit Pietas et Litterae, educationem integralem pro omnibus sine distinctione defendens.;la;Latín;Lingua Latina;España;Hispania;Edad Moderna;Nova Aetas;https://i.ibb.co/C5vjn9Hz/sanjosedecalasanz.png;0
424;En la instrucción de los niños es necesario tener mucha paciencia;In institutione puerorum necesse est multam patientiam habere;In institutione puerorum necesse est multam patientiam habere;San José de Calasanz;Epistolae et Scripta;Sanctus Iosephus Calasanctius;Sacerdote español fundador de las Escuelas Pías y de la Orden de los Escolapios. Pionero de la educación popular gratuita y universal en Europa, abrió la primera escuela pública gratuita en 1597 en Roma. Su lema educativo fue Piedad y Letras, defendiendo la educación integral para todos sin distinción.;Sacerdos Hispanicus Scholarum Piarum et Ordinis Clericorum Regularium Pauperum Matris Dei Scholarum Piarum fundator. Pionarius educationis popularis gratuitae et universalis in Europa, primam scholam publicam gratuitam anno 1597 Romae aperuit. Lemma educativum eius fuit Pietas et Litterae, educationem integralem pro omnibus sine distinctione defendens.;la;Latín;Lingua Latina;España;Hispania;Edad Moderna;Nova Aetas;https://i.ibb.co/C5vjn9Hz/sanjosedecalasanz.png;0
425;Amar es servir;Amare est servire;Amare est servire;San José de Calasanz;Epistolae et Scripta;Sanctus Iosephus Calasanctius;Sacerdote español fundador de las Escuelas Pías y de la Orden de los Escolapios. Pionero de la educación popular gratuita y universal en Europa, abrió la primera escuela pública gratuita en 1597 en Roma. Su lema educativo fue Piedad y Letras, defendiendo la educación integral para todos sin distinción.;Sacerdos Hispanicus Scholarum Piarum et Ordinis Clericorum Regularium Pauperum Matris Dei Scholarum Piarum fundator. Pionarius educationis popularis gratuitae et universalis in Europa, primam scholam publicam gratuitam anno 1597 Romae aperuit. Lemma educativum eius fuit Pietas et Litterae, educationem integralem pro omnibus sine distinctione defendens.;la;Latín;Lingua Latina;España;Hispania;Edad Moderna;Nova Aetas;https://i.ibb.co/C5vjn9Hz/sanjosedecalasanz.png;0
426;La educación es la base de toda la reforma de la humanidad;Educatio est basis omnis reformationis humanitatis;Educatio est basis omnis reformationis humanitatis;San José de Calasanz;Epistolae et Scripta;Sanctus Iosephus Calasanctius;Sacerdote español fundador de las Escuelas Pías y de la Orden de los Escolapios. Pionero de la educación popular gratuita y universal en Europa, abrió la primera escuela pública gratuita en 1597 en Roma. Su lema educativo fue Piedad y Letras, defendiendo la educación integral para todos sin distinción.;Sacerdos Hispanicus Scholarum Piarum et Ordinis Clericorum Regularium Pauperum Matris Dei Scholarum Piarum fundator. Pionarius educationis popularis gratuitae et universalis in Europa, primam scholam publicam gratuitam anno 1597 Romae aperuit. Lemma educativum eius fuit Pietas et Litterae, educationem integralem pro omnibus sine distinctione defendens.;la;Latín;Lingua Latina;España;Hispania;Edad Moderna;Nova Aetas;https://i.ibb.co/C5vjn9Hz/sanjosedecalasanz.png;0
427;La principal esperanza de una nación descansa en la adecuada educación de su juventud;Praecipua spes nationis in apta educatione iuventutis suae consistit;Praecipua spes nationis in apta educatione iuventutis suae consistit;Erasmo de Rotterdam;Opera Omnia;Desiderius Erasmus Roterodamus;Humanista, filósofo y teólogo neerlandés, figura cumbre del Renacimiento europeo. Crítico de la Iglesia desde dentro, defensor de la reforma educativa y moral. Amigo de Tomás Moro, editor del Nuevo Testamento griego y las obras de San Jerónimo. Autor del Elogio de la locura y precursor del pensamiento moderno.;Humanista, philosophus et theologus Batavus, figura culmen Renascentiae Europaeae. Criticus Ecclesiae ab intra, defensor reformae educativae et moralis. Amicus Thomae Mori, editor Novi Testamenti Graeci et operum Sancti Hieronymi. Auctor Moriae Encomii et praecursor cogitationis modernae.;la;Latín;Lingua Latina;Países Bajos;Nederlandia;Edad Media;Medium Aevum;https://i.ibb.co/7d7hCTQ3/erasmo.png;0
428;El colmo de la estupidez es aprender lo que luego hay que olvidar;Summa stultitiae est discere quod postea obliviscendum sit;Summa stultitiae est discere quod postea obliviscendum sit;Erasmo de Rotterdam;Moriae Encomium;Desiderius Erasmus Roterodamus;Humanista, filósofo y teólogo neerlandés, figura cumbre del Renacimiento europeo. Crítico de la Iglesia desde dentro, defensor de la reforma educativa y moral. Amigo de Tomás Moro, editor del Nuevo Testamento griego y las obras de San Jerónimo. Autor del Elogio de la locura y precursor del pensamiento moderno.;Humanista, philosophus et theologus Batavus, figura culmen Renascentiae Europaeae. Criticus Ecclesiae ab intra, defensor reformae educativae et moralis. Amicus Thomae Mori, editor Novi Testamenti Graeci et operum Sancti Hieronymi. Auctor Moriae Encomii et praecursor cogitationis modernae.;la;Latín;Lingua Latina;Países Bajos;Nederlandia;Edad Media;Medium Aevum;https://i.ibb.co/7d7hCTQ3/erasmo.png;0
429;No hay nada más desigual que tratar por igual a los desiguales;Nihil est iniquius quam aequare inaequalia;Nihil est iniquius quam aequare inaequalia;Erasmo de Rotterdam;Adagia;Desiderius Erasmus Roterodamus;Humanista, filósofo y teólogo neerlandés, figura cumbre del Renacimiento europeo. Crítico de la Iglesia desde dentro, defensor de la reforma educativa y moral. Amigo de Tomás Moro, editor del Nuevo Testamento griego y las obras de San Jerónimo. Autor del Elogio de la locura y precursor del pensamiento moderno.;Humanista, philosophus et theologus Batavus, figura culmen Renascentiae Europaeae. Criticus Ecclesiae ab intra, defensor reformae educativae et moralis. Amicus Thomae Mori, editor Novi Testamenti Graeci et operum Sancti Hieronymi. Auctor Moriae Encomii et praecursor cogitationis modernae.;la;Latín;Lingua Latina;Países Bajos;Nederlandia;Edad Media;Medium Aevum;https://i.ibb.co/7d7hCTQ3/erasmo.png;0
430;La verdadera amistad llega cuando el silencio entre dos parece ameno;Vera amicitia advenit cum silentium inter duos amoenum videtur;Vera amicitia advenit cum silentium inter duos amoenum videtur;Erasmo de Rotterdam;De Amicitia;Desiderius Erasmus Roterodamus;Humanista, filósofo y teólogo neerlandés, figura cumbre del Renacimiento europeo. Crítico de la Iglesia desde dentro, defensor de la reforma educativa y moral. Amigo de Tomás Moro, editor del Nuevo Testamento griego y las obras de San Jerónimo. Autor del Elogio de la locura y precursor del pensamiento moderno.;Humanista, philosophus et theologus Batavus, figura culmen Renascentiae Europaeae. Criticus Ecclesiae ab intra, defensor reformae educativae et moralis. Amicus Thomae Mori, editor Novi Testamenti Graeci et operum Sancti Hieronymi. Auctor Moriae Encomii et praecursor cogitationis modernae.;la;Latín;Lingua Latina;Países Bajos;Nederlandia;Edad Media;Medium Aevum;https://i.ibb.co/7d7hCTQ3/erasmo.png;0
431;Instruir a un niño es ante todo instruirse uno mismo;Puerum instruere est ante omnia se ipsum instruere;Puerum instruere est ante omnia se ipsum instruere;Erasmo de Rotterdam;De Pueris Instituendis;Desiderius Erasmus Roterodamus;Humanista, filósofo y teólogo neerlandés, figura cumbre del Renacimiento europeo. Crítico de la Iglesia desde dentro, defensor de la reforma educativa y moral. Amigo de Tomás Moro, editor del Nuevo Testamento griego y las obras de San Jerónimo. Autor del Elogio de la locura y precursor del pensamiento moderno.;Humanista, philosophus et theologus Batavus, figura culmen Renascentiae Europaeae. Criticus Ecclesiae ab intra, defensor reformae educativae et moralis. Amicus Thomae Mori, editor Novi Testamenti Graeci et operum Sancti Hieronymi. Auctor Moriae Encomii et praecursor cogitationis modernae.;la;Latín;Lingua Latina;Países Bajos;Nederlandia;Edad Media;Medium Aevum;https://i.ibb.co/7d7hCTQ3/erasmo.png;0
432;La mejor forma de educar a un niño es hacerle amar el conocimiento;Optimus modus educandi puerum est facere eum cognitionem amare;Optimus modus educandi puerum est facere eum cognitionem amare;Erasmo de Rotterdam;De Pueris Instituendis;Desiderius Erasmus Roterodamus;Humanista, filósofo y teólogo neerlandés, figura cumbre del Renacimiento europeo. Crítico de la Iglesia desde dentro, defensor de la reforma educativa y moral. Amigo de Tomás Moro, editor del Nuevo Testamento griego y las obras de San Jerónimo. Autor del Elogio de la locura y precursor del pensamiento moderno.;Humanista, philosophus et theologus Batavus, figura culmen Renascentiae Europaeae. Criticus Ecclesiae ab intra, defensor reformae educativae et moralis. Amicus Thomae Mori, editor Novi Testamenti Graeci et operum Sancti Hieronymi. Auctor Moriae Encomii et praecursor cogitationis modernae.;la;Latín;Lingua Latina;Países Bajos;Nederlandia;Edad Media;Medium Aevum;https://i.ibb.co/7d7hCTQ3/erasmo.png;0
433;Es difícil encontrar la felicidad dentro de uno mismo, pero es imposible encontrarla en otro lugar;Difficile est felicitatem intra se invenire, sed impossibile est eam alibi invenire;Es ist schwierig, Glück in sich selbst zu finden, aber unmöglich es anderswo zu finden;Arthur Schopenhauer;Die Welt als Wille und Vorstellung, Buch I;Arthurus Schopenhauer;Filósofo alemán, considerado uno de los más brillantes del siglo XIX. Máximo representante del pesimismo filosófico, autor de El mundo como voluntad y representación. Influyó profundamente en Nietzsche, Freud, Wagner y el existencialismo. Pionero en declararse abiertamente ateo y en integrar el pensamiento oriental en la filosofía occidental.;Philosophus Germanicus, unus ex clarissimis saeculi XIX. Maximus repraesentans pessimismi philosophici, auctor Mundi ut Voluntatis et Repraesentationis. In Nietzsche, Freud, Wagner et existentialismum profunde influxit. Pionarius in aperte atheum se declarare et in cogitationem orientalem in philosophiam occidentalem integrare.;de;Alemán;Lingua Germanica;Alemania;Germania;Edad Moderna;Nova Aetas;https://i.ibb.co/1B16KyZ/shopenhauer.png;0
434;La vida oscila como un péndulo entre el dolor y el aburrimiento;Vita ut pendulum inter dolorem et taedium oscillat;Das Leben schwingt wie ein Pendel zwischen Schmerz und Langeweile;Arthur Schopenhauer;Die Welt als Wille und Vorstellung, Buch II;Arthurus Schopenhauer;Filósofo alemán, considerado uno de los más brillantes del siglo XIX. Máximo representante del pesimismo filosófico, autor de El mundo como voluntad y representación. Influyó profundamente en Nietzsche, Freud, Wagner y el existencialismo. Pionero en declararse abiertamente ateo y en integrar el pensamiento oriental en la filosofía occidental.;Philosophus Germanicus, unus ex clarissimis saeculi XIX. Maximus repraesentans pessimismi philosophici, auctor Mundi ut Voluntatis et Repraesentationis. In Nietzsche, Freud, Wagner et existentialismum profunde influxit. Pionarius in aperte atheum se declarare et in cogitationem orientalem in philosophiam occidentalem integrare.;de;Alemán;Lingua Germanica;Alemania;Germania;Edad Moderna;Nova Aetas;https://i.ibb.co/1B16KyZ/shopenhauer.png;0
435;El hombre puede hacer lo que quiera, pero no puede querer lo que quiera;Homo facere potest quod vult, sed non potest velle quod vult;Der Mensch kann zwar tun was er will, aber er kann nicht wollen was er will;Arthur Schopenhauer;Die Welt als Wille und Vorstellung, Buch III;Arthurus Schopenhauer;Filósofo alemán, considerado uno de los más brillantes del siglo XIX. Máximo representante del pesimismo filosófico, autor de El mundo como voluntad y representación. Influyó profundamente en Nietzsche, Freud, Wagner y el existencialismo. Pionero en declararse abiertamente ateo y en integrar el pensamiento oriental en la filosofía occidental.;Philosophus Germanicus, unus ex clarissimis saeculi XIX. Maximus repraesentans pessimismi philosophici, auctor Mundi ut Voluntatis et Repraesentationis. In Nietzsche, Freud, Wagner et existentialismum profunde influxit. Pionarius in aperte atheum se declarare et in cogitationem orientalem in philosophiam occidentalem integrare.;de;Alemán;Lingua Germanica;Alemania;Germania;Edad Moderna;Nova Aetas;https://i.ibb.co/1B16KyZ/shopenhauer.png;0
436;Leer es pensar con una cabeza ajena en lugar de la propia;Legere est cogitare capite alieno loco proprio;Lesen heißt mit einem fremden Kopf statt dem eigenen denken;Arthur Schopenhauer;Parerga und Paralipomena, I;Arthurus Schopenhauer;Filósofo alemán, considerado uno de los más brillantes del siglo XIX. Máximo representante del pesimismo filosófico, autor de El mundo como voluntad y representación. Influyó profundamente en Nietzsche, Freud, Wagner y el existencialismo. Pionero en declararse abiertamente ateo y en integrar el pensamiento oriental en la filosofía occidental.;Philosophus Germanicus, unus ex clarissimis saeculi XIX. Maximus repraesentans pessimismi philosophici, auctor Mundi ut Voluntatis et Repraesentationis. In Nietzsche, Freud, Wagner et existentialismum profunde influxit. Pionarius in aperte atheum se declarare et in cogitationem orientalem in philosophiam occidentalem integrare.;de;Alemán;Lingua Germanica;Alemania;Germania;Edad Moderna;Nova Aetas;https://i.ibb.co/1B16KyZ/shopenhauer.png;0
437;Toda verdad pasa por tres etapas: primero es ridiculizada, segundo es violentamente rechazada, tercero es aceptada como evidente;Omnis veritas per tria stadia transit: primo ridetur, secundo violenter repudiatur, tertio ut evidens acceptatur;Alle Wahrheit durchläuft drei Stufen: Zuerst wird sie lächerlich gemacht, Zweitens wird sie heftig bekämpft, Drittens wird sie als selbstverständlich akzeptiert;Arthur Schopenhauer;Die Welt als Wille und Vorstellung, Buch IV;Arthurus Schopenhauer;Filósofo alemán, considerado uno de los más brillantes del siglo XIX. Máximo representante del pesimismo filosófico, autor de El mundo como voluntad y representación. Influyó profundamente en Nietzsche, Freud, Wagner y el existencialismo. Pionero en declararse abiertamente ateo y en integrar el pensamiento oriental en la filosofía occidental.;Philosophus Germanicus, unus ex clarissimis saeculi XIX. Maximus repraesentans pessimismi philosophici, auctor Mundi ut Voluntatis et Repraesentationis. In Nietzsche, Freud, Wagner et existentialismum profunde influxit. Pionarius in aperte atheum se declarare et in cogitationem orientalem in philosophiam occidentalem integrare.;de;Alemán;Lingua Germanica;Alemania;Germania;Edad Moderna;Nova Aetas;https://i.ibb.co/1B16KyZ/shopenhauer.png;0
438;Un mendigo sano es más feliz que un rey enfermo;Mendicus sanus felicior est quam rex aegrotus;Ein gesunder Bettler ist glücklicher als ein kranker König;Arthur Schopenhauer;Die Welt als Wille und Vorstellung, Buch V;Arthurus Schopenhauer;Filósofo alemán, considerado uno de los más brillantes del siglo XIX. Máximo representante del pesimismo filosófico, autor de El mundo como voluntad y representación. Influyó profundamente en Nietzsche, Freud, Wagner y el existencialismo. Pionero en declararse abiertamente ateo y en integrar el pensamiento oriental en la filosofía occidental.;Philosophus Germanicus, unus ex clarissimis saeculi XIX. Maximus repraesentans pessimismi philosophici, auctor Mundi ut Voluntatis et Repraesentationis. In Nietzsche, Freud, Wagner et existentialismum profunde influxit. Pionarius in aperte atheum se declarare et in cogitationem orientalem in philosophiam occidentalem integrare.;de;Alemán;Lingua Germanica;Alemania;Germania;Edad Moderna;Nova Aetas;https://i.ibb.co/1B16KyZ/shopenhauer.png;0
439;La libertad no es la capacidad de elegir entre opciones preexistentes, sino la posibilidad de crear nuevas opciones;Libertas non est facultas eligendi inter optiones praeexistentes, sed possibilitas novas optiones creandi;Freiheit ist nicht die Fähigkeit zwischen vorhandenen Optionen zu wählen, sondern die Möglichkeit neue Optionen zu schaffen;Hannah Arendt;Vita Activa oder Vom tätigen Leben, Buch I;Hannah Arendt;Filósofa política alemana de origen judío, una de las pensadoras más influyentes del siglo XX. Autora de Los orígenes del totalitarismo, La condición humana y Eichmann en Jerusalén. Desarrolló conceptos fundamentales sobre la libertad, la acción política, el totalitarismo y la banalidad del mal. Discípula de Heidegger y Jaspers.;Philosopha politica Germanica originis Iudaicae, una ex cogitatoribus maxime influentibus saeculi XX. Auctor Originum Totalitarismi, Conditionis Humanae et Eichmann in Ierusalem. Conceptus fundamentales de libertate, actione politica, totalitarismo et banalitate mali elaboravit. Discipula Heideggeri et Jaspers.;de;Alemán;Lingua Germanica;Alemania;Germania;Edad Contemporánea;Aetas Contemporanea;https://i.ibb.co/spVH8Jj1/hannaharendt.png;0
440;La acción es la expresión más completa de la libertad humana;Actio est expressio plenissima libertatis humanae;Handeln ist der vollkommenste Ausdruck menschlicher Freiheit;Hannah Arendt;Vita Activa oder Vom tätigen Leben, Buch II;Hannah Arendt;Filósofa política alemana de origen judío, una de las pensadoras más influyentes del siglo XX. Autora de Los orígenes del totalitarismo, La condición humana y Eichmann en Jerusalén. Desarrolló conceptos fundamentales sobre la libertad, la acción política, el totalitarismo y la banalidad del mal. Discípula de Heidegger y Jaspers.;Philosopha politica Germanica originis Iudaicae, una ex cogitatoribus maxime influentibus saeculi XX. Auctor Originum Totalitarismi, Conditionis Humanae et Eichmann in Ierusalem. Conceptus fundamentales de libertate, actione politica, totalitarismo et banalitate mali elaboravit. Discipula Heideggeri et Jaspers.;de;Alemán;Lingua Germanica;Alemania;Germania;Edad Contemporánea;Aetas Contemporanea;https://i.ibb.co/spVH8Jj1/hannaharendt.png;0
441;La violencia nunca puede ser justificada en nombre de la libertad o la justicia;Violentia numquam iustificari potest nomine libertatis aut iustitiae;Gewalt kann niemals im Namen von Freiheit oder Gerechtigkeit gerechtfertigt werden;Hannah Arendt;On Violence, 1970;Hannah Arendt;Filósofa política alemana de origen judío, una de las pensadoras más influyentes del siglo XX. Autora de Los orígenes del totalitarismo, La condición humana y Eichmann en Jerusalén. Desarrolló conceptos fundamentales sobre la libertad, la acción política, el totalitarismo y la banalidad del mal. Discípula de Heidegger y Jaspers.;Philosopha politica Germanica originis Iudaicae, una ex cogitatoribus maxime influentibus saeculi XX. Auctor Originum Totalitarismi, Conditionis Humanae et Eichmann in Ierusalem. Conceptus fundamentales de libertate, actione politica, totalitarismo et banalitate mali elaboravit. Discipula Heideggeri et Jaspers.;de;Alemán;Lingua Germanica;Alemania;Germania;Edad Contemporánea;Aetas Contemporanea;https://i.ibb.co/spVH8Jj1/hannaharendt.png;0
442;Nada es más peligroso que un pueblo que ha renunciado a su derecho a pensar por sí mismo;Nihil periculosius est quam populus qui iuri suo cogitandi per se renuntiavit;Nichts ist gefährlicher als ein Volk das sein Recht aufgegeben hat selbst zu denken;Hannah Arendt;Vita Activa oder Vom tätigen Leben, Buch III;Hannah Arendt;Filósofa política alemana de origen judío, una de las pensadoras más influyentes del siglo XX. Autora de Los orígenes del totalitarismo, La condición humana y Eichmann en Jerusalén. Desarrolló conceptos fundamentales sobre la libertad, la acción política, el totalitarismo y la banalidad del mal. Discípula de Heidegger y Jaspers.;Philosopha politica Germanica originis Iudaicae, una ex cogitatoribus maxime influentibus saeculi XX. Auctor Originum Totalitarismi, Conditionis Humanae et Eichmann in Ierusalem. Conceptus fundamentales de libertate, actione politica, totalitarismo et banalitate mali elaboravit. Discipula Heideggeri et Jaspers.;de;Alemán;Lingua Germanica;Alemania;Germania;Edad Contemporánea;Aetas Contemporanea;https://i.ibb.co/spVH8Jj1/hannaharendt.png;0
443;La libertad no es un hecho, es un deber y una responsabilidad;Libertas non est factum, sed officium et responsabilitas;Freiheit ist keine Tatsache, sondern eine Pflicht und Verantwortung;Hannah Arendt;Vita Activa oder Vom tätigen Leben, Buch IV;Hannah Arendt;Filósofa política alemana de origen judío, una de las pensadoras más influyentes del siglo XX. Autora de Los orígenes del totalitarismo, La condición humana y Eichmann en Jerusalén. Desarrolló conceptos fundamentales sobre la libertad, la acción política, el totalitarismo y la banalidad del mal. Discípula de Heidegger y Jaspers.;Philosopha politica Germanica originis Iudaicae, una ex cogitatoribus maxime influentibus saeculi XX. Auctor Originum Totalitarismi, Conditionis Humanae et Eichmann in Ierusalem. Conceptus fundamentales de libertate, actione politica, totalitarismo et banalitate mali elaboravit. Discipula Heideggeri et Jaspers.;de;Alemán;Lingua Germanica;Alemania;Germania;Edad Contemporánea;Aetas Contemporanea;https://i.ibb.co/spVH8Jj1/hannaharendt.png;0
444;El perdón es la clave de la acción y la libertad;Venia est clavis actionis et libertatis;Vergebung ist der Schlüssel zu Handlung und Freiheit;Hannah Arendt;Vita Activa oder Vom tätigen Leben, Buch V;Hannah Arendt;Filósofa política alemana de origen judío, una de las pensadoras más influyentes del siglo XX. Autora de Los orígenes del totalitarismo, La condición humana y Eichmann en Jerusalén. Desarrolló conceptos fundamentales sobre la libertad, la acción política, el totalitarismo y la banalidad del mal. Discípula de Heidegger y Jaspers.;Philosopha politica Germanica originis Iudaicae, una ex cogitatoribus maxime influentibus saeculi XX. Auctor Originum Totalitarismi, Conditionis Humanae et Eichmann in Ierusalem. Conceptus fundamentales de libertate, actione politica, totalitarismo et banalitate mali elaboravit. Discipula Heideggeri et Jaspers.;de;Alemán;Lingua Germanica;Alemania;Germania;Edad Contemporánea;Aetas Contemporanea;https://i.ibb.co/spVH8Jj1/hannaharendt.png;0
445;Obra de tal modo que la máxima de tu voluntad pueda valer siempre al mismo tiempo como principio de una legislación universal;Age ita ut maxima voluntatis tuae semper valere possit simul ut principium legislationis universalis;Handle so dass die Maxime deines Willens jederzeit zugleich als Prinzip einer allgemeinen Gesetzgebung gelten könne;Immanuel Kant;Grundlegung zur Metaphysik der Sitten, 1785;Immanuel Kant;Filósofo alemán de la Ilustración, figura central de la filosofía moderna. Autor de la Crítica de la razón pura, Crítica de la razón práctica y Crítica del juicio. Desarrolló el imperativo categórico como fundamento de la ética universal. Revolucionó la epistemología, la ética y la estética, estableciendo los límites del conocimiento humano.;Philosophus Germanicus Illuminationis, figura centralis philosophiae modernae. Auctor Criticae Rationis Purae, Criticae Rationis Practicae et Criticae Iudicii. Imperativum categoricum ut fundamentum ethicae universalis elaboravit. Epistemologiam, ethicam et aestheticam revolutionavit, limites cognitionis humanae constituens.;de;Alemán;Lingua Germanica;Alemania;Germania;Edad Moderna;Nova Aetas;https://i.ibb.co/MkNPjK5r/kant.png;0
446;Obra de tal modo que uses la humanidad tanto en tu persona como en la persona de cualquier otro siempre como un fin y nunca solamente como un medio;Age ita ut humanitatem tam in persona tua quam in persona cuiusvis alterius semper simul ut finem numquam solum ut medium adhibeas;Handle so dass du die Menschheit sowohl in deiner Person als in der Person eines jeden anderen jederzeit zugleich als Zweck niemals bloß als Mittel brauchst;Immanuel Kant;Grundlegung zur Metaphysik der Sitten, 1785;Immanuel Kant;Filósofo alemán de la Ilustración, figura central de la filosofía moderna. Autor de la Crítica de la razón pura, Crítica de la razón práctica y Crítica del juicio. Desarrolló el imperativo categórico como fundamento de la ética universal. Revolucionó la epistemología, la ética y la estética, estableciendo los límites del conocimiento humano.;Philosophus Germanicus Illuminationis, figura centralis philosophiae modernae. Auctor Criticae Rationis Purae, Criticae Rationis Practicae et Criticae Iudicii. Imperativum categoricum ut fundamentum ethicae universalis elaboravit. Epistemologiam, ethicam et aestheticam revolutionavit, limites cognitionis humanae constituens.;de;Alemán;Lingua Germanica;Alemania;Germania;Edad Moderna;Nova Aetas;https://i.ibb.co/MkNPjK5r/kant.png;0
447;Dos cosas llenan el ánimo de admiración y respeto siempre nuevos y crecientes: el cielo estrellado sobre mí y la ley moral dentro de mí;Duo res animum admiratione et reverentia semper novis et crescentibus implent: caelum stellatum super me et lex moralis intra me;Zwei Dinge erfüllen das Gemüt mit immer neuer und zunehmender Bewunderung und Ehrfurcht: der bestirnte Himmel über mir und das moralische Gesetz in mir;Immanuel Kant;Critik der praktischen Vernunft, 1788;Immanuel Kant;Filósofo alemán de la Ilustración, figura central de la filosofía moderna. Autor de la Crítica de la razón pura, Crítica de la razón práctica y Crítica del juicio. Desarrolló el imperativo categórico como fundamento de la ética universal. Revolucionó la epistemología, la ética y la estética, estableciendo los límites del conocimiento humano.;Philosophus Germanicus Illuminationis, figura centralis philosophiae modernae. Auctor Criticae Rationis Purae, Criticae Rationis Practicae et Criticae Iudicii. Imperativum categoricum ut fundamentum ethicae universalis elaboravit. Epistemologiam, ethicam et aestheticam revolutionavit, limites cognitionis humanae constituens.;de;Alemán;Lingua Germanica;Alemania;Germania;Edad Moderna;Nova Aetas;https://i.ibb.co/MkNPjK5r/kant.png;0
448;Atrévete a saber: ten el valor de usar tu propia razón;Aude sapere: habe audaciam propria ratione utendi;Wage zu wissen. Habe Mut dich deines eigenen Verstandes zu bedienen;Immanuel Kant;Beantwortung der Frage: Was ist Aufklärung?, 1784;Immanuel Kant;Filósofo alemán de la Ilustración, figura central de la filosofía moderna. Autor de la Crítica de la razón pura, Crítica de la razón práctica y Crítica del juicio. Desarrolló el imperativo categórico como fundamento de la ética universal. Revolucionó la epistemología, la ética y la estética, estableciendo los límites del conocimiento humano.;Philosophus Germanicus Illuminationis, figura centralis philosophiae modernae. Auctor Criticae Rationis Purae, Criticae Rationis Practicae et Criticae Iudicii. Imperativum categoricum ut fundamentum ethicae universalis elaboravit. Epistemologiam, ethicam et aestheticam revolutionavit, limites cognitionis humanae constituens.;de;Alemán;Lingua Germanica;Alemania;Germania;Edad Moderna;Nova Aetas;https://i.ibb.co/MkNPjK5r/kant.png;0
449;La ilustración es la salida del hombre de su autoculpable minoría de edad;Illuminatio est exitus hominis e sua culpabili minoritate;Aufklärung ist der Ausgang des Menschen aus seiner selbstverschuldeten Unmündigkeit;Immanuel Kant;Beantwortung der Frage: Was ist Aufklärung?, 1784;Immanuel Kant;Filósofo alemán de la Ilustración, figura central de la filosofía moderna. Autor de la Crítica de la razón pura, Crítica de la razón práctica y Crítica del juicio. Desarrolló el imperativo categórico como fundamento de la ética universal. Revolucionó la epistemología, la ética y la estética, estableciendo los límites del conocimiento humano.;Philosophus Germanicus Illuminationis, figura centralis philosophiae modernae. Auctor Criticae Rationis Purae, Criticae Rationis Practicae et Criticae Iudicii. Imperativum categoricum ut fundamentum ethicae universalis elaboravit. Epistemologiam, ethicam et aestheticam revolutionavit, limites cognitionis humanae constituens.;de;Alemán;Lingua Germanica;Alemania;Germania;Edad Moderna;Nova Aetas;https://i.ibb.co/MkNPjK5r/kant.png;0
450;La paz perpetua es una idea práctica que debe realizarse;Pax perpetua est idea practica quae realizari debet;Der ewige Friede ist eine praktische Idee, die verwirklicht werden muss;Immanuel Kant;Zum ewigen Frieden, 1795;Immanuel Kant;Filósofo alemán de la Ilustración, figura central de la filosofía moderna. Autor de la Crítica de la razón pura, Crítica de la razón práctica y Crítica del juicio. Desarrolló el imperativo categórico como fundamento de la ética universal. Revolucionó la epistemología, la ética y la estética, estableciendo los límites del conocimiento humano.;Philosophus Germanicus Illuminationis, figura centralis philosophiae modernae. Auctor Criticae Rationis Purae, Criticae Rationis Practicae et Criticae Iudicii. Imperativum categoricum ut fundamentum ethicae universalis elaboravit. Epistemologiam, ethicam et aestheticam revolutionavit, limites cognitionis humanae constituens.;de;Alemán;Lingua Germanica;Alemania;Germania;Edad Moderna;Nova Aetas;https://i.ibb.co/MkNPjK5r/kant.png;0
451;Yo soy yo y mi circunstancia, y si no la salvo a ella, no me salvo yo;Ego sum ego et circumstantia mea, et nisi eam servo, me non servo;Yo soy yo y mi circunstancia, y si no la salvo a ella, no me salvo yo;José Ortega y Gasset;Meditaciones del Quijote, 1914;Iosephus Ortega y Gasset;Filósofo y ensayista español, figura cumbre del pensamiento hispánico del siglo XX. Creador del raciovitalismo y la razón histórica. Autor de La rebelión de las masas, Meditaciones del Quijote y El tema de nuestro tiempo. Su frase Yo soy yo y mi circunstancia resume su filosofía de la vida como realidad radical.;Philosophus et scriptor Hispanicus, figura culmen cogitationis Hispanicae saeculi XX. Creator ratiovitalismi et rationis historicae. Auctor Rebellionis Massarum, Meditationum de Quixote et Thematis Temporis Nostri. Sententia eius Ego sum ego et circumstantia mea philosophiam vitae ut realitatis radicalis compendit.;es;Español;Lingua Hispanica;España;Hispania;Edad Contemporánea;Aetas Contemporanea;https://i.ibb.co/xtYX3S7h/ortega.png;0
452;La vida es lo que hacemos y lo que nos pasa;Vita est quod facimus et quod nobis accidit;La vida es lo que hacemos y lo que nos pasa;José Ortega y Gasset;La rebelión de las masas, 1930;Iosephus Ortega y Gasset;Filósofo y ensayista español, figura cumbre del pensamiento hispánico del siglo XX. Creador del raciovitalismo y la razón histórica. Autor de La rebelión de las masas, Meditaciones del Quijote y El tema de nuestro tiempo. Su frase Yo soy yo y mi circunstancia resume su filosofía de la vida como realidad radical.;Philosophus et scriptor Hispanicus, figura culmen cogitationis Hispanicae saeculi XX. Creator ratiovitalismi et rationis historicae. Auctor Rebellionis Massarum, Meditationum de Quixote et Thematis Temporis Nostri. Sententia eius Ego sum ego et circumstantia mea philosophiam vitae ut realitatis radicalis compendit.;es;Español;Lingua Hispanica;España;Hispania;Edad Contemporánea;Aetas Contemporanea;https://i.ibb.co/xtYX3S7h/ortega.png;0
453;Vivir es ocuparse con algo, decidir ser esto o aquello;Vivere est aliqua re occupari, decernere hoc aut illud esse;Vivir es ocuparse con algo, decidir ser esto o aquello;José Ortega y Gasset;La deshumanización del arte, 1925;Iosephus Ortega y Gasset;Filósofo y ensayista español, figura cumbre del pensamiento hispánico del siglo XX. Creador del raciovitalismo y la razón histórica. Autor de La rebelión de las masas, Meditaciones del Quijote y El tema de nuestro tiempo. Su frase Yo soy yo y mi circunstancia resume su filosofía de la vida como realidad radical.;Philosophus et scriptor Hispanicus, figura culmen cogitationis Hispanicae saeculi XX. Creator ratiovitalismi et rationis historicae. Auctor Rebellionis Massarum, Meditationum de Quixote et Thematis Temporis Nostri. Sententia eius Ego sum ego et circumstantia mea philosophiam vitae ut realitatis radicalis compendit.;es;Español;Lingua Hispanica;España;Hispania;Edad Contemporánea;Aetas Contemporanea;https://i.ibb.co/xtYX3S7h/ortega.png;0
454;El hombre no tiene naturaleza, sino que tiene historia;Homo naturam non habet, sed historiam habet;El hombre no tiene naturaleza, sino que tiene historia;José Ortega y Gasset;La rebelión de las masas, 1930;Iosephus Ortega y Gasset;Filósofo y ensayista español, figura cumbre del pensamiento hispánico del siglo XX. Creador del raciovitalismo y la razón histórica. Autor de La rebelión de las masas, Meditaciones del Quijote y El tema de nuestro tiempo. Su frase Yo soy yo y mi circunstancia resume su filosofía de la vida como realidad radical.;Philosophus et scriptor Hispanicus, figura culmen cogitationis Hispanicae saeculi XX. Creator ratiovitalismi et rationis historicae. Auctor Rebellionis Massarum, Meditationum de Quixote et Thematis Temporis Nostri. Sententia eius Ego sum ego et circumstantia mea philosophiam vitae ut realitatis radicalis compendit.;es;Español;Lingua Hispanica;España;Hispania;Edad Contemporánea;Aetas Contemporanea;https://i.ibb.co/xtYX3S7h/ortega.png;0
455;Dime a qué prestas atención y te diré quién eres;Dic mihi cui attentionem praebes et dicam tibi quis sis;Dime a qué prestas atención y te diré quién eres;José Ortega y Gasset;La idea de principio en la filosofía, 1910;Iosephus Ortega y Gasset;Filósofo y ensayista español, figura cumbre del pensamiento hispánico del siglo XX. Creador del raciovitalismo y la razón histórica. Autor de La rebelión de las masas, Meditaciones del Quijote y El tema de nuestro tiempo. Su frase Yo soy yo y mi circunstancia resume su filosofía de la vida como realidad radical.;Philosophus et scriptor Hispanicus, figura culmen cogitationis Hispanicae saeculi XX. Creator ratiovitalismi et rationis historicae. Auctor Rebellionis Massarum, Meditationum de Quixote et Thematis Temporis Nostri. Sententia eius Ego sum ego et circumstantia mea philosophiam vitae ut realitatis radicalis compendit.;es;Español;Lingua Hispanica;España;Hispania;Edad Contemporánea;Aetas Contemporanea;https://i.ibb.co/xtYX3S7h/ortega.png;0
456;La claridad es la cortesía del filósofo;Claritas est urbanitas philosophi;La claridad es la cortesía del filósofo;José Ortega y Gasset;La rebelión de las masas, 1930;Iosephus Ortega y Gasset;Filósofo y ensayista español, figura cumbre del pensamiento hispánico del siglo XX. Creador del raciovitalismo y la razón histórica. Autor de La rebelión de las masas, Meditaciones del Quijote y El tema de nuestro tiempo. Su frase Yo soy yo y mi circunstancia resume su filosofía de la vida como realidad radical.;Philosophus et scriptor Hispanicus, figura culmen cogitationis Hispanicae saeculi XX. Creator ratiovitalismi et rationis historicae. Auctor Rebellionis Massarum, Meditationum de Quixote et Thematis Temporis Nostri. Sententia eius Ego sum ego et circumstantia mea philosophiam vitae ut realitatis radicalis compendit.;es;Español;Lingua Hispanica;España;Hispania;Edad Contemporánea;Aetas Contemporanea;https://i.ibb.co/xtYX3S7h/ortega.png;0
457;La fe no es una teoría sino una experiencia de vida;Fides non est theoria sed experientia vitae;Troen er ikke en teori men en livserfaring;Søren Kierkegaard;Enten – Eller, 1843;Soren Kierkegaard;Filósofo y teólogo danés, considerado el padre del existencialismo. Crítico del racionalismo hegeliano y de la cristiandad institucionalizada. Autor de Temor y temblor, El concepto de la angustia y La enfermedad mortal. Desarrolló los tres estadios de la existencia: estético, ético y religioso. Enfatizó la subjetividad, la fe como salto y la angustia existencial.;Philosophus et theologus Danicus, pater existentialismi consideratus. Criticus rationalismi Hegeliani et Christianitatis institutionalizatae. Auctor Timoris et Tremoris, Conceptus Angustiae et Morbi ad Mortem. Tria stadia existentiae elaboravit: aestheticum, ethicum et religiosum. Subiectivitatem, fidem ut saltum et angustiam existentialem emphasizavit.;da;Danés;Lingua Danica;Dinamarca;Dania;Edad Contemporánea;Aetas Contemporanea;https://i.ibb.co/h0XxRwM/kiekergard.png;0
458;La fe es la única fuerza capaz de vencer al porvenir;Fides est unica vis capax vincere futurum;Troen er den eneste kraft der kan overvinde fremtiden;Søren Kierkegaard;Frygt og Bæven, 1843;Soren Kierkegaard;Filósofo y teólogo danés, considerado el padre del existencialismo. Crítico del racionalismo hegeliano y de la cristiandad institucionalizada. Autor de Temor y temblor, El concepto de la angustia y La enfermedad mortal. Desarrolló los tres estadios de la existencia: estético, ético y religioso. Enfatizó la subjetividad, la fe como salto y la angustia existencial.;Philosophus et theologus Danicus, pater existentialismi consideratus. Criticus rationalismi Hegeliani et Christianitatis institutionalizatae. Auctor Timoris et Tremoris, Conceptus Angustiae et Morbi ad Mortem. Tria stadia existentiae elaboravit: aestheticum, ethicum et religiosum. Subiectivitatem, fidem ut saltum et angustiam existentialem emphasizavit.;da;Danés;Lingua Danica;Dinamarca;Dania;Edad Contemporánea;Aetas Contemporanea;https://i.ibb.co/h0XxRwM/kiekergard.png;0
459;La vida solo puede ser comprendida mirando hacia atrás, pero debe ser vivida mirando hacia adelante;Vita solum intelligi potest respiciendo sed vivi debet prospiciendo;Livet kan kun forstås baglæns men må leves forlæns;Søren Kierkegaard;Diario, 1840s;Soren Kierkegaard;Filósofo y teólogo danés, considerado el padre del existencialismo. Crítico del racionalismo hegeliano y de la cristiandad institucionalizada. Autor de Temor y temblor, El concepto de la angustia y La enfermedad mortal. Desarrolló los tres estadios de la existencia: estético, ético y religioso. Enfatizó la subjetividad, la fe como salto y la angustia existencial.;Philosophus et theologus Danicus, pater existentialismi consideratus. Criticus rationalismi Hegeliani et Christianitatis institutionalizatae. Auctor Timoris et Tremoris, Conceptus Angustiae et Morbi ad Mortem. Tria stadia existentiae elaboravit: aestheticum, ethicum et religiosum. Subiectivitatem, fidem ut saltum et angustiam existentialem emphasizavit.;da;Danés;Lingua Danica;Dinamarca;Dania;Edad Contemporánea;Aetas Contemporanea;https://i.ibb.co/h0XxRwM/kiekergard.png;0
460;La fe comienza precisamente donde termina el pensamiento;Fides incipit praecise ubi cogitatio finitur;Troen begynder netop hvor tænkningen slutter;Søren Kierkegaard;Enten – Eller, 1843;Soren Kierkegaard;Filósofo y teólogo danés, considerado el padre del existencialismo. Crítico del racionalismo hegeliano y de la cristiandad institucionalizada. Autor de Temor y temblor, El concepto de la angustia y La enfermedad mortal. Desarrolló los tres estadios de la existencia: estético, ético y religioso. Enfatizó la subjetividad, la fe como salto y la angustia existencial.;Philosophus et theologus Danicus, pater existentialismi consideratus. Criticus rationalismi Hegeliani et Christianitatis institutionalizatae. Auctor Timoris et Tremoris, Conceptus Angustiae et Morbi ad Mortem. Tria stadia existentiae elaboravit: aestheticum, ethicum et religiosum. Subiectivitatem, fidem ut saltum et angustiam existentialem emphasizavit.;da;Danés;Lingua Danica;Dinamarca;Dania;Edad Contemporánea;Aetas Contemporanea;https://i.ibb.co/h0XxRwM/kiekergard.png;0
461;La desesperación es la enfermedad mortal;Desperatio est morbus ad mortem;Fortvivlelsen er sygdommen til døden;Søren Kierkegaard;Sygdommen til Døden, 1849;Soren Kierkegaard;Filósofo y teólogo danés, considerado el padre del existencialismo. Crítico del racionalismo hegeliano y de la cristiandad institucionalizada. Autor de Temor y temblor, El concepto de la angustia y La enfermedad mortal. Desarrolló los tres estadios de la existencia: estético, ético y religioso. Enfatizó la subjetividad, la fe como salto y la angustia existencial.;Philosophus et theologus Danicus, pater existentialismi consideratus. Criticus rationalismi Hegeliani et Christianitatis institutionalizatae. Auctor Timoris et Tremoris, Conceptus Angustiae et Morbi ad Mortem. Tria stadia existentiae elaboravit: aestheticum, ethicum et religiosum. Subiectivitatem, fidem ut saltum et angustiam existentialem emphasizavit.;da;Danés;Lingua Danica;Dinamarca;Dania;Edad Contemporánea;Aetas Contemporanea;https://i.ibb.co/h0XxRwM/kiekergard.png;0
462;La angustia es el vértigo de la libertad;Angustia est vertigo libertatis;Angsten er frihedens svimmelhed;Søren Kierkegaard;Begrebet Angest, 1844;Soren Kierkegaard;Filósofo y teólogo danés, considerado el padre del existencialismo. Crítico del racionalismo hegeliano y de la cristiandad institucionalizada. Autor de Temor y temblor, El concepto de la angustia y La enfermedad mortal. Desarrolló los tres estadios de la existencia: estético, ético y religioso. Enfatizó la subjetividad, la fe como salto y la angustia existencial.;Philosophus et theologus Danicus, pater existentialismi consideratus. Criticus rationalismi Hegeliani et Christianitatis institutionalizatae. Auctor Timoris et Tremoris, Conceptus Angustiae et Morbi ad Mortem. Tria stadia existentiae elaboravit: aestheticum, ethicum et religiosum. Subiectivitatem, fidem ut saltum et angustiam existentialem emphasizavit.;da;Danés;Lingua Danica;Dinamarca;Dania;Edad Contemporánea;Aetas Contemporanea;https://i.ibb.co/h0XxRwM/kiekergard.png;0
463;Enseñar todo a todos;Omnes omnia docere;Omnes omnia docere;Johann Amos Comenius;Didactica Magna, cap. I;Iohannes Amos Comenius;Pedagogo filósofo y teólogo checo considerado el padre de la pedagogía moderna. Autor de la Didáctica Magna donde propone el ideal pansófico de enseñar todo a todos. Creó el primer libro ilustrado para niños Orbis Pictus. Pionero de métodos educativos que respetan el desarrollo natural del niño y defensor de la educación universal.;Paedagogus philosophus et theologus Bohemicus pater paedagogiae modernae consideratus. Auctor Didacticae Magnae ubi ideal pansophicum docere omnia omnibus proponit. Primum librum illustratum pro pueris Orbis Pictus creavit. Pionarius methodorum educativarum quae progressum naturalem pueri respectant et defensor educationis universalis.;la;Latín;Lingua Latina;Chequia;Cechia;Edad Moderna;Nova Aetas;https://i.ibb.co/fzJrNW0W/comenio.png;0
464;La educación debe comenzar en la más tierna infancia;Educatio ab infantia tenerissima incipi debet;Educatio ab infantia tenerissima incipi debet;Johann Amos Comenius;Didactica Magna, cap. II;Iohannes Amos Comenius;Pedagogo filósofo y teólogo checo considerado el padre de la pedagogía moderna. Autor de la Didáctica Magna donde propone el ideal pansófico de enseñar todo a todos. Creó el primer libro ilustrado para niños Orbis Pictus. Pionero de métodos educativos que respetan el desarrollo natural del niño y defensor de la educación universal.;Paedagogus philosophus et theologus Bohemicus pater paedagogiae modernae consideratus. Auctor Didacticae Magnae ubi ideal pansophicum docere omnia omnibus proponit. Primum librum illustratum pro pueris Orbis Pictus creavit. Pionarius methodorum educativarum quae progressum naturalem pueri respectant et defensor educationis universalis.;la;Latín;Lingua Latina;Chequia;Cechia;Edad Moderna;Nova Aetas;https://i.ibb.co/fzJrNW0W/comenio.png;0
465;Los libros deben ser accesibles para todos, especialmente para los niños;Libri omnibus praesertim pueris accessibiles esse debent;Libri omnibus praesertim pueris accessibiles esse debent;Johann Amos Comenius;Didactica Magna, cap. III;Iohannes Amos Comenius;Pedagogo filósofo y teólogo checo considerado el padre de la pedagogía moderna. Autor de la Didáctica Magna donde propone el ideal pansófico de enseñar todo a todos. Creó el primer libro ilustrado para niños Orbis Pictus. Pionero de métodos educativos que respetan el desarrollo natural del niño y defensor de la educación universal.;Paedagogus philosophus et theologus Bohemicus pater paedagogiae modernae consideratus. Auctor Didacticae Magnae ubi ideal pansophicum docere omnia omnibus proponit. Primum librum illustratum pro pueris Orbis Pictus creavit. Pionarius methodorum educativarum quae progressum naturalem pueri respectant et defensor educationis universalis.;la;Latín;Lingua Latina;Chequia;Cechia;Edad Moderna;Nova Aetas;https://i.ibb.co/fzJrNW0W/comenio.png;0
466;La enseñanza debe ser agradable para que el aprendizaje sea duradero;Doctrina iucunda esse debet ut apprehensio durabilis sit;Doctrina iucunda esse debet ut apprehensio durabilis sit;Johann Amos Comenius;Didactica Magna, cap. IV;Iohannes Amos Comenius;Pedagogo filósofo y teólogo checo considerado el padre de la pedagogía moderna. Autor de la Didáctica Magna donde propone el ideal pansófico de enseñar todo a todos. Creó el primer libro ilustrado para niños Orbis Pictus. Pionero de métodos educativos que respetan el desarrollo natural del niño y defensor de la educación universal.;Paedagogus philosophus et theologus Bohemicus pater paedagogiae modernae consideratus. Auctor Didacticae Magnae ubi ideal pansophicum docere omnia omnibus proponit. Primum librum illustratum pro pueris Orbis Pictus creavit. Pionarius methodorum educativarum quae progressum naturalem pueri respectant et defensor educationis universalis.;la;Latín;Lingua Latina;Chequia;Cechia;Edad Moderna;Nova Aetas;https://i.ibb.co/fzJrNW0W/comenio.png;0
467;Nada debe enseñarse que no pueda ser puesto en práctica;Nihil doceri debet quod in praxim poni non possit;Nihil doceri debet quod in praxim poni non possit;Johann Amos Comenius;Didactica Magna, cap. V;Iohannes Amos Comenius;Pedagogo filósofo y teólogo checo considerado el padre de la pedagogía moderna. Autor de la Didáctica Magna donde propone el ideal pansófico de enseñar todo a todos. Creó el primer libro ilustrado para niños Orbis Pictus. Pionero de métodos educativos que respetan el desarrollo natural del niño y defensor de la educación universal.;Paedagogus philosophus et theologus Bohemicus pater paedagogiae modernae consideratus. Auctor Didacticae Magnae ubi ideal pansophicum docere omnia omnibus proponit. Primum librum illustratum pro pueris Orbis Pictus creavit. Pionarius methodorum educativarum quae progressum naturalem pueri respectant et defensor educationis universalis.;la;Latín;Lingua Latina;Chequia;Cechia;Edad Moderna;Nova Aetas;https://i.ibb.co/fzJrNW0W/comenio.png;0
468;La escuela debe ser un taller de humanidad;Schola debet esse officina humanitatis;Schola debet esse officina humanitatis;Johann Amos Comenius;Didactica Magna, cap. VI;Iohannes Amos Comenius;Pedagogo filósofo y teólogo checo considerado el padre de la pedagogía moderna. Autor de la Didáctica Magna donde propone el ideal pansófico de enseñar todo a todos. Creó el primer libro ilustrado para niños Orbis Pictus. Pionero de métodos educativos que respetan el desarrollo natural del niño y defensor de la educación universal.;Paedagogus philosophus et theologus Bohemicus pater paedagogiae modernae consideratus. Auctor Didacticae Magnae ubi ideal pansophicum docere omnia omnibus proponit. Primum librum illustratum pro pueris Orbis Pictus creavit. Pionarius methodorum educativarum quae progressum naturalem pueri respectant et defensor educationis universalis.;la;Latín;Lingua Latina;Chequia;Cechia;Edad Moderna;Nova Aetas;https://i.ibb.co/fzJrNW0W/comenio.png;0
469;Nuestros primeros maestros son nuestros pies, nuestras manos y nuestros ojos;Primi magistri nostri sunt pedes, manus et oculi nostri;Nos premiers maîtres sont nos pieds, nos mains et nos yeux;Jean-Jacques Rousseau;Émile, 1762;Ioannes Iacobus Rousseau;Filósofo escritor y pedagogo suizo de la Ilustración. Autor de El Emilio obra fundamental de la pedagogía moderna que propone una educación basada en la naturaleza y la libertad del niño. Defensor del aprendizaje experiencial y del juego como método educativo. Influyó profundamente en Pestalozzi y toda la pedagogía posterior.;Philosophus scriptor et paedagogus Helveticus Illuminationis. Auctor Emilii operis fundamentalis paedagogiae modernae quod educationem in natura et libertate pueri fundatam proponit. Defensor apprenhesionis experientiatis et ludi ut methodi educativae. In Pestalozzi et omnem paedagogiam posteriorem profunde influxit.;fr;Francés;Lingua Gallica;Suiza;Helvetia;Edad Moderna;Nova Aetas;https://i.ibb.co/3yBzY0N8/rousseau.png;0
470;El niño debe aprender de la experiencia, no de los libros;Puer ab experientia non ex libris discere debet;L'enfant doit apprendre de l'expérience, non des livres;Jean-Jacques Rousseau;Émile, 1762;Ioannes Iacobus Rousseau;Filósofo escritor y pedagogo suizo de la Ilustración. Autor de El Emilio obra fundamental de la pedagogía moderna que propone una educación basada en la naturaleza y la libertad del niño. Defensor del aprendizaje experiencial y del juego como método educativo. Influyó profundamente en Pestalozzi y toda la pedagogía posterior.;Philosophus scriptor et paedagogus Helveticus Illuminationis. Auctor Emilii operis fundamentalis paedagogiae modernae quod educationem in natura et libertate pueri fundatam proponit. Defensor apprenhesionis experientiatis et ludi ut methodi educativae. In Pestalozzi et omnem paedagogiam posteriorem profunde influxit.;fr;Francés;Lingua Gallica;Suiza;Helvetia;Edad Moderna;Nova Aetas;https://i.ibb.co/3yBzY0N8/rousseau.png;0
471;Dejad que la infancia madure en los niños;Sinite infantiam in pueris maturescere;Laissez mûrir l'enfance dans les enfants;Jean-Jacques Rousseau;Émile, 1762;Ioannes Iacobus Rousseau;Filósofo escritor y pedagogo suizo de la Ilustración. Autor de El Emilio obra fundamental de la pedagogía moderna que propone una educación basada en la naturaleza y la libertad del niño. Defensor del aprendizaje experiencial y del juego como método educativo. Influyó profundamente en Pestalozzi y toda la pedagogía posterior.;Philosophus scriptor et paedagogus Helveticus Illuminationis. Auctor Emilii operis fundamentalis paedagogiae modernae quod educationem in natura et libertate pueri fundatam proponit. Defensor apprenhesionis experientiatis et ludi ut methodi educativae. In Pestalozzi et omnem paedagogiam posteriorem profunde influxit.;fr;Francés;Lingua Gallica;Suiza;Helvetia;Edad Moderna;Nova Aetas;https://i.ibb.co/3yBzY0N8/rousseau.png;0
472;El mejor medio para hacer buenos a los niños es hacerlos felices;Optimum medium ad pueros bonos faciendos est eos felices facere;Le meilleur moyen de faire les enfants bons est de les rendre heureux;Jean-Jacques Rousseau;Émile, 1762;Ioannes Iacobus Rousseau;Filósofo escritor y pedagogo suizo de la Ilustración. Autor de El Emilio obra fundamental de la pedagogía moderna que propone una educación basada en la naturaleza y la libertad del niño. Defensor del aprendizaje experiencial y del juego como método educativo. Influyó profundamente en Pestalozzi y toda la pedagogía posterior.;Philosophus scriptor et paedagogus Helveticus Illuminationis. Auctor Emilii operis fundamentalis paedagogiae modernae quod educationem in natura et libertate pueri fundatam proponit. Defensor apprenhesionis experientiatis et ludi ut methodi educativae. In Pestalozzi et omnem paedagogiam posteriorem profunde influxit.;fr;Francés;Lingua Gallica;Suiza;Helvetia;Edad Moderna;Nova Aetas;https://i.ibb.co/3yBzY0N8/rousseau.png;0
473;Enseñar a vivir es el oficio que quiero enseñarle;Docere vivere est officium quod ei docere volo;Apprendre à vivre, c'est le métier que je veux lui enseigner;Jean-Jacques Rousseau;Émile, 1762;Ioannes Iacobus Rousseau;Filósofo escritor y pedagogo suizo de la Ilustración. Autor de El Emilio obra fundamental de la pedagogía moderna que propone una educación basada en la naturaleza y la libertad del niño. Defensor del aprendizaje experiencial y del juego como método educativo. Influyó profundamente en Pestalozzi y toda la pedagogía posterior.;Philosophus scriptor et paedagogus Helveticus Illuminationis. Auctor Emilii operis fundamentalis paedagogiae modernae quod educationem in natura et libertate pueri fundatam proponit. Defensor apprenhesionis experientiatis et ludi ut methodi educativae. In Pestalozzi et omnem paedagogiam posteriorem profunde influxit.;fr;Francés;Lingua Gallica;Suiza;Helvetia;Edad Moderna;Nova Aetas;https://i.ibb.co/3yBzY0N8/rousseau.png;0
474;El hombre nace libre, pero en todas partes está encadenado;Homo liber nascitur sed ubique in catenis est;L'homme est né libre et partout il est dans les fers;Jean-Jacques Rousseau;Du Contrat Social, 1762;Ioannes Iacobus Rousseau;Filósofo escritor y pedagogo suizo de la Ilustración. Autor de El Emilio obra fundamental de la pedagogía moderna que propone una educación basada en la naturaleza y la libertad del niño. Defensor del aprendizaje experiencial y del juego como método educativo. Influyó profundamente en Pestalozzi y toda la pedagogía posterior.;Philosophus scriptor et paedagogus Helveticus Illuminationis. Auctor Emilii operis fundamentalis paedagogiae modernae quod educationem in natura et libertate pueri fundatam proponit. Defensor apprenhesionis experientiatis et ludi ut methodi educativae. In Pestalozzi et omnem paedagogiam posteriorem profunde influxit.;fr;Francés;Lingua Gallica;Suiza;Helvetia;Edad Moderna;Nova Aetas;https://i.ibb.co/3yBzY0N8/rousseau.png;0
475;Nuestra influencia llega solo a donde llega nuestro amor;Nostra influentia tantum pervenit quo amor noster pervenit;Unser Einfluss reicht nur so weit wie unsere Liebe reicht;Johann Heinrich Pestalozzi;Wie Gertrud ihre Kinder lehrt, 1801;Iohannes Henricus Pestalozzi;Pedagogo y reformador educativo suizo que aplicó los ideales de la Ilustración a la educación. Defensor de la educación integral basada en la intuición la experiencia y el desarrollo natural del niño. Fundó escuelas para niños pobres. Su lema fue la cabeza el corazón y las manos. Influyó decisivamente en Froebel Herbart y la pedagogía moderna.;Paedagogus et reformator educativus Helveticus qui idealia Illuminationis ad educationem applicavit. Defensor educationis integralis in intuitione experientia et progressu naturali pueri fundatae. Scholas pro pueris pauperibus fundavit. Lemma eius fuit caput cor et manus. In Froebel Herbart et paedagogiam modernam decisive influxit.;de;Alemán;Lingua Germanica;Suiza;Helvetia;Edad Moderna;Nova Aetas;https://i.ibb.co/nNjVdCkf/pestalozzi.png;0
476;La educación es el desarrollo natural, armonioso y progresivo de todas las facultades;Educatio est progressus naturalis harmonicus et progressivus omnium facultatum;Bildung ist die natürliche harmonische und fortschreitende Entwicklung aller Fähigkeiten;Johann Heinrich Pestalozzi;Wie Gertrud ihre Kinder lehrt, 1801;Iohannes Henricus Pestalozzi;Pedagogo y reformador educativo suizo que aplicó los ideales de la Ilustración a la educación. Defensor de la educación integral basada en la intuición la experiencia y el desarrollo natural del niño. Fundó escuelas para niños pobres. Su lema fue la cabeza el corazón y las manos. Influyó decisivamente en Froebel Herbart y la pedagogía moderna.;Paedagogus et reformator educativus Helveticus qui idealia Illuminationis ad educationem applicavit. Defensor educationis integralis in intuitione experientia et progressu naturali pueri fundatae. Scholas pro pueris pauperibus fundavit. Lemma eius fuit caput cor et manus. In Froebel Herbart et paedagogiam modernam decisive influxit.;de;Alemán;Lingua Germanica;Suiza;Helvetia;Edad Moderna;Nova Aetas;https://i.ibb.co/nNjVdCkf/pestalozzi.png;0
477;Aprender es unir cabeza, corazón y manos;Discere est caput, cor et manus coniungere;Lernen heißt Kopf, Herz und Hand vereinen;Johann Heinrich Pestalozzi;Wie Gertrud ihre Kinder lehrt, 1801;Iohannes Henricus Pestalozzi;Pedagogo y reformador educativo suizo que aplicó los ideales de la Ilustración a la educación. Defensor de la educación integral basada en la intuición la experiencia y el desarrollo natural del niño. Fundó escuelas para niños pobres. Su lema fue la cabeza el corazón y las manos. Influyó decisivamente en Froebel Herbart y la pedagogía moderna.;Paedagogus et reformator educativus Helveticus qui idealia Illuminationis ad educationem applicavit. Defensor educationis integralis in intuitione experientia et progressu naturali pueri fundatae. Scholas pro pueris pauperibus fundavit. Lemma eius fuit caput cor et manus. In Froebel Herbart et paedagogiam modernam decisive influxit.;de;Alemán;Lingua Germanica;Suiza;Helvetia;Edad Moderna;Nova Aetas;https://i.ibb.co/nNjVdCkf/pestalozzi.png;0
478;La intuición es el fundamento del conocimiento;Intuitio est fundamentum cognitionis;Anschauung ist die Grundlage der Erkenntnis;Johann Heinrich Pestalozzi;Wie Gertrud ihre Kinder lehrt, 1801;Iohannes Henricus Pestalozzi;Pedagogo y reformador educativo suizo que aplicó los ideales de la Ilustración a la educación. Defensor de la educación integral basada en la intuición la experiencia y el desarrollo natural del niño. Fundó escuelas para niños pobres. Su lema fue la cabeza el corazón y las manos. Influyó decisivamente en Froebel Herbart y la pedagogía moderna.;Paedagogus et reformator educativus Helveticus qui idealia Illuminationis ad educationem applicavit. Defensor educationis integralis in intuitione experientia et progressu naturali pueri fundatae. Scholas pro pueris pauperibus fundavit. Lemma eius fuit caput cor et manus. In Froebel Herbart et paedagogiam modernam decisive influxit.;de;Alemán;Lingua Germanica;Suiza;Helvetia;Edad Moderna;Nova Aetas;https://i.ibb.co/nNjVdCkf/pestalozzi.png;0
479;Quiero psicologizar la educación;Volo educationem psychologizare;Ich will die Erziehung psychologisieren;Johann Heinrich Pestalozzi;Wie Gertrud ihre Kinder lehrt, 1801;Iohannes Henricus Pestalozzi;Pedagogo y reformador educativo suizo que aplicó los ideales de la Ilustración a la educación. Defensor de la educación integral basada en la intuición la experiencia y el desarrollo natural del niño. Fundó escuelas para niños pobres. Su lema fue la cabeza el corazón y las manos. Influyó decisivamente en Froebel Herbart y la pedagogía moderna.;Paedagogus et reformator educativus Helveticus qui idealia Illuminationis ad educationem applicavit. Defensor educationis integralis in intuitione experientia et progressu naturali pueri fundatae. Scholas pro pueris pauperibus fundavit. Lemma eius fuit caput cor et manus. In Froebel Herbart et paedagogiam modernam decisive influxit.;de;Alemán;Lingua Germanica;Suiza;Helvetia;Edad Moderna;Nova Aetas;https://i.ibb.co/nNjVdCkf/pestalozzi.png;0
480;El objetivo de la educación es formar hombres, no eruditos;Finis educationis est homines formare non eruditos;Das Ziel der Bildung ist es, Menschen zu formen, nicht Gelehrte;Johann Heinrich Pestalozzi;Wie Gertrud ihre Kinder lehrt, 1801;Iohannes Henricus Pestalozzi;Pedagogo y reformador educativo suizo que aplicó los ideales de la Ilustración a la educación. Defensor de la educación integral basada en la intuición la experiencia y el desarrollo natural del niño. Fundó escuelas para niños pobres. Su lema fue la cabeza el corazón y las manos. Influyó decisivamente en Froebel Herbart y la pedagogía moderna.;Paedagogus et reformator educativus Helveticus qui idealia Illuminationis ad educationem applicavit. Defensor educationis integralis in intuitione experientia et progressu naturali pueri fundatae. Scholas pro pueris pauperibus fundavit. Lemma eius fuit caput cor et manus. In Froebel Herbart et paedagogiam modernam decisive influxit.;de;Alemán;Lingua Germanica;Suiza;Helvetia;Edad Moderna;Nova Aetas;https://i.ibb.co/nNjVdCkf/pestalozzi.png;0
481;El objetivo principal de la educación es crear personas capaces de hacer cosas nuevas y no simplemente repetir lo que otras generaciones han hecho;Scopus praecipuus educationis est creare personas capaces res novas faciendi non solum repetendi quod aliae generationes fecerunt;Le but principal de l'éducation est de créer des hommes capables de faire des choses nouvelles et non simplement de répéter ce que les autres générations ont fait;Jean Piaget;La construction du réel chez l'enfant, 1937;Ioannes Piaget;Psicólogo y epistemólogo suizo creador de la teoría del desarrollo cognitivo. Revolucionó la comprensión del pensamiento infantil describiendo cuatro estadios del desarrollo sensoriomotor preoperacional operaciones concretas y operaciones formales. Defendió que el niño construye activamente su conocimiento mediante la interacción con el entorno.;Psychologus et epistemologus Helveticus creator theoriae progressus cognitivi. Intellectionem cogitationis infantilis revolutionavit describens quattuor stadia progressus sensoriomotorem praeoperationalem operationes concretas et operationes formales. Defendit puerum active cognitionem suam construere mediante interactione cum ambitu.;fr;Francés;Lingua Gallica;Suiza;Helvetia;Edad Contemporánea;Aetas Contemporanea;https://i.ibb.co/5xBrX10s/jeanpiaget.png;0
482;La inteligencia es lo que usas cuando no sabes qué hacer;Intelligentia est id quod uteris cum nescis quid faciendum sit;L'intelligence c'est ce que tu utilises quand tu ne sais pas quoi faire;Jean Piaget;La construction du réel chez l'enfant, 1937;Ioannes Piaget;Psicólogo y epistemólogo suizo creador de la teoría del desarrollo cognitivo. Revolucionó la comprensión del pensamiento infantil describiendo cuatro estadios del desarrollo sensoriomotor preoperacional operaciones concretas y operaciones formales. Defendió que el niño construye activamente su conocimiento mediante la interacción con el entorno.;Psychologus et epistemologus Helveticus creator theoriae progressus cognitivi. Intellectionem cogitationis infantilis revolutionavit describens quattuor stadia progressus sensoriomotorem praeoperationalem operationes concretas et operationes formales. Defendit puerum active cognitionem suam construere mediante interactione cum ambitu.;fr;Francés;Lingua Gallica;Suiza;Helvetia;Edad Contemporánea;Aetas Contemporanea;https://i.ibb.co/5xBrX10s/jeanpiaget.png;0
483;Cuando le enseñas a un niño algo, le quitas para siempre su oportunidad de descubrirlo por sí mismo;Cum doceas puerum aliquid, ei auferas in perpetuum occasionem id per se inveniendi;Quand vous enseignez quelque chose à un enfant, vous lui enlevez à jamais sa chance de le découvrir par lui-même;Jean Piaget;La construction du réel chez l'enfant, 1937;Ioannes Piaget;Psicólogo y epistemólogo suizo creador de la teoría del desarrollo cognitivo. Revolucionó la comprensión del pensamiento infantil describiendo cuatro estadios del desarrollo sensoriomotor preoperacional operaciones concretas y operaciones formales. Defendió que el niño construye activamente su conocimiento mediante la interacción con el entorno.;Psychologus et epistemologus Helveticus creator theoriae progressus cognitivi. Intellectionem cogitationis infantilis revolutionavit describens quattuor stadia progressus sensoriomotorem praeoperationalem operationes concretas et operationes formales. Defendit puerum active cognitionem suam construere mediante interactione cum ambitu.;fr;Francés;Lingua Gallica;Suiza;Helvetia;Edad Contemporánea;Aetas Contemporanea;https://i.ibb.co/5xBrX10s/jeanpiaget.png;0
484;El conocimiento no es una copia de la realidad, sino una construcción del ser humano;Cognitio non est copia realitatis sed constructio hominis;La connaissance n'est pas une copie de la réalité mais une construction de l'être humain;Jean Piaget;La construction du réel chez l'enfant, 1937;Ioannes Piaget;Psicólogo y epistemólogo suizo creador de la teoría del desarrollo cognitivo. Revolucionó la comprensión del pensamiento infantil describiendo cuatro estadios del desarrollo sensoriomotor preoperacional operaciones concretas y operaciones formales. Defendió que el niño construye activamente su conocimiento mediante la interacción con el entorno.;Psychologus et epistemologus Helveticus creator theoriae progressus cognitivi. Intellectionem cogitationis infantilis revolutionavit describens quattuor stadia progressus sensoriomotorem praeoperationalem operationes concretas et operationes formales. Defendit puerum active cognitionem suam construere mediante interactione cum ambitu.;fr;Francés;Lingua Gallica;Suiza;Helvetia;Edad Contemporánea;Aetas Contemporanea;https://i.ibb.co/5xBrX10s/jeanpiaget.png;0
485;Jugar es el trabajo de los niños;Ludere est labor puerorum;Jouer est le travail des enfants;Jean Piaget;La construction du réel chez l'enfant, 1937;Ioannes Piaget;Psicólogo y epistemólogo suizo creador de la teoría del desarrollo cognitivo. Revolucionó la comprensión del pensamiento infantil describiendo cuatro estadios del desarrollo sensoriomotor preoperacional operaciones concretas y operaciones formales. Defendió que el niño construye activamente su conocimiento mediante la interacción con el entorno.;Psychologus et epistemologus Helveticus creator theoriae progressus cognitivi. Intellectionem cogitationis infantilis revolutionavit describens quattuor stadia progressus sensoriomotorem praeoperationalem operationes concretas et operationes formales. Defendit puerum active cognitionem suam construere mediante interactione cum ambitu.;fr;Francés;Lingua Gallica;Suiza;Helvetia;Edad Contemporánea;Aetas Contemporanea;https://i.ibb.co/5xBrX10s/jeanpiaget.png;0
486;Todo lo que enseñamos a un niño, impedimos que lo invente o lo descubra;Quidquid puerum docemus, impedimus ut id inveniat aut detegat;Tout ce que nous enseignons à un enfant, nous l'empêchons de l'inventer ou de le découvrir;Jean Piaget;La construction du réel chez l'enfant, 1937;Ioannes Piaget;Psicólogo y epistemólogo suizo creador de la teoría del desarrollo cognitivo. Revolucionó la comprensión del pensamiento infantil describiendo cuatro estadios del desarrollo sensoriomotor preoperacional operaciones concretas y operaciones formales. Defendió que el niño construye activamente su conocimiento mediante la interacción con el entorno.;Psychologus et epistemologus Helveticus creator theoriae progressus cognitivi. Intellectionem cogitationis infantilis revolutionavit describens quattuor stadia progressus sensoriomotorem praeoperationalem operationes concretas et operationes formales. Defendit puerum active cognitionem suam construere mediante interactione cum ambitu.;fr;Francés;Lingua Gallica;Suiza;Helvetia;Edad Contemporánea;Aetas Contemporanea;https://i.ibb.co/5xBrX10s/jeanpiaget.png;0
487;El aprendizaje despierta una serie de procesos evolutivos internos capaces de operar solo cuando el niño está en interacción con las personas de su entorno;Apprehensio excitat seriem processuum evolutivorum internorum qui operari possunt solum cum puer in interactione cum personis ambitus sui est;Обучение пробуждает ряд внутренних процессов развития, которые могут действовать только когда ребенок взаимодействует с людьми в своей среде;Lev Vygotsky;Мышление и речь, 1934;Lev Vygotsky;Psicólogo y pedagogo soviético fundador de la psicología histórico-cultural. Creador del concepto de Zona de Desarrollo Próximo que explica cómo el aprendizaje social precede al desarrollo individual. Enfatizó la importancia del lenguaje la cultura y la interacción social en el desarrollo cognitivo. Pionero de la pedagogía sociocultural.;Psychologus et paedagogus Sovieticus fundator psychologiae historico-culturalis. Creator conceptus Zonae Progressus Proximi qui explicat quomodo apprehensio socialis progressum individualem praecedit. Importantiam linguae culturae et interactionis socialis in progressu cognitivo emphasizavit. Pionarius paedagogiae socioculturalis.;ru;Ruso;Lingua Russica;Rusia;Russia;Edad Contemporánea;Aetas Contemporanea;https://i.ibb.co/60c7p4y9/vigotsky.png;0
488;Lo que el niño puede hacer hoy con ayuda, mañana podrá hacerlo solo;Quod puer hodie cum auxilio facere potest, cras solus facere poterit;То, что ребенок может делать сегодня с помощью, завтра он сможет делать самостоятельно;Lev Vygotsky;Мышление и речь, 1934;Lev Vygotsky;Psicólogo y pedagogo soviético fundador de la psicología histórico-cultural. Creador del concepto de Zona de Desarrollo Próximo que explica cómo el aprendizaje social precede al desarrollo individual. Enfatizó la importancia del lenguaje la cultura y la interacción social en el desarrollo cognitivo. Pionero de la pedagogía sociocultural.;Psychologus et paedagogus Sovieticus fundator psychologiae historico-culturalis. Creator conceptus Zonae Progressus Proximi qui explicat quomodo apprehensio socialis progressum individualem praecedit. Importantiam linguae culturae et interactionis socialis in progressu cognitivo emphasizavit. Pionarius paedagogiae socioculturalis.;ru;Ruso;Lingua Russica;Rusia;Russia;Edad Contemporánea;Aetas Contemporanea;https://i.ibb.co/60c7p4y9/vigotsky.png;0
489;El lenguaje es la herramienta de las herramientas;Lingua est instrumentum instrumentorum;Язык — инструмент инструментов;Lev Vygotsky;Мышление и речь, 1934;Lev Vygotsky;Psicólogo y pedagogo soviético fundador de la psicología histórico-cultural. Creador del concepto de Zona de Desarrollo Próximo que explica cómo el aprendizaje social precede al desarrollo individual. Enfatizó la importancia del lenguaje la cultura y la interacción social en el desarrollo cognitivo. Pionero de la pedagogía sociocultural.;Psychologus et paedagogus Sovieticus fundator psychologiae historico-culturalis. Creator conceptus Zonae Progressus Proximi qui explicat quomodo apprehensio socialis progressum individualem praecedit. Importantiam linguae culturae et interactionis socialis in progressu cognitivo emphasizavit. Pionarius paedagogiae socioculturalis.;ru;Ruso;Lingua Russica;Rusia;Russia;Edad Contemporánea;Aetas Contemporanea;https://i.ibb.co/60c7p4y9/vigotsky.png;0
490;"El aprendizaje es más que la adquisición de la capacidad de pensar; es la adquisición de muchas capacidades especializadas para pensar";"Apprehensio plus est quam acquisitio facultatis cogitandi; est acquisitio multarum facultatum specializatarum cogitandi";"Обучение — это больше чем приобретение способности думать; это приобретение многих специализированных способностей мыслить";Lev Vygotsky;Мышление и речь, 1934;Lev Vygotsky;Psicólogo y pedagogo soviético fundador de la psicología histórico-cultural. Creador del concepto de Zona de Desarrollo Próximo que explica cómo el aprendizaje social precede al desarrollo individual. Enfatizó la importancia del lenguaje la cultura y la interacción social en el desarrollo cognitivo. Pionero de la pedagogía sociocultural.;Psychologus et paedagogus Sovieticus fundator psychologiae historico-culturalis. Creator conceptus Zonae Progressus Proximi qui explicat quomodo apprehensio socialis progressum individualem praecedit. Importantiam linguae culturae et interactionis socialis in progressu cognitivo emphasizavit. Pionarius paedagogiae socioculturalis.;ru;Ruso;Lingua Russica;Rusia;Russia;Edad Contemporánea;Aetas Contemporanea;https://i.ibb.co/60c7p4y9/vigotsky.png;0
491;El ser humano se caracteriza por una sociabilidad primaria;Homo characterizatur sociabilitate primaria;Человек характеризуется первичной социальностью;Lev Vygotsky;Мышление и речь, 1934;Lev Vygotsky;Psicólogo y pedagogo soviético fundador de la psicología histórico-cultural. Creador del concepto de Zona de Desarrollo Próximo que explica cómo el aprendizaje social precede al desarrollo individual. Enfatizó la importancia del lenguaje la cultura y la interacción social en el desarrollo cognitivo. Pionero de la pedagogía sociocultural.;Psychologus et paedagogus Sovieticus fundator psychologiae historico-culturalis. Creator conceptus Zonae Progressus Proximi qui explicat quomodo apprehensio socialis progressum individualem praecedit. Importantiam linguae culturae et interactionis socialis in progressu cognitivo emphasizavit. Pionarius paedagogiae socioculturalis.;ru;Ruso;Lingua Russica;Rusia;Russia;Edad Contemporánea;Aetas Contemporanea;https://i.ibb.co/60c7p4y9/vigotsky.png;0
492;En el juego, el niño siempre se comporta por encima de su edad promedio;In ludo puer semper se gerit supra aetatem suam mediam;В игре ребенок всегда ведет себя выше своего среднего возраста;Lev Vygotsky;Мышление и речь, 1934;Lev Vygotsky;Psicólogo y pedagogo soviético fundador de la psicología histórico-cultural. Creador del concepto de Zona de Desarrollo Próximo que explica cómo el aprendizaje social precede al desarrollo individual. Enfatizó la importancia del lenguaje la cultura y la interacción social en el desarrollo cognitivo. Pionero de la pedagogía sociocultural.;Psychologus et paedagogus Sovieticus fundator psychologiae historico-culturalis. Creator conceptus Zonae Progressus Proximi qui explicat quomodo apprehensio socialis progressum individualem praecedit. Importantiam linguae culturae et interactionis socialis in progressu cognitivo emphasizavit. Pionarius paedagogiae socioculturalis.;ru;Ruso;Lingua Russica;Rusia;Russia;Edad Contemporánea;Aetas Contemporanea;https://i.ibb.co/60c7p4y9/vigotsky.png;0
493;"El juego es el trabajo del niño; su oficio, su vida";Ludus est labor pueri, officium eius, vita eius;Das Spiel ist die Arbeit des Kindes, sein Beruf, sein Leben;Friedrich Froebel;Die Menschenerziehung, 1826;Fridericus Froebel;Pedagogo alemán fundador del primer kindergarten jardín de infancia del mundo en 1840. Desarrolló una pedagogía centrada en el juego la actividad espontánea y la creatividad infantil. Creó los dones de Froebel materiales didácticos para el desarrollo sensorial y cognitivo. Discípulo de Pestalozzi revolucionó la educación infantil.;Paedagogus Germanicus fundator primi kindergarten horti infantium mundi anno 1840. Paedagogiam in ludo activitate spontanea et creativitate infantili fundatam elaboravit. Dona Froebelii materias didacticas pro progressu sensoriali et cognitivo creavit. Discipulus Pestalozzi educationem infantilem revolutionavit.;de;Alemán;Lingua Germanica;Alemania;Germania;Edad Moderna;Nova Aetas;https://i.ibb.co/0jwMS3vT/froebel.png;0
494;Educar a un niño es esencialmente enseñarle a desenvolverse sin nosotros;Educare puerum est essentialiter docere eum se explicare sine nobis;Ein Kind zu erziehen bedeutet im Wesentlichen, ihm beizubringen, sich ohne uns zu entwickeln;Friedrich Froebel;Die Menschenerziehung, 1826;Fridericus Froebel;Pedagogo alemán fundador del primer kindergarten jardín de infancia del mundo en 1840. Desarrolló una pedagogía centrada en el juego la actividad espontánea y la creatividad infantil. Creó los dones de Froebel materiales didácticos para el desarrollo sensorial y cognitivo. Discípulo de Pestalozzi revolucionó la educación infantil.;Paedagogus Germanicus fundator primi kindergarten horti infantium mundi anno 1840. Paedagogiam in ludo activitate spontanea et creativitate infantili fundatam elaboravit. Dona Froebelii materias didacticas pro progressu sensoriali et cognitivo creavit. Discipulus Pestalozzi educationem infantilem revolutionavit.;de;Alemán;Lingua Germanica;Alemania;Germania;Edad Moderna;Nova Aetas;https://i.ibb.co/0jwMS3vT/froebel.png;0
495;"Ven, vive con nosotros; los niños te mostrarán el camino";"Veni, vive nobiscum; pueri viam tibi monstrabunt";"Komm, lebe mit uns; die Kinder werden dir den Weg zeigen";Friedrich Froebel;Die Menschenerziehung, 1826;Fridericus Froebel;Pedagogo alemán fundador del primer kindergarten jardín de infancia del mundo en 1840. Desarrolló una pedagogía centrada en el juego la actividad espontánea y la creatividad infantil. Creó los dones de Froebel materiales didácticos para el desarrollo sensorial y cognitivo. Discípulo de Pestalozzi revolucionó la educación infantil.;Paedagogus Germanicus fundator primi kindergarten horti infantium mundi anno 1840. Paedagogiam in ludo activitate spontanea et creativitate infantili fundatam elaboravit. Dona Froebelii materias didacticas pro progressu sensoriali et cognitivo creavit. Discipulus Pestalozzi educationem infantilem revolutionavit.;de;Alemán;Lingua Germanica;Alemania;Germania;Edad Moderna;Nova Aetas;https://i.ibb.co/0jwMS3vT/froebel.png;0
496;El niño no es una botella que hay que llenar sino un fuego que es preciso encender;Puer non est ampulla quae implenda est, sed ignis qui accendendus est;Das Kind ist keine Flasche, die gefüllt werden muss, sondern ein Feuer, das entzündet werden muss;Friedrich Froebel;Die Menschenerziehung, 1826;Fridericus Froebel;Pedagogo alemán fundador del primer kindergarten jardín de infancia del mundo en 1840. Desarrolló una pedagogía centrada en el juego la actividad espontánea y la creatividad infantil. Creó los dones de Froebel materiales didácticos para el desarrollo sensorial y cognitivo. Discípulo de Pestalozzi revolucionó la educación infantil.;Paedagogus Germanicus fundator primi kindergarten horti infantium mundi anno 1840. Paedagogiam in ludo activitate spontanea et creativitate infantili fundatam elaboravit. Dona Froebelii materias didacticas pro progressu sensoriali et cognitivo creavit. Discipulus Pestalozzi educationem infantilem revolutionavit.;de;Alemán;Lingua Germanica;Alemania;Germania;Edad Moderna;Nova Aetas;https://i.ibb.co/0jwMS3vT/froebel.png;0
497;La educación debe guiar al hombre a conocerse a sí mismo y a vivir en paz con la naturaleza;Educatio hominem ducere debet ut se cognoscat et in pace cum natura vivat;Bildung soll den Menschen dazu führen, sich selbst zu erkennen und in Frieden mit der Natur zu leben;Friedrich Froebel;Die Menschenerziehung, 1826;Fridericus Froebel;Pedagogo alemán fundador del primer kindergarten jardín de infancia del mundo en 1840. Desarrolló una pedagogía centrada en el juego la actividad espontánea y la creatividad infantil. Creó los dones de Froebel materiales didácticos para el desarrollo sensorial y cognitivo. Discípulo de Pestalozzi revolucionó la educación infantil.;Paedagogus Germanicus fundator primi kindergarten horti infantium mundi anno 1840. Paedagogiam in ludo activitate spontanea et creativitate infantili fundatam elaboravit. Dona Froebelii materias didacticas pro progressu sensoriali et cognitivo creavit. Discipulus Pestalozzi educationem infantilem revolutionavit.;de;Alemán;Lingua Germanica;Alemania;Germania;Edad Moderna;Nova Aetas;https://i.ibb.co/0jwMS3vT/froebel.png;0
498;Los niños son como flores y deben ser tratados con paciencia y comprensión;Pueri sunt ut flores et cum patientia et comprehensione tractandi sunt;Kinder sind wie Blumen und müssen mit Geduld und Verständnis behandelt werden;Friedrich Froebel;Die Menschenerziehung, 1826;Fridericus Froebel;Pedagogo alemán fundador del primer kindergarten jardín de infancia del mundo en 1840. Desarrolló una pedagogía centrada en el juego la actividad espontánea y la creatividad infantil. Creó los dones de Froebel materiales didácticos para el desarrollo sensorial y cognitivo. Discípulo de Pestalozzi revolucionó la educación infantil.;Paedagogus Germanicus fundator primi kindergarten horti infantium mundi anno 1840. Paedagogiam in ludo activitate spontanea et creativitate infantili fundatam elaboravit. Dona Froebelii materias didacticas pro progressu sensoriali et cognitivo creavit. Discipulus Pestalozzi educationem infantilem revolutionavit.;de;Alemán;Lingua Germanica;Alemania;Germania;Edad Moderna;Nova Aetas;https://i.ibb.co/0jwMS3vT/froebel.png;0
499;La escuela debe ser para la vida y mediante la vida;Schola debet esse pro vita et mediante vita;L'école doit être pour la vie et par la vie;Ovide Decroly;L'Éducation nouvelle, 1921;Ovidius Decroly;Médico psicólogo y pedagogo belga creador del método Decroly basado en los centros de interés del niño. Propuso una educación globalizada que parte de las necesidades e intereses infantiles. Fundó la Escuela de l'Ermitage en Bruselas. Defensor de la observación directa la naturaleza y el aprendizaje significativo mediante la vida para la vida.;Medicus psychologus et paedagogus Belgicus creator methodi Decroly in centris interesse pueri fundati. Educationem globalizatam quae a necessitatibus et interessibus infantilibus procedit proposuit. Scholam de l'Ermitage Bruxellis fundavit. Defensor observationis directae naturae et apprenhesionis significativae mediante vita pro vita.;fr;Francés;Lingua Gallica;Bélgica;Belgica;Edad Contemporánea;Aetas Contemporanea;https://i.ibb.co/C5S7WqXv/decroly.png;0
500;El niño debe vivir en su medio natural para conocerlo y comprenderlo;Puer in medio suo naturali vivere debet ut id cognoscat et comprehendat;L'enfant doit vivre dans son milieu naturel pour le connaître et le comprendre;Ovide Decroly;L'Éducation nouvelle, 1921;Ovidius Decroly;Médico psicólogo y pedagogo belga creador del método Decroly basado en los centros de interés del niño. Propuso una educación globalizada que parte de las necesidades e intereses infantiles. Fundó la Escuela de l'Ermitage en Bruselas. Defensor de la observación directa la naturaleza y el aprendizaje significativo mediante la vida para la vida.;Medicus psychologus et paedagogus Belgicus creator methodi Decroly in centris interesse pueri fundati. Educationem globalizatam quae a necessitatibus et interessibus infantilibus procedit proposuit. Scholam de l'Ermitage Bruxellis fundavit. Defensor observationis directae naturae et apprenhesionis significativae mediante vita pro vita.;fr;Francés;Lingua Gallica;Bélgica;Belgica;Edad Contemporánea;Aetas Contemporanea;https://i.ibb.co/C5S7WqXv/decroly.png;0
501;La educación globalizada respeta la unidad de la vida mental;Educatio globalizata unitatem vitae mentalis respectat;L'éducation globalisée respecte l'unité de la vie mentale;Ovide Decroly;L'Éducation nouvelle, 1921;Ovidius Decroly;Médico psicólogo y pedagogo belga creador del método Decroly basado en los centros de interés del niño. Propuso una educación globalizada que parte de las necesidades e intereses infantiles. Fundó la Escuela de l'Ermitage en Bruselas. Defensor de la observación directa la naturaleza y el aprendizaje significativo mediante la vida para la vida.;Medicus psychologus et paedagogus Belgicus creator methodi Decroly in centris interesse pueri fundati. Educationem globalizatam quae a necessitatibus et interessibus infantilibus procedit proposuit. Scholam de l'Ermitage Bruxellis fundavit. Defensor observationis directae naturae et apprenhesionis significativae mediante vita pro vita.;fr;Francés;Lingua Gallica;Bélgica;Belgica;Edad Contemporánea;Aetas Contemporanea;https://i.ibb.co/C5S7WqXv/decroly.png;0
502;Observar, asociar y expresar son las bases del aprendizaje;Observare, associare et exprimere sunt bases apprehensionis;Observer, associer et exprimer sont les bases de l'apprentissage;Ovide Decroly;L'Éducation nouvelle, 1921;Ovidius Decroly;Médico psicólogo y pedagogo belga creador del método Decroly basado en los centros de interés del niño. Propuso una educación globalizada que parte de las necesidades e intereses infantiles. Fundó la Escuela de l'Ermitage en Bruselas. Defensor de la observación directa la naturaleza y el aprendizaje significativo mediante la vida para la vida.;Medicus psychologus et paedagogus Belgicus creator methodi Decroly in centris interesse pueri fundati. Educationem globalizatam quae a necessitatibus et interessibus infantilibus procedit proposuit. Scholam de l'Ermitage Bruxellis fundavit. Defensor observationis directae naturae et apprenhesionis significativae mediante vita pro vita.;fr;Francés;Lingua Gallica;Bélgica;Belgica;Edad Contemporánea;Aetas Contemporanea;https://i.ibb.co/C5S7WqXv/decroly.png;0
503;Hay que partir de los intereses del niño para lograr un aprendizaje significativo;Oportet a puerorum interessibus proficisci ut apprehensionem significativam consequamur;Il faut partir des intérêts de l'enfant pour obtenir un apprentissage significatif;Ovide Decroly;L'Éducation nouvelle, 1921;Ovidius Decroly;Médico psicólogo y pedagogo belga creador del método Decroly basado en los centros de interés del niño. Propuso una educación globalizada que parte de las necesidades e intereses infantiles. Fundó la Escuela de l'Ermitage en Bruselas. Defensor de la observación directa la naturaleza y el aprendizaje significativo mediante la vida para la vida.;Medicus psychologus et paedagogus Belgicus creator methodi Decroly in centris interesse pueri fundati. Educationem globalizatam quae a necessitatibus et interessibus infantilibus procedit proposuit. Scholam de l'Ermitage Bruxellis fundavit. Defensor observationis directae naturae et apprenhesionis significativae mediante vita pro vita.;fr;Francés;Lingua Gallica;Bélgica;Belgica;Edad Contemporánea;Aetas Contemporanea;https://i.ibb.co/C5S7WqXv/decroly.png;0
504;El programa escolar debe estar basado en las necesidades del niño;Programma scholae in necessitatibus pueri fundari debet;Le programme scolaire doit être basé sur les besoins de l'enfant;Ovide Decroly;L'Éducation nouvelle, 1921;Ovidius Decroly;Médico psicólogo y pedagogo belga creador del método Decroly basado en los centros de interés del niño. Propuso una educación globalizada que parte de las necesidades e intereses infantiles. Fundó la Escuela de l'Ermitage en Bruselas. Defensor de la observación directa la naturaleza y el aprendizaje significativo mediante la vida para la vida.;Medicus psychologus et paedagogus Belgicus creator methodi Decroly in centris interesse pueri fundati. Educationem globalizatam quae a necessitatibus et interessibus infantilibus procedit proposuit. Scholam de l'Ermitage Bruxellis fundavit. Defensor observationis directae naturae et apprenhesionis significativae mediante vita pro vita.;fr;Francés;Lingua Gallica;Bélgica;Belgica;Edad Contemporánea;Aetas Contemporanea;https://i.ibb.co/C5S7WqXv/decroly.png;0
505;Estad alegres en el Señor siempre;State laeti in Domino semper;State sempre allegri nel Signore;San Felipe Neri;Lettere e Sermoni, sec. XVI;Sanctus Philippus Nerius;Sacerdote italiano fundador de la Congregación del Oratorio conocido como el Apóstol de Roma. Revolucionó la educación juvenil mediante la alegría el buen humor la música y el afecto. Promovió una espiritualidad accesible basada en la alegría como signo de la presencia de Dios. Su lema era Estad alegres en el Señor siempre.;Sacerdos Italicus Congregationis Oratorii fundator Apostolus Romae cognitus. Educationem iuvenum per laetitiam bonum humorem musicam et affectum revolutionavit. Spiritualitatem accessibilem in laetitia ut signo praesentiae Dei fundatam promovit. Lemma eius erat State laeti in Domino semper.;it;Italiano;Lingua Italica;Italia;Italia;Edad Moderna;Nova Aetas;https://i.ibb.co/60VT5xTj/sanfelipeneri.png;0
506;Un corazón alegre es señal de la gracia de Dios;Cor laetum signum gratiae Dei est;Un cuore allegro è segno della grazia di Dio;San Felipe Neri;Lettere e Sermoni, sec. XVI;Sanctus Philippus Nerius;Sacerdote italiano fundador de la Congregación del Oratorio conocido como el Apóstol de Roma. Revolucionó la educación juvenil mediante la alegría el buen humor la música y el afecto. Promovió una espiritualidad accesible basada en la alegría como signo de la presencia de Dios. Su lema era Estad alegres en el Señor siempre.;Sacerdos Italicus Congregationis Oratorii fundator Apostolus Romae cognitus. Educationem iuvenum per laetitiam bonum humorem musicam et affectum revolutionavit. Spiritualitatem accessibilem in laetitia ut signo praesentiae Dei fundatam promovit. Lemma eius erat State laeti in Domino semper.;it;Italiano;Lingua Italica;Italia;Italia;Edad Moderna;Nova Aetas;https://i.ibb.co/60VT5xTj/sanfelipeneri.png;0
507;Sed buenos si podéis;State boni si potestis;State buoni se potete;San Felipe Neri;Lettere e Sermoni, sec. XVI;Sanctus Philippus Nerius;Sacerdote italiano fundador de la Congregación del Oratorio conocido como el Apóstol de Roma. Revolucionó la educación juvenil mediante la alegría el buen humor la música y el afecto. Promovió una espiritualidad accesible basada en la alegría como signo de la presencia de Dios. Su lema era Estad alegres en el Señor siempre.;Sacerdos Italicus Congregationis Oratorii fundator Apostolus Romae cognitus. Educationem iuvenum per laetitiam bonum humorem musicam et affectum revolutionavit. Spiritualitatem accessibilem in laetitia ut signo praesentiae Dei fundatam promovit. Lemma eius erat State laeti in Domino semper.;it;Italiano;Lingua Italica;Italia;Italia;Edad Moderna;Nova Aetas;https://i.ibb.co/60VT5xTj/sanfelipeneri.png;0
508;La alegría cristiana es el mejor medio de atraer almas a Dios;Laetitia Christiana est optimum medium ad animas Deo attrahendas;La gioia cristiana è il miglior mezzo per attirare anime a Dio;San Felipe Neri;Lettere e Sermoni, sec. XVI;Sanctus Philippus Nerius;Sacerdote italiano fundador de la Congregación del Oratorio conocido como el Apóstol de Roma. Revolucionó la educación juvenil mediante la alegría el buen humor la música y el afecto. Promovió una espiritualidad accesible basada en la alegría como signo de la presencia de Dios. Su lema era Estad alegres en el Señor siempre.;Sacerdos Italicus Congregationis Oratorii fundator Apostolus Romae cognitus. Educationem iuvenum per laetitiam bonum humorem musicam et affectum revolutionavit. Spiritualitatem accessibilem in laetitia ut signo praesentiae Dei fundatam promovit. Lemma eius erat State laeti in Domino semper.;it;Italiano;Lingua Italica;Italia;Italia;Edad Moderna;Nova Aetas;https://i.ibb.co/60VT5xTj/sanfelipeneri.png;0
509;Un santo triste es un triste santo;Sanctus tristis est tristis sanctus;Un santo triste è un triste santo;San Felipe Neri;Lettere e Sermoni, sec. XVI;Sanctus Philippus Nerius;Sacerdote italiano fundador de la Congregación del Oratorio conocido como el Apóstol de Roma. Revolucionó la educación juvenil mediante la alegría el buen humor la música y el afecto. Promovió una espiritualidad accesible basada en la alegría como signo de la presencia de Dios. Su lema era Estad alegres en el Señor siempre.;Sacerdos Italicus Congregationis Oratorii fundator Apostolus Romae cognitus. Educationem iuvenum per laetitiam bonum humorem musicam et affectum revolutionavit. Spiritualitatem accessibilem in laetitia ut signo praesentiae Dei fundatam promovit. Lemma eius erat State laeti in Domino semper.;it;Italiano;Lingua Italica;Italia;Italia;Edad Moderna;Nova Aetas;https://i.ibb.co/60VT5xTj/sanfelipeneri.png;0
510;Haced el bien y dejad hablar;Bonum facite et sinite loqui;Fate il bene e lasciate dire;San Felipe Neri;Lettere e Sermoni, sec. XVI;Sanctus Philippus Nerius;Sacerdote italiano fundador de la Congregación del Oratorio conocido como el Apóstol de Roma. Revolucionó la educación juvenil mediante la alegría el buen humor la música y el afecto. Promovió una espiritualidad accesible basada en la alegría como signo de la presencia de Dios. Su lema era Estad alegres en el Señor siempre.;Sacerdos Italicus Congregationis Oratorii fundator Apostolus Romae cognitus. Educationem iuvenum per laetitiam bonum humorem musicam et affectum revolutionavit. Spiritualitatem accessibilem in laetitia ut signo praesentiae Dei fundatam promovit. Lemma eius erat State laeti in Domino semper.;it;Italiano;Lingua Italica;Italia;Italia;Edad Moderna;Nova Aetas;https://i.ibb.co/60VT5xTj/sanfelipeneri.png;0
511;La humildad es la verdad;Humilitas est veritas;L'umiltà è verità;San Felipe Neri;Lettere e Sermoni, sec. XVI;Sanctus Philippus Nerius;Sacerdote italiano fundador de la Congregación del Oratorio conocido como el Apóstol de Roma. Revolucionó la educación juvenil mediante la alegría el buen humor la música y el afecto. Promovió una espiritualidad accesible basada en la alegría como signo de la presencia de Dios. Su lema era Estad alegres en el Señor siempre.;Sacerdos Italicus Congregationis Oratorii fundator Apostolus Romae cognitus. Educationem iuvenum per laetitiam bonum humorem musicam et affectum revolutionavit. Spiritualitatem accessibilem in laetitia ut signo praesentiae Dei fundatam promovit. Lemma eius erat State laeti in Domino semper.;it;Italiano;Lingua Italica;Italia;Italia;Edad Moderna;Nova Aetas;https://i.ibb.co/60VT5xTj/sanfelipeneri.png;0
512;Echémonos en brazos de Dios;In brachiis Dei nos proiiciamus;Gettiamoci nelle braccia di Dio;San Felipe Neri;Lettere e Sermoni, sec. XVI;Sanctus Philippus Nerius;Sacerdote italiano fundador de la Congregación del Oratorio conocido como el Apóstol de Roma. Revolucionó la educación juvenil mediante la alegría el buen humor la música y el afecto. Promovió una espiritualidad accesible basada en la alegría como signo de la presencia de Dios. Su lema era Estad alegres en el Señor siempre.;Sacerdos Italicus Congregationis Oratorii fundator Apostolus Romae cognitus. Educationem iuvenum per laetitiam bonum humorem musicam et affectum revolutionavit. Spiritualitatem accessibilem in laetitia ut signo praesentiae Dei fundatam promovit. Lemma eius erat State laeti in Domino semper.;it;Italiano;Lingua Italica;Italia;Italia;Edad Moderna;Nova Aetas;https://i.ibb.co/60VT5xTj/sanfelipeneri.png;0
513;El que educa es mediador entre la ignorancia y el saber;Qui educat mediator inter ignorantiam et scientiam est;Wer erzieht ist Vermittler zwischen Unwissenheit und Wissen;Santa Teresa de la Cruz;Bildungsmanuskripte, 20. Jh.;Teresia Benedicta a Cruce ;Filósofa mística y monja carmelita alemana de origen judío con nombre religioso Santa Teresa Benedicta de la Cruz. Discípula de Husserl experta en fenomenología desarrolló una profunda antropología cristiana y escritos sobre la formación de la mujer. Mártir del Holocausto asesinada en Auschwitz. Doctora de la Iglesia patrona de Europa.;Philosopha mystica et monacha Carmelita Germanica originis Iudaicae nomine religioso Sancta Teresia Benedicta a Cruce. Discipula Husserl experta in phenomenologia anthropologiam Christianam profundam et scripta de formatione mulieris elaboravit. Martyr Holocausti in Auschwitz interfecta. Doctor Ecclesiae patrona Europae.;de;Alemán;Lingua Germanica;Alemania;Germania;Edad Contemporánea;Aetas Contemporanea;https://i.ibb.co/sdgNknh0/santateresadelacruz.png;0
514;La educación es necesariamente un trabajo de comunidad;Educatio necessario opus communitatis est;Bildung ist notwendigerweise eine Gemeinschaftsarbeit;Santa Teresa de la Cruz;Bildungsmanuskripte, 20. Jh.;Teresia Benedicta a Cruce ;Filósofa mística y monja carmelita alemana de origen judío con nombre religioso Santa Teresa Benedicta de la Cruz. Discípula de Husserl experta en fenomenología desarrolló una profunda antropología cristiana y escritos sobre la formación de la mujer. Mártir del Holocausto asesinada en Auschwitz. Doctora de la Iglesia patrona de Europa.;Philosopha mystica et monacha Carmelita Germanica originis Iudaicae nomine religioso Sancta Teresia Benedicta a Cruce. Discipula Husserl experta in phenomenologia anthropologiam Christianam profundam et scripta de formatione mulieris elaboravit. Martyr Holocausti in Auschwitz interfecta. Doctor Ecclesiae patrona Europae.;de;Alemán;Lingua Germanica;Alemania;Germania;Edad Contemporánea;Aetas Contemporanea;https://i.ibb.co/sdgNknh0/santateresadelacruz.png;0
515;La verdadera educación enseña a pensar por sí mismo;Vera educatio docet per se cogitare;Wahre Bildung lehrt selbst zu denken;Santa Teresa de la Cruz;Bildungsmanuskripte, 20. Jh.;Teresia Benedicta a Cruce ;Filósofa mística y monja carmelita alemana de origen judío con nombre religioso Santa Teresa Benedicta de la Cruz. Discípula de Husserl experta en fenomenología desarrolló una profunda antropología cristiana y escritos sobre la formación de la mujer. Mártir del Holocausto asesinada en Auschwitz. Doctora de la Iglesia patrona de Europa.;Philosopha mystica et monacha Carmelita Germanica originis Iudaicae nomine religioso Sancta Teresia Benedicta a Cruce. Discipula Husserl experta in phenomenologia anthropologiam Christianam profundam et scripta de formatione mulieris elaboravit. Martyr Holocausti in Auschwitz interfecta. Doctor Ecclesiae patrona Europae.;de;Alemán;Lingua Germanica;Alemania;Germania;Edad Contemporánea;Aetas Contemporanea;https://i.ibb.co/sdgNknh0/santateresadelacruz.png;0
516;La mujer tiene la vocación de educar a la persona humana completa;Mulier vocationem habet educandi personam humanam completam;Die Frau hat die Berufung die ganze menschliche Person zu erziehen;Santa Teresa de la Cruz;Bildungsmanuskripte, 20. Jh.;Teresia Benedicta a Cruce ;Filósofa mística y monja carmelita alemana de origen judío con nombre religioso Santa Teresa Benedicta de la Cruz. Discípula de Husserl experta en fenomenología desarrolló una profunda antropología cristiana y escritos sobre la formación de la mujer. Mártir del Holocausto asesinada en Auschwitz. Doctora de la Iglesia patrona de Europa.;Philosopha mystica et monacha Carmelita Germanica originis Iudaicae nomine religioso Sancta Teresia Benedicta a Cruce. Discipula Husserl experta in phenomenologia anthropologiam Christianam profundam et scripta de formatione mulieris elaboravit. Martyr Holocausti in Auschwitz interfecta. Doctor Ecclesiae patrona Europae.;de;Alemán;Lingua Germanica;Alemania;Germania;Edad Contemporánea;Aetas Contemporanea;https://i.ibb.co/sdgNknh0/santateresadelacruz.png;0
517;El educador debe ser verdaderamente paterno o materno;Educator vere paternus aut maternus esse debet;Der Erzieher muss wahrhaft väterlich oder mütterlich sein;Santa Teresa de la Cruz;Bildungsmanuskripte, 20. Jh.;Teresia Benedicta a Cruce ;Filósofa mística y monja carmelita alemana de origen judío con nombre religioso Santa Teresa Benedicta de la Cruz. Discípula de Husserl experta en fenomenología desarrolló una profunda antropología cristiana y escritos sobre la formación de la mujer. Mártir del Holocausto asesinada en Auschwitz. Doctora de la Iglesia patrona de Europa.;Philosopha mystica et monacha Carmelita Germanica originis Iudaicae nomine religioso Sancta Teresia Benedicta a Cruce. Discipula Husserl experta in phenomenologia anthropologiam Christianam profundam et scripta de formatione mulieris elaboravit. Martyr Holocausti in Auschwitz interfecta. Doctor Ecclesiae patrona Europae.;de;Alemán;Lingua Germanica;Alemania;Germania;Edad Contemporánea;Aetas Contemporanea;https://i.ibb.co/sdgNknh0/santateresadelacruz.png;0
518;La verdadera sabiduría es el resultado de aprender de nuestros errores;Vera sapientia est fructus discendi ex erroribus nostris;Wahre Weisheit ist das Ergebnis unserer Fehler zu lernen;Santa Teresa de la Cruz;Bildungsmanuskripte, 20. Jh.;Teresia Benedicta a Cruce ;Filósofa mística y monja carmelita alemana de origen judío con nombre religioso Santa Teresa Benedicta de la Cruz. Discípula de Husserl experta en fenomenología desarrolló una profunda antropología cristiana y escritos sobre la formación de la mujer. Mártir del Holocausto asesinada en Auschwitz. Doctora de la Iglesia patrona de Europa.;Philosopha mystica et monacha Carmelita Germanica originis Iudaicae nomine religioso Sancta Teresia Benedicta a Cruce. Discipula Husserl experta in phenomenologia anthropologiam Christianam profundam et scripta de formatione mulieris elaboravit. Martyr Holocausti in Auschwitz interfecta. Doctor Ecclesiae patrona Europae.;de;Alemán;Lingua Germanica;Alemania;Germania;Edad Contemporánea;Aetas Contemporanea;https://i.ibb.co/sdgNknh0/santateresadelacruz.png;0
519;El amor verdadero consiste en devolver al otro su propia dignidad intacta;Amor verus consistit in reddendo alteri dignitatem propriam intactam;Wahre Liebe besteht darin dem anderen seine eigene Würde unversehrt zurückzugeben;Santa Teresa de la Cruz;Bildungsmanuskripte, 20. Jh.;Teresia Benedicta a Cruce ;Filósofa mística y monja carmelita alemana de origen judío con nombre religioso Santa Teresa Benedicta de la Cruz. Discípula de Husserl experta en fenomenología desarrolló una profunda antropología cristiana y escritos sobre la formación de la mujer. Mártir del Holocausto asesinada en Auschwitz. Doctora de la Iglesia patrona de Europa.;Philosopha mystica et monacha Carmelita Germanica originis Iudaicae nomine religioso Sancta Teresia Benedicta a Cruce. Discipula Husserl experta in phenomenologia anthropologiam Christianam profundam et scripta de formatione mulieris elaboravit. Martyr Holocausti in Auschwitz interfecta. Doctor Ecclesiae patrona Europae.;de;Alemán;Lingua Germanica;Alemania;Germania;Edad Contemporánea;Aetas Contemporanea;https://i.ibb.co/sdgNknh0/santateresadelacruz.png;0
520;Quien busca la verdad busca a Dios aunque no lo sepa;Qui veritatem quaerit Deum quaerit etsi nesciat;Wer die Wahrheit sucht, sucht Gott auch wenn er es nicht weiß;Santa Teresa de la Cruz;Bildungsmanuskripte, 20. Jh.;Teresia Benedicta a Cruce ;Filósofa mística y monja carmelita alemana de origen judío con nombre religioso Santa Teresa Benedicta de la Cruz. Discípula de Husserl experta en fenomenología desarrolló una profunda antropología cristiana y escritos sobre la formación de la mujer. Mártir del Holocausto asesinada en Auschwitz. Doctora de la Iglesia patrona de Europa.;Philosopha mystica et monacha Carmelita Germanica originis Iudaicae nomine religioso Sancta Teresia Benedicta a Cruce. Discipula Husserl experta in phenomenologia anthropologiam Christianam profundam et scripta de formatione mulieris elaboravit. Martyr Holocausti in Auschwitz interfecta. Doctor Ecclesiae patrona Europae.;de;Alemán;Lingua Germanica;Alemania;Germania;Edad Contemporánea;Aetas Contemporanea;https://i.ibb.co/sdgNknh0/santateresadelacruz.png;0
521;Todos nacen como originales pero muchos mueren como fotocopias;Omnes ut originales nascuntur sed multi ut photocopiae moriuntur;Tutti nascono originali ma molti muoiono come fotocopie;Beato Carlo Acutis;Scritti Personali;Beatus Carolus Acutis;Joven italiano beatificado conocido como el ciberapóstol de la Eucaristía y patrono de internet. Utilizó sus conocimientos informáticos para evangelizar creando una exposición virtual de milagros eucarísticos. Ejemplo de santidad juvenil en la era digital vivió una profunda devoción eucarística y mariana. Su lema era Todos nacen como originales pero muchos mueren como fotocopias.;Iuvenis Italicus beatificatus ut ciberapostolus Eucharistiae et patronus interretis cognitus. Cognitionem informaticam ad evangelizandum adhibuit expositionem virtualem miraculorum eucharisticorum creans. Exemplum sanctitatis iuvenilis in aetate digitali devotionem eucharisticam et marianam profundam vixit. Lemma eius erat Omnes ut originales nascuntur sed multi ut photocopiae moriuntur.;it;Italiano;Lingua Italica;Italia;Italia;Edad Contemporánea;Aetas Contemporanea;https://i.ibb.co/Xxv42TMM/carloacutis.png;0
522;La Eucaristía es mi autopista al cielo;Eucharistia est via mea celeris ad caelum;L'Eucaristia è la mia autostrada per il cielo;Beato Carlo Acutis;Scritti Personali;Beatus Carolus Acutis;Joven italiano beatificado conocido como el ciberapóstol de la Eucaristía y patrono de internet. Utilizó sus conocimientos informáticos para evangelizar creando una exposición virtual de milagros eucarísticos. Ejemplo de santidad juvenil en la era digital vivió una profunda devoción eucarística y mariana. Su lema era Todos nacen como originales pero muchos mueren como fotocopias.;Iuvenis Italicus beatificatus ut ciberapostolus Eucharistiae et patronus interretis cognitus. Cognitionem informaticam ad evangelizandum adhibuit expositionem virtualem miraculorum eucharisticorum creans. Exemplum sanctitatis iuvenilis in aetate digitali devotionem eucharisticam et marianam profundam vixit. Lemma eius erat Omnes ut originales nascuntur sed multi ut photocopiae moriuntur.;it;Italiano;Lingua Italica;Italia;Italia;Edad Contemporánea;Aetas Contemporanea;https://i.ibb.co/Xxv42TMM/carloacutis.png;0
523;No yo sino Dios;Non ego sed Deus;Non io ma Dio;Beato Carlo Acutis;Scritti Personali;Beatus Carolus Acutis;Joven italiano beatificado conocido como el ciberapóstol de la Eucaristía y patrono de internet. Utilizó sus conocimientos informáticos para evangelizar creando una exposición virtual de milagros eucarísticos. Ejemplo de santidad juvenil en la era digital vivió una profunda devoción eucarística y mariana. Su lema era Todos nacen como originales pero muchos mueren como fotocopias.;Iuvenis Italicus beatificatus ut ciberapostolus Eucharistiae et patronus interretis cognitus. Cognitionem informaticam ad evangelizandum adhibuit expositionem virtualem miraculorum eucharisticorum creans. Exemplum sanctitatis iuvenilis in aetate digitali devotionem eucharisticam et marianam profundam vixit. Lemma eius erat Omnes ut originales nascuntur sed multi ut photocopiae moriuntur.;it;Italiano;Lingua Italica;Italia;Italia;Edad Contemporánea;Aetas Contemporanea;https://i.ibb.co/Xxv42TMM/carloacutis.png;0
524;La tristeza es dirigir la mirada hacia uno mismo, la felicidad es dirigir la mirada hacia Dios;Tristitia est oculos ad se convertere felicitas est oculos ad Deum convertere;La tristezza è rivolgere lo sguardo verso se stessi la felicità è rivolgere lo sguardo verso Dio;Beato Carlo Acutis;Scritti Personali;Beatus Carolus Acutis;Joven italiano beatificado conocido como el ciberapóstol de la Eucaristía y patrono de internet. Utilizó sus conocimientos informáticos para evangelizar creando una exposición virtual de milagros eucarísticos. Ejemplo de santidad juvenil en la era digital vivió una profunda devoción eucarística y mariana. Su lema era Todos nacen como originales pero muchos mueren como fotocopias.;Iuvenis Italicus beatificatus ut ciberapostolus Eucharistiae et patronus interretis cognitus. Cognitionem informaticam ad evangelizandum adhibuit expositionem virtualem miraculorum eucharisticorum creans. Exemplum sanctitatis iuvenilis in aetate digitali devotionem eucharisticam et marianam profundam vixit. Lemma eius erat Omnes ut originales nascuntur sed multi ut photocopiae moriuntur.;it;Italiano;Lingua Italica;Italia;Italia;Edad Contemporánea;Aetas Contemporanea;https://i.ibb.co/Xxv42TMM/carloacutis.png;0
525;Estar siempre unido a Jesús, ese es mi programa de vida;Semper cum Iesu coniunctum esse hoc est meum vitae programma;Stare sempre unito a Gesù questo è il mio programma di vita;Beato Carlo Acutis;Scritti Personali;Beatus Carolus Acutis;Joven italiano beatificado conocido como el ciberapóstol de la Eucaristía y patrono de internet. Utilizó sus conocimientos informáticos para evangelizar creando una exposición virtual de milagros eucarísticos. Ejemplo de santidad juvenil en la era digital vivió una profunda devoción eucarística y mariana. Su lema era Todos nacen como originales pero muchos mueren como fotocopias.;Iuvenis Italicus beatificatus ut ciberapostolus Eucharistiae et patronus interretis cognitus. Cognitionem informaticam ad evangelizandum adhibuit expositionem virtualem miraculorum eucharisticorum creans. Exemplum sanctitatis iuvenilis in aetate digitali devotionem eucharisticam et marianam profundam vixit. Lemma eius erat Omnes ut originales nascuntur sed multi ut photocopiae moriuntur.;it;Italiano;Lingua Italica;Italia;Italia;Edad Contemporánea;Aetas Contemporanea;https://i.ibb.co/Xxv42TMM/carloacutis.png;0
526;La Virgen María es la única mujer de mi vida;Virgo Maria est unica mulier vitae meae;La Vergine Maria è l'unica donna della mia vita;Beato Carlo Acutis;Scritti Personali;Beatus Carolus Acutis;Joven italiano beatificado conocido como el ciberapóstol de la Eucaristía y patrono de internet. Utilizó sus conocimientos informáticos para evangelizar creando una exposición virtual de milagros eucarísticos. Ejemplo de santidad juvenil en la era digital vivió una profunda devoción eucarística y mariana. Su lema era Todos nacen como originales pero muchos mueren como fotocopias.;Iuvenis Italicus beatificatus ut ciberapostolus Eucharistiae et patronus interretis cognitus. Cognitionem informaticam ad evangelizandum adhibuit expositionem virtualem miraculorum eucharisticorum creans. Exemplum sanctitatis iuvenilis in aetate digitali devotionem eucharisticam et marianam profundam vixit. Lemma eius erat Omnes ut originales nascuntur sed multi ut photocopiae moriuntur.;it;Italiano;Lingua Italica;Italia;Italia;Edad Contemporánea;Aetas Contemporanea;https://i.ibb.co/Xxv42TMM/carloacutis.png;0
527;Internet puede ser usado para acercar a las personas a Dios;Interrete adhiberi potest ad personas Deo propinquiores faciendas;Internet può essere usato per avvicinare le persone a Dio;Beato Carlo Acutis;Scritti Personali;Beatus Carolus Acutis;Joven italiano beatificado conocido como el ciberapóstol de la Eucaristía y patrono de internet. Utilizó sus conocimientos informáticos para evangelizar creando una exposición virtual de milagros eucarísticos. Ejemplo de santidad juvenil en la era digital vivió una profunda devoción eucarística y mariana. Su lema era Todos nacen como originales pero muchos mueren como fotocopias.;Iuvenis Italicus beatificatus ut ciberapostolus Eucharistiae et patronus interretis cognitus. Cognitionem informaticam ad evangelizandum adhibuit expositionem virtualem miraculorum eucharisticorum creans. Exemplum sanctitatis iuvenilis in aetate digitali devotionem eucharisticam et marianam profundam vixit. Lemma eius erat Omnes ut originales nascuntur sed multi ut photocopiae moriuntur.;it;Italiano;Lingua Italica;Italia;Italia;Edad Contemporánea;Aetas Contemporanea;https://i.ibb.co/Xxv42TMM/carloacutis.png;0
528;Para ser siempre original debemos tener nuestros ojos fijos en Jesús;Ut semper originales simus oculos in Iesum fixos habere debemus;Per essere sempre originali dobbiamo tenere i nostri occhi fissi su Gesù;Beato Carlo Acutis;Scritti Personali;Beatus Carolus Acutis;Joven italiano beatificado conocido como el ciberapóstol de la Eucaristía y patrono de internet. Utilizó sus conocimientos informáticos para evangelizar creando una exposición virtual de milagros eucarísticos. Ejemplo de santidad juvenil en la era digital vivió una profunda devoción eucarística y mariana. Su lema era Todos nacen como originales pero muchos mueren como fotocopias.;Iuvenis Italicus beatificatus ut ciberapostolus Eucharistiae et patronus interretis cognitus. Cognitionem informaticam ad evangelizandum adhibuit expositionem virtualem miraculorum eucharisticorum creans. Exemplum sanctitatis iuvenilis in aetate digitali devotionem eucharisticam et marianam profundam vixit. Lemma eius erat Omnes ut originales nascuntur sed multi ut photocopiae moriuntur.;it;Italiano;Lingua Italica;Italia;Italia;Edad Contemporánea;Aetas Contemporanea;https://i.ibb.co/Xxv42TMM/carloacutis.png;0
529;El juego es el trabajo del niño, su oficio, su vida;Ludus est labor pueri, officium eius, vita eius;Das Spiel ist die Arbeit des Kindes, sein Beruf, sein Leben;Friedrich Froebel;Die Menschenerziehung;Fridericus Froebel;Pedagogo alemán fundador del primer kindergarten jardín de infancia del mundo en 1840. Desarrolló una pedagogía centrada en el juego la actividad espontánea y la creatividad infantil. Creó los dones de Froebel materiales didácticos para el desarrollo sensorial y cognitivo. Discípulo de Pestalozzi revolucionó la educación infantil.;Paedagogus Germanicus fundator primi kindergarten horti infantium mundi anno 1840. Paedagogiam in ludo activitate spontanea et creativitate infantili fundatam elaboravit. Dona Froebelii materias didacticas pro progressu sensoriali et cognitivo creavit. Discipulus Pestalozzi educationem infantilem revolutionavit.;de;Alemán;Lingua Germanica;Alemania;Germania;Edad Moderna;Nova Aetas;https://i.ibb.co/0jwMS3vT/froebel.png;0
530;Educar a un niño es esencialmente enseñarle a desenvolverse sin nosotros;Educare puerum est essentialiter docere eum se explicare sine nobis;Ein Kind zu erziehen bedeutet im Wesentlichen, ihm beizubringen, sich ohne uns zu entwickeln;Friedrich Froebel;Die Menschenerziehung;Fridericus Froebel;Pedagogo alemán fundador del primer kindergarten jardín de infancia del mundo en 1840. Desarrolló una pedagogía centrada en el juego la actividad espontánea y la creatividad infantil. Creó los dones de Froebel materiales didácticos para el desarrollo sensorial y cognitivo. Discípulo de Pestalozzi revolucionó la educación infantil.;Paedagogus Germanicus fundator primi kindergarten horti infantium mundi anno 1840. Paedagogiam in ludo activitate spontanea et creativitate infantili fundatam elaboravit. Dona Froebelii materias didacticas pro progressu sensoriali et cognitivo creavit. Discipulus Pestalozzi educationem infantilem revolutionavit.;de;Alemán;Lingua Germanica;Alemania;Germania;Edad Moderna;Nova Aetas;https://i.ibb.co/0jwMS3vT/froebel.png;0
531;Ven, vive con nosotros, los niños te mostrarán el camino;Veni, vive nobiscum, pueri viam tibi monstrabunt;Komm, lebe mit uns! Die Kinder werden dir den Weg zeigen;Friedrich Froebel;Die Menschenerziehung;Fridericus Froebel;Pedagogo alemán fundador del primer kindergarten jardín de infancia del mundo en 1840. Desarrolló una pedagogía centrada en el juego la actividad espontánea y la creatividad infantil. Creó los dones de Froebel materiales didácticos para el desarrollo sensorial y cognitivo. Discípulo de Pestalozzi revolucionó la educación infantil.;Paedagogus Germanicus fundator primi kindergarten horti infantium mundi anno 1840. Paedagogiam in ludo activitate spontanea et creativitate infantili fundatam elaboravit. Dona Froebelii materias didacticas pro progressu sensoriali et cognitivo creavit. Discipulus Pestalozzi educationem infantilem revolutionavit.;de;Alemán;Lingua Germanica;Alemania;Germania;Edad Moderna;Nova Aetas;https://i.ibb.co/0jwMS3vT/froebel.png;0
532;El niño no es una botella que hay que llenar sino un fuego que es preciso encender;Puer non est ampulla quae implenda est sed ignis qui accendendus est;Das Kind ist keine Flasche, die gefüllt werden muss, sondern ein Feuer, das entzündet werden muss;Friedrich Froebel;Die Menschenerziehung;Fridericus Froebel;Pedagogo alemán fundador del primer kindergarten jardín de infancia del mundo en 1840. Desarrolló una pedagogía centrada en el juego la actividad espontánea y la creatividad infantil. Creó los dones de Froebel materiales didácticos para el desarrollo sensorial y cognitivo. Discípulo de Pestalozzi revolucionó la educación infantil.;Paedagogus Germanicus fundator primi kindergarten horti infantium mundi anno 1840. Paedagogiam in ludo activitate spontanea et creativitate infantili fundatam elaboravit. Dona Froebelii materias didacticas pro progressu sensoriali et cognitivo creavit. Discipulus Pestalozzi educationem infantilem revolutionavit.;de;Alemán;Lingua Germanica;Alemania;Germania;Edad Moderna;Nova Aetas;https://i.ibb.co/0jwMS3vT/froebel.png;0
533;La educación debe guiar al hombre a conocerse a sí mismo y a vivir en paz con la naturaleza;Educatio hominem ducere debet ut se cognoscat et in pace cum natura vivat;Bildung soll den Menschen dazu führen, sich selbst zu erkennen und in Frieden mit der Natur zu leben;Friedrich Froebel;Die Menschenerziehung;Fridericus Froebel;Pedagogo alemán fundador del primer kindergarten jardín de infancia del mundo en 1840. Desarrolló una pedagogía centrada en el juego la actividad espontánea y la creatividad infantil. Creó los dones de Froebel materiales didácticos para el desarrollo sensorial y cognitivo. Discípulo de Pestalozzi revolucionó la educación infantil.;Paedagogus Germanicus fundator primi kindergarten horti infantium mundi anno 1840. Paedagogiam in ludo activitate spontanea et creativitate infantili fundatam elaboravit. Dona Froebelii materias didacticas pro progressu sensoriali et cognitivo creavit. Discipulus Pestalozzi educationem infantilem revolutionavit.;de;Alemán;Lingua Germanica;Alemania;Germania;Edad Moderna;Nova Aetas;https://i.ibb.co/0jwMS3vT/froebel.png;0
534;Los niños son como flores y deben ser tratados con paciencia y comprensión;Pueri sunt ut flores et cum patientia et comprehensione tractandi sunt;Kinder sind wie Blumen und müssen mit Geduld und Verständnis behandelt werden;Friedrich Froebel;Die Menschenerziehung;Fridericus Froebel;Pedagogo alemán fundador del primer kindergarten jardín de infancia del mundo en 1840. Desarrolló una pedagogía centrada en el juego la actividad espontánea y la creatividad infantil. Creó los dones de Froebel materiales didácticos para el desarrollo sensorial y cognitivo. Discípulo de Pestalozzi revolucionó la educación infantil.;Paedagogus Germanicus fundator primi kindergarten horti infantium mundi anno 1840. Paedagogiam in ludo activitate spontanea et creativitate infantili fundatam elaboravit. Dona Froebelii materias didacticas pro progressu sensoriali et cognitivo creavit. Discipulus Pestalozzi educationem infantilem revolutionavit.;de;Alemán;Lingua Germanica;Alemania;Germania;Edad Moderna;Nova Aetas;https://i.ibb.co/0jwMS3vT/froebel.png;0
535;La educación es el arte de ayudar a cada individuo a manifestar lo mejor de sí mismo;Educatio est ars adiuvandi singulum individuum ut optimum sui ipsius manifestet;Erziehung ist die Kunst, jedem Individuum zu helfen, das Beste aus sich selbst zu manifestieren;Rudolf Steiner;Die Erziehung des Kindes;Rudolphus Steiner;Filósofo educador y esoterista austriaco fundador de la Antroposofía y la pedagogía Waldorf. Creó en 1919 la primera escuela Waldorf en Stuttgart basada en una educación artística y espiritual del ser humano completo cuerpo alma y espíritu. Desarrolló la teoría de los septenios tres etapas de siete años en el desarrollo infantil. Revolucionó la educación enfatizando el arte la imaginación y el desarrollo integral.;Philosophus educator et esotericus Austriacus fundator Anthroposophiae et paedagogiae Waldorf. Anno 1919 primam scholam Waldorf Stuttgartiae creavit in educatione artistica et spirituali hominis completi corporis animae et spiritus fundatam. Theoriam septenniorum trium stadiorum septem annorum in progressu infantili elaboravit. Educationem revolutionavit artem imaginationem et progressum integralem emphasizans.;de;Alemán;Lingua Germanica;Austria;Austria;Edad Contemporánea;Aetas Contemporanea;https://i.ibb.co/S7Bw3Wgz/steiner.png;0
536;Nuestro más alto esfuerzo debe ser desarrollar seres humanos libres que sean capaces por sí mismos de impartir propósito y dirección a sus vidas;Summus conatus noster esse debet homines liberos evolvere qui per se ipsos vitae suae finem et directionem dare possint;Unser höchstes Bestreben muss sein, freie Menschen zu entwickeln, die fähig sind, aus sich selbst heraus ihrem Leben Zweck und Richtung zu geben;Rudolf Steiner;Die Erziehung des Kindes;Rudolphus Steiner;Filósofo educador y esoterista austriaco fundador de la Antroposofía y la pedagogía Waldorf. Creó en 1919 la primera escuela Waldorf en Stuttgart basada en una educación artística y espiritual del ser humano completo cuerpo alma y espíritu. Desarrolló la teoría de los septenios tres etapas de siete años en el desarrollo infantil. Revolucionó la educación enfatizando el arte la imaginación y el desarrollo integral.;Philosophus educator et esotericus Austriacus fundator Anthroposophiae et paedagogiae Waldorf. Anno 1919 primam scholam Waldorf Stuttgartiae creavit in educatione artistica et spirituali hominis completi corporis animae et spiritus fundatam. Theoriam septenniorum trium stadiorum septem annorum in progressu infantili elaboravit. Educationem revolutionavit artem imaginationem et progressum integralem emphasizans.;de;Alemán;Lingua Germanica;Austria;Austria;Edad Contemporánea;Aetas Contemporanea;https://i.ibb.co/S7Bw3Wgz/steiner.png;0
537;Recibe al niño con reverencia, edúcalo con amor, envíalo con libertad;Puerum cum reverentia recipe, cum amore educa, dimitte cum libertate;Empfange das Kind mit Ehrfurcht, erziehe es mit Liebe, entlasse es in Freiheit;Rudolf Steiner;Die Erziehung des Kindes;Rudolphus Steiner;Filósofo educador y esoterista austriaco fundador de la Antroposofía y la pedagogía Waldorf. Creó en 1919 la primera escuela Waldorf en Stuttgart basada en una educación artística y espiritual del ser humano completo cuerpo alma y espíritu. Desarrolló la teoría de los septenios tres etapas de siete años en el desarrollo infantil. Revolucionó la educación enfatizando el arte la imaginación y el desarrollo integral.;Philosophus educator et esotericus Austriacus fundator Anthroposophiae et paedagogiae Waldorf. Anno 1919 primam scholam Waldorf Stuttgartiae creavit in educatione artistica et spirituali hominis completi corporis animae et spiritus fundatam. Theoriam septenniorum trium stadiorum septem annorum in progressu infantili elaboravit. Educationem revolutionavit artem imaginationem et progressum integralem emphasizans.;de;Alemán;Lingua Germanica;Austria;Austria;Edad Contemporánea;Aetas Contemporanea;https://i.ibb.co/S7Bw3Wgz/steiner.png;0
538;El corazón del método Waldorf es que la educación es un arte, debe hablar de la experiencia del niño;Cor methodi Waldorf est educationem artem esse debet, de experientia pueri loqui;Das Herz der Waldorf Methode ist, dass Bildung eine Kunst ist, sie muss von der Erfahrung des Kindes sprechen;Rudolf Steiner;Die Erziehung des Kindes;Rudolphus Steiner;Filósofo educador y esoterista austriaco fundador de la Antroposofía y la pedagogía Waldorf. Creó en 1919 la primera escuela Waldorf en Stuttgart basada en una educación artística y espiritual del ser humano completo cuerpo alma y espíritu. Desarrolló la teoría de los septenios tres etapas de siete años en el desarrollo infantil. Revolucionó la educación enfatizando el arte la imaginación y el desarrollo integral.;Philosophus educator et esotericus Austriacus fundator Anthroposophiae et paedagogiae Waldorf. Anno 1919 primam scholam Waldorf Stuttgartiae creavit in educatione artistica et spirituali hominis completi corporis animae et spiritus fundatam. Theoriam septenniorum trium stadiorum septem annorum in progressu infantili elaboravit. Educationem revolutionavit artem imaginationem et progressum integralem emphasizans.;de;Alemán;Lingua Germanica;Austria;Austria;Edad Contemporánea;Aetas Contemporanea;https://i.ibb.co/S7Bw3Wgz/steiner.png;0
539;La pedagogía no es una ciencia sino un arte;Paedagogia non est scientia sed ars;Paedagogik ist keine Wissenschaft, sondern eine Kunst;Rudolf Steiner;Die Erziehung des Kindes;Rudolphus Steiner;Filósofo educador y esoterista austriaco fundador de la Antroposofía y la pedagogía Waldorf. Creó en 1919 la primera escuela Waldorf en Stuttgart basada en una educación artística y espiritual del ser humano completo cuerpo alma y espíritu. Desarrolló la teoría de los septenios tres etapas de siete años en el desarrollo infantil. Revolucionó la educación enfatizando el arte la imaginación y el desarrollo integral.;Philosophus educator et esotericus Austriacus fundator Anthroposophiae et paedagogiae Waldorf. Anno 1919 primam scholam Waldorf Stuttgartiae creavit in educatione artistica et spirituali hominis completi corporis animae et spiritus fundatam. Theoriam septenniorum trium stadiorum septem annorum in progressu infantili elaboravit. Educationem revolutionavit artem imaginationem et progressum integralem emphasizans.;de;Alemán;Lingua Germanica;Austria;Austria;Edad Contemporánea;Aetas Contemporanea;https://i.ibb.co/S7Bw3Wgz/steiner.png;0
540;Hasta el más sabio puede aprender de los niños;Etiam sapientissimus a pueris discere potest;Auch der Weiseste kann von Kindern lernen;Rudolf Steiner;Die Erziehung des Kindes;Rudolphus Steiner;Filósofo educador y esoterista austriaco fundador de la Antroposofía y la pedagogía Waldorf. Creó en 1919 la primera escuela Waldorf en Stuttgart basada en una educación artística y espiritual del ser humano completo cuerpo alma y espíritu. Desarrolló la teoría de los septenios tres etapas de siete años en el desarrollo infantil. Revolucionó la educación enfatizando el arte la imaginación y el desarrollo integral.;Philosophus educator et esotericus Austriacus fundator Anthroposophiae et paedagogiae Waldorf. Anno 1919 primam scholam Waldorf Stuttgartiae creavit in educatione artistica et spirituali hominis completi corporis animae et spiritus fundatam. Theoriam septenniorum trium stadiorum septem annorum in progressu infantili elaboravit. Educationem revolutionavit artem imaginationem et progressum integralem emphasizans.;de;Alemán;Lingua Germanica;Austria;Austria;Edad Contemporánea;Aetas Contemporanea;https://i.ibb.co/S7Bw3Wgz/steiner.png;0
541;Si quieres que tus hijos sean inteligentes, léeles cuentos de hadas. Si quieres que sean más inteligentes, léeles más cuentos de hadas;Si vis filios tuos intelligentes esse, legis eis fabulas miraculosas. Si vis eos magis intelligentes esse, legis eis plures fabulas miraculosas;Wenn du willst, dass deine Kinder intelligent sind, lies ihnen Märchen vor. Wenn du willst, dass sie noch intelligenter sind, lies ihnen mehr Märchen vor;Rudolf Steiner;Die Erziehung des Kindes;Rudolphus Steiner;Filósofo educador y esoterista austriaco fundador de la Antroposofía y la pedagogía Waldorf. Creó en 1919 la primera escuela Waldorf en Stuttgart basada en una educación artística y espiritual del ser humano completo cuerpo alma y espíritu. Desarrolló la teoría de los septenios tres etapas de siete años en el desarrollo infantil. Revolucionó la educación enfatizando el arte la imaginación y el desarrollo integral.;Philosophus educator et esotericus Austriacus fundator Anthroposophiae et paedagogiae Waldorf. Anno 1919 primam scholam Waldorf Stuttgartiae creavit in educatione artistica et spirituali hominis completi corporis animae et spiritus fundatam. Theoriam septenniorum trium stadiorum septem annorum in progressu infantili elaboravit. Educationem revolutionavit artem imaginationem et progressum integralem emphasizans.;de;Alemán;Lingua Germanica;Austria;Austria;Edad Contemporánea;Aetas Contemporanea;https://i.ibb.co/S7Bw3Wgz/steiner.png;0
542;La educación debería cultivar la individualidad creativa de cada niño;Educatio individualitatem creativam uniuscuiusque pueri colere deberet;Bildung sollte die kreative Individualität jedes Kindes kultivieren;Rudolf Steiner;Die Erziehung des Kindes;Rudolphus Steiner;Filósofo educador y esoterista austriaco fundador de la Antroposofía y la pedagogía Waldorf. Creó en 1919 la primera escuela Waldorf en Stuttgart basada en una educación artística y espiritual del ser humano completo cuerpo alma y espíritu. Desarrolló la teoría de los septenios tres etapas de siete años en el desarrollo infantil. Revolucionó la educación enfatizando el arte la imaginación y el desarrollo integral.;Philosophus educator et esotericus Austriacus fundator Anthroposophiae et paedagogiae Waldorf. Anno 1919 primam scholam Waldorf Stuttgartiae creavit in educatione artistica et spirituali hominis completi corporis animae et spiritus fundatam. Theoriam septenniorum trium stadiorum septem annorum in progressu infantili elaboravit. Educationem revolutionavit artem imaginationem et progressum integralem emphasizans.;de;Alemán;Lingua Germanica;Austria;Austria;Edad Contemporánea;Aetas Contemporanea;https://i.ibb.co/S7Bw3Wgz/steiner.png;0
543;Enseñar siempre en el patio y en la calle como en la sala de clase. Enseñar con la actitud, el gesto y la palabra;Semper docere in atrio et in via sicut in aula scholae. Docere cum habitu, gestu et verbo;Enseñar siempre en el patio y en la calle como en la sala de clase. Enseñar con la actitud, el gesto y la palabra;Gabriela Mistral;Cartas pedagógicas y ensayos sobre educación, 1951;Gabriela Mistral;Poetisa pedagoga diplomática y activista chilena. Primera mujer hispanoamericana en recibir el Premio Nobel de Literatura en 1945. Maestra rural devota dedicó su vida a la educación de los niños pobres. Su obra pedagógica enfatiza el amor maternal en la enseñanza y la responsabilidad social del maestro. Autora de la célebre Oración de la Maestra y numerosos pensamientos pedagógicos de extraordinaria belleza lírica.;Poetisa paedagoga diplomatica et activista Chilensis. Prima mulier Hispane Americana Praemium Nobel Litterarum anno 1945 recepit. Magistra ruralis devota vitam suam educationi puerorum pauperum dedicavit. Opus paedagogicum eius amorem maternum in docendo et responsabilitatem socialem magistri emphasizat. Auctor celebris Orationis Magistrae et numerosorum cogitationum paedagogicarum extraordinariae pulchritudinis lyricae.;es;Español;Lingua Hispanica;Chile;Chili;Edad Contemporánea;Aetas Contemporanea;https://i.ibb.co/XTz1rHj/gabrielamistral.png;0
544;Para corregir no hay que temer. El peor maestro es el maestro con miedo;Ad corrigendum non oportet timere. Pessimus magister est magister cum timore;Para corregir no hay que temer. El peor maestro es el maestro con miedo;Gabriela Mistral;Tizas y pizarra: Reflexiones sobre educación, 1924;Gabriela Mistral;Poetisa pedagoga diplomática y activista chilena. Primera mujer hispanoamericana en recibir el Premio Nobel de Literatura en 1945. Maestra rural devota dedicó su vida a la educación de los niños pobres. Su obra pedagógica enfatiza el amor maternal en la enseñanza y la responsabilidad social del maestro. Autora de la célebre Oración de la Maestra y numerosos pensamientos pedagógicos de extraordinaria belleza lírica.;Poetisa paedagoga diplomatica et activista Chilensis. Prima mulier Hispane Americana Praemium Nobel Litterarum anno 1945 recepit. Magistra ruralis devota vitam suam educationi puerorum pauperum dedicavit. Opus paedagogicum eius amorem maternum in docendo et responsabilitatem socialem magistri emphasizat. Auctor celebris Orationis Magistrae et numerosorum cogitationum paedagogicarum extraordinariae pulchritudinis lyricae.;es;Español;Lingua Hispanica;Chile;Chili;Edad Contemporánea;Aetas Contemporanea;https://i.ibb.co/XTz1rHj/gabrielamistral.png;0
545;La enseñanza de los niños es tal vez la forma más alta de buscar a Dios;Doctrina puerorum fortasse forma altissima est quaerendi Deum;La enseñanza de los niños es tal vez la forma más alta de buscar a Dios;Gabriela Mistral;Cartas pedagógicas, 1938;Gabriela Mistral;Poetisa pedagoga diplomática y activista chilena. Primera mujer hispanoamericana en recibir el Premio Nobel de Literatura en 1945. Maestra rural devota dedicó su vida a la educación de los niños pobres. Su obra pedagógica enfatiza el amor maternal en la enseñanza y la responsabilidad social del maestro. Autora de la célebre Oración de la Maestra y numerosos pensamientos pedagógicos de extraordinaria belleza lírica.;Poetisa paedagoga diplomatica et activista Chilensis. Prima mulier Hispane Americana Praemium Nobel Litterarum anno 1945 recepit. Magistra ruralis devota vitam suam educationi puerorum pauperum dedicavit. Opus paedagogicum eius amorem maternum in docendo et responsabilitatem socialem magistri emphasizat. Auctor celebris Orationis Magistrae et numerosorum cogitationum paedagogicarum extraordinariae pulchritudinis lyricae.;es;Español;Lingua Hispanica;Chile;Chili;Edad Contemporánea;Aetas Contemporanea;https://i.ibb.co/XTz1rHj/gabrielamistral.png;0
546;"El futuro de los niños es siempre hoy; mañana será tarde";"Futurum puerorum semper hodie est; cras erit sero";"El futuro de los niños es siempre hoy; mañana será tarde";Gabriela Mistral;Lecturas educativas y reflexiones sobre infancia, 1926;Gabriela Mistral;Poetisa pedagoga diplomática y activista chilena. Primera mujer hispanoamericana en recibir el Premio Nobel de Literatura en 1945. Maestra rural devota dedicó su vida a la educación de los niños pobres. Su obra pedagógica enfatiza el amor maternal en la enseñanza y la responsabilidad social del maestro. Autora de la célebre Oración de la Maestra y numerosos pensamientos pedagógicos de extraordinaria belleza lírica.;Poetisa paedagoga diplomatica et activista Chilensis. Prima mulier Hispane Americana Praemium Nobel Litterarum anno 1945 recepit. Magistra ruralis devota vitam suam educationi puerorum pauperum dedicavit. Opus paedagogicum eius amorem maternum in docendo et responsabilitatem socialem magistri emphasizat. Auctor celebris Orationis Magistrae et numerosorum cogitationum paedagogicarum extraordinariae pulchritudinis lyricae.;es;Español;Lingua Hispanica;Chile;Chili;Edad Contemporánea;Aetas Contemporanea;https://i.ibb.co/XTz1rHj/gabrielamistral.png;0
547;Donde hay un niño hay una misión;Ubi puer est ibi missio est;Donde hay un niño hay una misión;Gabriela Mistral;Cartas y conferencias pedagógicas, 1940;Gabriela Mistral;Poetisa pedagoga diplomática y activista chilena. Primera mujer hispanoamericana en recibir el Premio Nobel de Literatura en 1945. Maestra rural devota dedicó su vida a la educación de los niños pobres. Su obra pedagógica enfatiza el amor maternal en la enseñanza y la responsabilidad social del maestro. Autora de la célebre Oración de la Maestra y numerosos pensamientos pedagógicos de extraordinaria belleza lírica.;Poetisa paedagoga diplomatica et activista Chilensis. Prima mulier Hispane Americana Praemium Nobel Litterarum anno 1945 recepit. Magistra ruralis devota vitam suam educationi puerorum pauperum dedicavit. Opus paedagogicum eius amorem maternum in docendo et responsabilitatem socialem magistri emphasizat. Auctor celebris Orationis Magistrae et numerosorum cogitationum paedagogicarum extraordinariae pulchritudinis lyricae.;es;Español;Lingua Hispanica;Chile;Chili;Edad Contemporánea;Aetas Contemporanea;https://i.ibb.co/XTz1rHj/gabrielamistral.png;0
548;Dame el amor único de mi escuela;Da mihi amorem unicum scholae meae;Dame el amor único de mi escuela;Gabriela Mistral;Textos sobre enseñanza y vida escolar, 1925;Gabriela Mistral;Poetisa pedagoga diplomática y activista chilena. Primera mujer hispanoamericana en recibir el Premio Nobel de Literatura en 1945. Maestra rural devota dedicó su vida a la educación de los niños pobres. Su obra pedagógica enfatiza el amor maternal en la enseñanza y la responsabilidad social del maestro. Autora de la célebre Oración de la Maestra y numerosos pensamientos pedagógicos de extraordinaria belleza lírica.;Poetisa paedagoga diplomatica et activista Chilensis. Prima mulier Hispane Americana Praemium Nobel Litterarum anno 1945 recepit. Magistra ruralis devota vitam suam educationi puerorum pauperum dedicavit. Opus paedagogicum eius amorem maternum in docendo et responsabilitatem socialem magistri emphasizat. Auctor celebris Orationis Magistrae et numerosorum cogitationum paedagogicarum extraordinariae pulchritudinis lyricae.;es;Español;Lingua Hispanica;Chile;Chili;Edad Contemporánea;Aetas Contemporanea;https://i.ibb.co/XTz1rHj/gabrielamistral.png;0
549;El maestro que trata de enseñar sin inspirar en el alumno el deseo de aprender;Magister qui conatur docere quin desiderium discendi in discipulo inspiret;El maestro que trata de enseñar sin inspirar en el alumno el deseo de aprender;Gabriela Mistral;Tizas y pizarra, 1924;Gabriela Mistral;Poetisa pedagoga diplomática y activista chilena. Primera mujer hispanoamericana en recibir el Premio Nobel de Literatura en 1945. Maestra rural devota dedicó su vida a la educación de los niños pobres. Su obra pedagógica enfatiza el amor maternal en la enseñanza y la responsabilidad social del maestro. Autora de la célebre Oración de la Maestra y numerosos pensamientos pedagógicos de extraordinaria belleza lírica.;Poetisa paedagoga diplomatica et activista Chilensis. Prima mulier Hispane Americana Praemium Nobel Litterarum anno 1945 recepit. Magistra ruralis devota vitam suam educationi puerorum pauperum dedicavit. Opus paedagogicum eius amorem maternum in docendo et responsabilitatem socialem magistri emphasizat. Auctor celebris Orationis Magistrae et numerosorum cogitationum paedagogicarum extraordinariae pulchritudinis lyricae.;es;Español;Lingua Hispanica;Chile;Chili;Edad Contemporánea;Aetas Contemporanea;https://i.ibb.co/XTz1rHj/gabrielamistral.png;0
550;Todo para la escuela, todo para el niño;Omnia pro schola, omnia pro puero;Todo para la escuela, todo para el niño;Gabriela Mistral;Ensayos pedagógicos, 1930;Gabriela Mistral;Poetisa pedagoga diplomática y activista chilena. Primera mujer hispanoamericana en recibir el Premio Nobel de Literatura en 1945. Maestra rural devota dedicó su vida a la educación de los niños pobres. Su obra pedagógica enfatiza el amor maternal en la enseñanza y la responsabilidad social del maestro. Autora de la célebre Oración de la Maestra y numerosos pensamientos pedagógicos de extraordinaria belleza lírica.;Poetisa paedagoga diplomatica et activista Chilensis. Prima mulier Hispane Americana Praemium Nobel Litterarum anno 1945 recepit. Magistra ruralis devota vitam suam educationi puerorum pauperum dedicavit. Opus paedagogicum eius amorem maternum in docendo et responsabilitatem socialem magistri emphasizat. Auctor celebris Orationis Magistrae et numerosorum cogitationum paedagogicarum extraordinariae pulchritudinis lyricae.;es;Español;Lingua Hispanica;Chile;Chili;Edad Contemporánea;Aetas Contemporanea;https://i.ibb.co/XTz1rHj/gabrielamistral.png;0
551;El amor a las niñas enseña más caminos a la que enseña que la pedagogía;Amor ad puellas plures vias docet magistrae quam paedagogia;El amor a las niñas enseña más caminos a la que enseña que la pedagogía;Gabriela Mistral;Cartas pedagógicas y reflexiones, 1925;Gabriela Mistral;Poetisa pedagoga diplomática y activista chilena. Primera mujer hispanoamericana en recibir el Premio Nobel de Literatura en 1945. Maestra rural devota dedicó su vida a la educación de los niños pobres. Su obra pedagógica enfatiza el amor maternal en la enseñanza y la responsabilidad social del maestro. Autora de la célebre Oración de la Maestra y numerosos pensamientos pedagógicos de extraordinaria belleza lírica.;Poetisa paedagoga diplomatica et activista Chilensis. Prima mulier Hispane Americana Praemium Nobel Litterarum anno 1945 recepit. Magistra ruralis devota vitam suam educationi puerorum pauperum dedicavit. Opus paedagogicum eius amorem maternum in docendo et responsabilitatem socialem magistri emphasizat. Auctor celebris Orationis Magistrae et numerosorum cogitationum paedagogicarum extraordinariae pulchritudinis lyricae.;es;Español;Lingua Hispanica;Chile;Chili;Edad Contemporánea;Aetas Contemporanea;https://i.ibb.co/XTz1rHj/gabrielamistral.png;0
552;Dame que alcance a hacer de una de mis niñas mi verso perfecto;Da mihi ut possim ex una puellarum mearum versum meum perfectum facere;Dame que alcance a hacer de una de mis niñas mi verso perfecto;Gabriela Mistral;Cartas a colegas y diarios de enseñanza, 1925-1930;Gabriela Mistral;Poetisa pedagoga diplomática y activista chilena. Primera mujer hispanoamericana en recibir el Premio Nobel de Literatura en 1945. Maestra rural devota dedicó su vida a la educación de los niños pobres. Su obra pedagógica enfatiza el amor maternal en la enseñanza y la responsabilidad social del maestro. Autora de la célebre Oración de la Maestra y numerosos pensamientos pedagógicos de extraordinaria belleza lírica.;Poetisa paedagoga diplomatica et activista Chilensis. Prima mulier Hispane Americana Praemium Nobel Litterarum anno 1945 recepit. Magistra ruralis devota vitam suam educationi puerorum pauperum dedicavit. Opus paedagogicum eius amorem maternum in docendo et responsabilitatem socialem magistri emphasizat. Auctor celebris Orationis Magistrae et numerosorum cogitationum paedagogicarum extraordinariae pulchritudinis lyricae.;es;Español;Lingua Hispanica;Chile;Chili;Edad Contemporánea;Aetas Contemporanea;https://i.ibb.co/XTz1rHj/gabrielamistral.png;0
553;La inteligencia es la capacidad de resolver problemas o de crear productos valorados en un entorno cultural;Intelligentia est capacitas problemata solvendi aut productus creandi qui in ambitu culturali aestimantur;Intelligence is the ability to solve problems or to create products that are valued within a cultural setting;Howard Gardner;Frames of Mind: The Theory of Multiple Intelligences, 1983, p. 27;Howardus Gardner;Psicólogo y pedagogo estadounidense creador de la Teoría de las Inteligencias Múltiples publicada en 1983. Revolucionó el concepto tradicional de inteligencia proponiendo que existen al menos ocho tipos de inteligencia lingüística lógico-matemática espacial musical corporal-kinestésica interpersonal intrapersonal y naturalista. Cofundador del Proyecto Cero en Harvard transformó la comprensión del aprendizaje y la evaluación educativa.;Psychologus et paedagogus Americanus creator Theoriae Intelligentiarum Multiplicium anno 1983 publicatae. Conceptum traditionalem intelligentiae revolutionavit proponens octo saltem species intelligentiae linguisticam logico-mathematicam spatialem musicalem corporeo-kinaestheticam interpersonalem intrapersonalem et naturalisticam existere. Cofundator Projecti Zero in Harvard intellectionem apprenhesionis et aestimationis educativae transformavit.;en;Inglés;Lingua Anglica;Estados Unidos;Civitates Foederatae Americae;Edad Contemporánea;Aetas Contemporanea;https://i.ibb.co/6c49K80z/gardner.png;0
554;"Cada ser humano tiene una combinación única de inteligencias; este es el desafío educativo fundamental: estimular a cada alumno de una forma personalizada";"Unusquisque homo combinationem unicam intelligentiarum habet; hoc est provocatio educativa fundamentalis: stimulare quemque discipulum modo personali";Each human being has a unique combination of intelligences. This is the fundamental educational challenge: to stimulate each learner in a personalized way;Howard Gardner;Intelligence Reframed: Multiple Intelligences for the 21st Century, 1999, pp. 11-12;Howardus Gardner;Psicólogo y pedagogo estadounidense creador de la Teoría de las Inteligencias Múltiples publicada en 1983. Revolucionó el concepto tradicional de inteligencia proponiendo que existen al menos ocho tipos de inteligencia lingüística lógico-matemática espacial musical corporal-kinestésica interpersonal intrapersonal y naturalista. Cofundador del Proyecto Cero en Harvard transformó la comprensión del aprendizaje y la evaluación educativa.;Psychologus et paedagogus Americanus creator Theoriae Intelligentiarum Multiplicium anno 1983 publicatae. Conceptum traditionalem intelligentiae revolutionavit proponens octo saltem species intelligentiae linguisticam logico-mathematicam spatialem musicalem corporeo-kinaestheticam interpersonalem intrapersonalem et naturalisticam existere. Cofundator Projecti Zero in Harvard intellectionem apprenhesionis et aestimationis educativae transformavit.;en;Inglés;Lingua Anglica;Estados Unidos;Civitates Foederatae Americae;Edad Contemporánea;Aetas Contemporanea;https://i.ibb.co/6c49K80z/gardner.png;0
555;No puede haber una única medida de la inteligencia, ya que hay muchas formas diferentes de ser inteligente;Non potest esse unica mensura intelligentiae quia sunt multae formae diversae intelligentis esse;There cannot be a single measure of intelligence because there are many different ways of being intelligent;Howard Gardner;Frames of Mind, 1983, pp. 40-42;Howardus Gardner;Psicólogo y pedagogo estadounidense creador de la Teoría de las Inteligencias Múltiples publicada en 1983. Revolucionó el concepto tradicional de inteligencia proponiendo que existen al menos ocho tipos de inteligencia lingüística lógico-matemática espacial musical corporal-kinestésica interpersonal intrapersonal y naturalista. Cofundador del Proyecto Cero en Harvard transformó la comprensión del aprendizaje y la evaluación educativa.;Psychologus et paedagogus Americanus creator Theoriae Intelligentiarum Multiplicium anno 1983 publicatae. Conceptum traditionalem intelligentiae revolutionavit proponens octo saltem species intelligentiae linguisticam logico-mathematicam spatialem musicalem corporeo-kinaestheticam interpersonalem intrapersonalem et naturalisticam existere. Cofundator Projecti Zero in Harvard intellectionem apprenhesionis et aestimationis educativae transformavit.;en;Inglés;Lingua Anglica;Estados Unidos;Civitates Foederatae Americae;Edad Contemporánea;Aetas Contemporanea;https://i.ibb.co/6c49K80z/gardner.png;0
556;Es de suma importancia que reconozcamos y alimentemos todas las inteligencias humanas;Maximi momenti est ut omnes intelligentias humanas agnoscamus et nutriamus;It is of paramount importance that we recognize and nurture all human intelligences;Howard Gardner;Multiple Intelligences: The Theory in Practice, 1993, p. 10;Howardus Gardner;Psicólogo y pedagogo estadounidense creador de la Teoría de las Inteligencias Múltiples publicada en 1983. Revolucionó el concepto tradicional de inteligencia proponiendo que existen al menos ocho tipos de inteligencia lingüística lógico-matemática espacial musical corporal-kinestésica interpersonal intrapersonal y naturalista. Cofundador del Proyecto Cero en Harvard transformó la comprensión del aprendizaje y la evaluación educativa.;Psychologus et paedagogus Americanus creator Theoriae Intelligentiarum Multiplicium anno 1983 publicatae. Conceptum traditionalem intelligentiae revolutionavit proponens octo saltem species intelligentiae linguisticam logico-mathematicam spatialem musicalem corporeo-kinaestheticam interpersonalem intrapersonalem et naturalisticam existere. Cofundator Projecti Zero in Harvard intellectionem apprenhesionis et aestimationis educativae transformavit.;en;Inglés;Lingua Anglica;Estados Unidos;Civitates Foederatae Americae;Edad Contemporánea;Aetas Contemporanea;https://i.ibb.co/6c49K80z/gardner.png;0
557;La pregunta no es qué tan inteligente eres, sino en qué eres inteligente;Quaestio non est quam intelligens sis sed quo modo intelligens sis;The question is not how intelligent you are, but in what way are you intelligent;Howard Gardner;Intelligence Reframed, 1999, p. 15;Howardus Gardner;Psicólogo y pedagogo estadounidense creador de la Teoría de las Inteligencias Múltiples publicada en 1983. Revolucionó el concepto tradicional de inteligencia proponiendo que existen al menos ocho tipos de inteligencia lingüística lógico-matemática espacial musical corporal-kinestésica interpersonal intrapersonal y naturalista. Cofundador del Proyecto Cero en Harvard transformó la comprensión del aprendizaje y la evaluación educativa.;Psychologus et paedagogus Americanus creator Theoriae Intelligentiarum Multiplicium anno 1983 publicatae. Conceptum traditionalem intelligentiae revolutionavit proponens octo saltem species intelligentiae linguisticam logico-mathematicam spatialem musicalem corporeo-kinaestheticam interpersonalem intrapersonalem et naturalisticam existere. Cofundator Projecti Zero in Harvard intellectionem apprenhesionis et aestimationis educativae transformavit.;en;Inglés;Lingua Anglica;Estados Unidos;Civitates Foederatae Americae;Edad Contemporánea;Aetas Contemporanea;https://i.ibb.co/6c49K80z/gardner.png;0
558;Nuestras limitaciones no sólo posibilitan los primeros aprendizajes vitales, sino que también permiten ocasionales rupturas creativas;Limitationes nostrae non solum primas apprehensiones vitales possibiles faciunt sed etiam occasionales rupturas creativas permittunt;Our limitations not only make early vital learning possible but also allow for occasional creative breakthroughs;Howard Gardner;Creating Minds, 1993, p. 4;Howardus Gardner;Psicólogo y pedagogo estadounidense creador de la Teoría de las Inteligencias Múltiples publicada en 1983. Revolucionó el concepto tradicional de inteligencia proponiendo que existen al menos ocho tipos de inteligencia lingüística lógico-matemática espacial musical corporal-kinestésica interpersonal intrapersonal y naturalista. Cofundador del Proyecto Cero en Harvard transformó la comprensión del aprendizaje y la evaluación educativa.;Psychologus et paedagogus Americanus creator Theoriae Intelligentiarum Multiplicium anno 1983 publicatae. Conceptum traditionalem intelligentiae revolutionavit proponens octo saltem species intelligentiae linguisticam logico-mathematicam spatialem musicalem corporeo-kinaestheticam interpersonalem intrapersonalem et naturalisticam existere. Cofundator Projecti Zero in Harvard intellectionem apprenhesionis et aestimationis educativae transformavit.;en;Inglés;Lingua Anglica;Estados Unidos;Civitates Foederatae Americae;Edad Contemporánea;Aetas Contemporanea;https://i.ibb.co/6c49K80z/gardner.png;0
559;La creatividad es tan importante como la alfabetización y debería ser tratada de la misma manera;Creativitas tam gravis est quam litterarum cognitio et eodem modo tractari debet;Creativity is as important as literacy and we should treat it with the same status;Ken Robinson;Out of Our Minds: Learning to be Creative, 2001, p. 17;Ken Robinson;Educador escritor y conferencista británico líder mundial en desarrollo de la creatividad y la innovación educativa. Su charla TED Las escuelas matan la creatividad es la más vista de la historia. Crítico del sistema educativo industrial defendió una transformación radical que priorice la creatividad la imaginación y la diversidad de talentos. Autor de El Elemento y otros libros sobre educación y creatividad.;Educator scriptor et concionator Britannicus dux mundialis in progressu creativitatis et innovationis educativae. Allocutio eius TED Scholae creativitatem necant maxime visa in historia est. Criticus systematis educativi industrialis transformationem radicalem defendit quae creativitatem imaginationem et diversitatem talentorum prioritatem habeat. Auctor libri Elementum et aliorum de educatione et creativitate.;en;Inglés;Lingua Anglica;Reino Unido;Regnum Unitum;Edad Contemporánea;Aetas Contemporanea;https://i.ibb.co/pBt9Ty7Z/kenrobinson.png;0
560;Si no estás preparado para equivocarte, nunca llegarás a nada original;Si non paratus es errare numquam ad aliquid originale pervenies;If you're not prepared to be wrong, you'll never come up with anything original;Ken Robinson;TED Talk: Do Schools Kill Creativity?, 2006;Ken Robinson;Educador escritor y conferencista británico líder mundial en desarrollo de la creatividad y la innovación educativa. Su charla TED Las escuelas matan la creatividad es la más vista de la historia. Crítico del sistema educativo industrial defendió una transformación radical que priorice la creatividad la imaginación y la diversidad de talentos. Autor de El Elemento y otros libros sobre educación y creatividad.;Educator scriptor et concionator Britannicus dux mundialis in progressu creativitatis et innovationis educativae. Allocutio eius TED Scholae creativitatem necant maxime visa in historia est. Criticus systematis educativi industrialis transformationem radicalem defendit quae creativitatem imaginationem et diversitatem talentorum prioritatem habeat. Auctor libri Elementum et aliorum de educatione et creativitate.;en;Inglés;Lingua Anglica;Reino Unido;Regnum Unitum;Edad Contemporánea;Aetas Contemporanea;https://i.ibb.co/pBt9Ty7Z/kenrobinson.png;0
561;Las escuelas matan la creatividad;Scholae creativitatem necant;Schools kill creativity;Ken Robinson;TED Talk: Do Schools Kill Creativity?, 2006;Ken Robinson;Educador escritor y conferencista británico líder mundial en desarrollo de la creatividad y la innovación educativa. Su charla TED Las escuelas matan la creatividad es la más vista de la historia. Crítico del sistema educativo industrial defendió una transformación radical que priorice la creatividad la imaginación y la diversidad de talentos. Autor de El Elemento y otros libros sobre educación y creatividad.;Educator scriptor et concionator Britannicus dux mundialis in progressu creativitatis et innovationis educativae. Allocutio eius TED Scholae creativitatem necant maxime visa in historia est. Criticus systematis educativi industrialis transformationem radicalem defendit quae creativitatem imaginationem et diversitatem talentorum prioritatem habeat. Auctor libri Elementum et aliorum de educatione et creativitate.;en;Inglés;Lingua Anglica;Reino Unido;Regnum Unitum;Edad Contemporánea;Aetas Contemporanea;https://i.ibb.co/pBt9Ty7Z/kenrobinson.png;0
562;La imaginación es la fuente de todo logro humano;Imaginatio fons omnis operis humani est;Imagination is the source of every form of human achievement;Ken Robinson;Out of Our Minds, 2001, p. 11;Ken Robinson;Educador escritor y conferencista británico líder mundial en desarrollo de la creatividad y la innovación educativa. Su charla TED Las escuelas matan la creatividad es la más vista de la historia. Crítico del sistema educativo industrial defendió una transformación radical que priorice la creatividad la imaginación y la diversidad de talentos. Autor de El Elemento y otros libros sobre educación y creatividad.;Educator scriptor et concionator Britannicus dux mundialis in progressu creativitatis et innovationis educativae. Allocutio eius TED Scholae creativitatem necant maxime visa in historia est. Criticus systematis educativi industrialis transformationem radicalem defendit quae creativitatem imaginationem et diversitatem talentorum prioritatem habeat. Auctor libri Elementum et aliorum de educatione et creativitate.;en;Inglés;Lingua Anglica;Reino Unido;Regnum Unitum;Edad Contemporánea;Aetas Contemporanea;https://i.ibb.co/pBt9Ty7Z/kenrobinson.png;0
563;Los niños de ahora harán trabajos que aún no están inventados;Pueri nunc opera facient quae nondum inventa sunt;Children now will do jobs that haven't been invented yet;Ken Robinson;Out of Our Minds, 2001, p. 15;Ken Robinson;Educador escritor y conferencista británico líder mundial en desarrollo de la creatividad y la innovación educativa. Su charla TED Las escuelas matan la creatividad es la más vista de la historia. Crítico del sistema educativo industrial defendió una transformación radical que priorice la creatividad la imaginación y la diversidad de talentos. Autor de El Elemento y otros libros sobre educación y creatividad.;Educator scriptor et concionator Britannicus dux mundialis in progressu creativitatis et innovationis educativae. Allocutio eius TED Scholae creativitatem necant maxime visa in historia est. Criticus systematis educativi industrialis transformationem radicalem defendit quae creativitatem imaginationem et diversitatem talentorum prioritatem habeat. Auctor libri Elementum et aliorum de educatione et creativitate.;en;Inglés;Lingua Anglica;Reino Unido;Regnum Unitum;Edad Contemporánea;Aetas Contemporanea;https://i.ibb.co/pBt9Ty7Z/kenrobinson.png;0
564;La gente produce lo mejor cuando hace cosas que ama, cuando está en su elemento;Homines optimum producunt cum faciunt quae amant, cum in suo elemento sunt;People produce their best work when they're doing something they love, when they're in their element;Ken Robinson;Out of Our Minds, 2001, p. 30;Ken Robinson;Educador escritor y conferencista británico líder mundial en desarrollo de la creatividad y la innovación educativa. Su charla TED Las escuelas matan la creatividad es la más vista de la historia. Crítico del sistema educativo industrial defendió una transformación radical que priorice la creatividad la imaginación y la diversidad de talentos. Autor de El Elemento y otros libros sobre educación y creatividad.;Educator scriptor et concionator Britannicus dux mundialis in progressu creativitatis et innovationis educativae. Allocutio eius TED Scholae creativitatem necant maxime visa in historia est. Criticus systematis educativi industrialis transformationem radicalem defendit quae creativitatem imaginationem et diversitatem talentorum prioritatem habeat. Auctor libri Elementum et aliorum de educatione et creativitate.;en;Inglés;Lingua Anglica;Reino Unido;Regnum Unitum;Edad Contemporánea;Aetas Contemporanea;https://i.ibb.co/pBt9Ty7Z/kenrobinson.png;0
565;No es acerca de estandarizar la educación, es acerca de subir el estándar de la educación;Non de educatione standardizanda agitur sed de standardum educationis elevando;It's not about standardizing education, it's about raising the standard of education;Ken Robinson;TED Talk: Do Schools Kill Creativity?, 2006;Ken Robinson;Educador escritor y conferencista británico líder mundial en desarrollo de la creatividad y la innovación educativa. Su charla TED Las escuelas matan la creatividad es la más vista de la historia. Crítico del sistema educativo industrial defendió una transformación radical que priorice la creatividad la imaginación y la diversidad de talentos. Autor de El Elemento y otros libros sobre educación y creatividad.;Educator scriptor et concionator Britannicus dux mundialis in progressu creativitatis et innovationis educativae. Allocutio eius TED Scholae creativitatem necant maxime visa in historia est. Criticus systematis educativi industrialis transformationem radicalem defendit quae creativitatem imaginationem et diversitatem talentorum prioritatem habeat. Auctor libri Elementum et aliorum de educatione et creativitate.;en;Inglés;Lingua Anglica;Reino Unido;Regnum Unitum;Edad Contemporánea;Aetas Contemporanea;https://i.ibb.co/pBt9Ty7Z/kenrobinson.png;0
566;La creatividad se aprende igual que se aprende a leer;Creativitas discitur sicut discitur legere;Creativity is learned just as you learn to read;Ken Robinson;Out of Our Minds, 2001, p. 35;Ken Robinson;Educador escritor y conferencista británico líder mundial en desarrollo de la creatividad y la innovación educativa. Su charla TED Las escuelas matan la creatividad es la más vista de la historia. Crítico del sistema educativo industrial defendió una transformación radical que priorice la creatividad la imaginación y la diversidad de talentos. Autor de El Elemento y otros libros sobre educación y creatividad.;Educator scriptor et concionator Britannicus dux mundialis in progressu creativitatis et innovationis educativae. Allocutio eius TED Scholae creativitatem necant maxime visa in historia est. Criticus systematis educativi industrialis transformationem radicalem defendit quae creativitatem imaginationem et diversitatem talentorum prioritatem habeat. Auctor libri Elementum et aliorum de educatione et creativitate.;en;Inglés;Lingua Anglica;Reino Unido;Regnum Unitum;Edad Contemporánea;Aetas Contemporanea;https://i.ibb.co/pBt9Ty7Z/kenrobinson.png;0
567;La mayoría del aprendizaje humano se produce mediante la observación;Maior pars apprehensionis humanae fit per observationem;Most human learning occurs through observation;Albert Bandura;Social Learning Theory, 1977, p. 22;Albertus Bandura;Psicólogo canadiense-estadounidense creador de la Teoría del Aprendizaje Social. Demostró que los niños aprenden por observación e imitación mediante su famoso experimento del muñeco Bobo. Desarrolló el concepto de autoeficacia la creencia en las propias capacidades. Puente entre el conductismo y el cognitivismo su teoría es pilar fundamental de la psicología educativa moderna sobre el rol del maestro como modelo.;Psychologus Canadensis-Americanus creator Theoriae Apprenhesionis Socialis. Demonstravit pueros per observationem et imitationem discere mediante celebri experimento bamboli Bobo. Conceptum autoeficaciae credentiam in facultatibus propriis elaboravit. Pons inter conductismum et cognitivismum theoria eius fundamentum est psychologiae educativae modernae de munere magistri ut exemplaris.;en;Inglés;Lingua Anglica;Canadá;Canada;Edad Contemporánea;Aetas Contemporanea;https://i.ibb.co/21zkG8D5/albertbandura.png;0
568;Las personas no solo aprenden de sus propias experiencias sino también observando las acciones de otros;Homines non solum ex propriis experientiis discunt sed etiam actiones aliorum observando;People learn not only from their own experiences but also by observing the actions of others;Albert Bandura;Social Learning Theory, 1977, pp. 10-15;Albertus Bandura;Psicólogo canadiense-estadounidense creador de la Teoría del Aprendizaje Social. Demostró que los niños aprenden por observación e imitación mediante su famoso experimento del muñeco Bobo. Desarrolló el concepto de autoeficacia la creencia en las propias capacidades. Puente entre el conductismo y el cognitivismo su teoría es pilar fundamental de la psicología educativa moderna sobre el rol del maestro como modelo.;Psychologus Canadensis-Americanus creator Theoriae Apprenhesionis Socialis. Demonstravit pueros per observationem et imitationem discere mediante celebri experimento bamboli Bobo. Conceptum autoeficaciae credentiam in facultatibus propriis elaboravit. Pons inter conductismum et cognitivismum theoria eius fundamentum est psychologiae educativae modernae de munere magistri ut exemplaris.;en;Inglés;Lingua Anglica;Canadá;Canada;Edad Contemporánea;Aetas Contemporanea;https://i.ibb.co/21zkG8D5/albertbandura.png;0
569;La autoeficacia es la creencia en las propias capacidades para organizar y ejecutar las acciones requeridas;Autoefficientia est fides in capacitatibus propriis ad actiones requisitas organizandas et exequendas;Self-efficacy is the belief in one's capabilities to organize and execute the courses of action required;Albert Bandura;Self-Efficacy: The Exercise of Control, 1997, pp. 3-4;Albertus Bandura;Psicólogo canadiense-estadounidense creador de la Teoría del Aprendizaje Social. Demostró que los niños aprenden por observación e imitación mediante su famoso experimento del muñeco Bobo. Desarrolló el concepto de autoeficacia la creencia en las propias capacidades. Puente entre el conductismo y el cognitivismo su teoría es pilar fundamental de la psicología educativa moderna sobre el rol del maestro como modelo.;Psychologus Canadensis-Americanus creator Theoriae Apprenhesionis Socialis. Demonstravit pueros per observationem et imitationem discere mediante celebri experimento bamboli Bobo. Conceptum autoeficaciae credentiam in facultatibus propriis elaboravit. Pons inter conductismum et cognitivismum theoria eius fundamentum est psychologiae educativae modernae de munere magistri ut exemplaris.;en;Inglés;Lingua Anglica;Canadá;Canada;Edad Contemporánea;Aetas Contemporanea;https://i.ibb.co/21zkG8D5/albertbandura.png;0
570;El aprendizaje sería sumamente laborioso si tuviéramos que confiar solo en los efectos de nuestras propias acciones;Apprehensio summe laboriosa esset si solum in effectibus actionum nostrarum confidere deberemus;Learning would be exceedingly laborious if we had to rely solely on the effects of our own actions;Albert Bandura;Social Learning Theory, 1977, p. 21;Albertus Bandura;Psicólogo canadiense-estadounidense creador de la Teoría del Aprendizaje Social. Demostró que los niños aprenden por observación e imitación mediante su famoso experimento del muñeco Bobo. Desarrolló el concepto de autoeficacia la creencia en las propias capacidades. Puente entre el conductismo y el cognitivismo su teoría es pilar fundamental de la psicología educativa moderna sobre el rol del maestro como modelo.;Psychologus Canadensis-Americanus creator Theoriae Apprenhesionis Socialis. Demonstravit pueros per observationem et imitationem discere mediante celebri experimento bamboli Bobo. Conceptum autoeficaciae credentiam in facultatibus propriis elaboravit. Pons inter conductismum et cognitivismum theoria eius fundamentum est psychologiae educativae modernae de munere magistri ut exemplaris.;en;Inglés;Lingua Anglica;Canadá;Canada;Edad Contemporánea;Aetas Contemporanea;https://i.ibb.co/21zkG8D5/albertbandura.png;0
571;Para poder enseñar a los demás primero hay que hacer y conocer;Ut alios docere possimus primum facere et cognoscere debemus;To be able to teach others one must first do and know;Albert Bandura;Social Learning Theory, 1977, p. 22;Albertus Bandura;Psicólogo canadiense-estadounidense creador de la Teoría del Aprendizaje Social. Demostró que los niños aprenden por observación e imitación mediante su famoso experimento del muñeco Bobo. Desarrolló el concepto de autoeficacia la creencia en las propias capacidades. Puente entre el conductismo y el cognitivismo su teoría es pilar fundamental de la psicología educativa moderna sobre el rol del maestro como modelo.;Psychologus Canadensis-Americanus creator Theoriae Apprenhesionis Socialis. Demonstravit pueros per observationem et imitationem discere mediante celebri experimento bamboli Bobo. Conceptum autoeficaciae credentiam in facultatibus propriis elaboravit. Pons inter conductismum et cognitivismum theoria eius fundamentum est psychologiae educativae modernae de munere magistri ut exemplaris.;en;Inglés;Lingua Anglica;Canadá;Canada;Edad Contemporánea;Aetas Contemporanea;https://i.ibb.co/21zkG8D5/albertbandura.png;0
572;"Los modelos son más que transmisores de información; proveen contextos sociales que influyen en el comportamiento";"Exempla plus quam transmissores informationis sunt; contextos sociales praebent qui in comportamentum influunt";"Models are more than transmitters of information; they provide social contexts that influence behavior";Albert Bandura;Social Learning Theory, 1977, pp. 22-23;Albertus Bandura;Psicólogo canadiense-estadounidense creador de la Teoría del Aprendizaje Social. Demostró que los niños aprenden por observación e imitación mediante su famoso experimento del muñeco Bobo. Desarrolló el concepto de autoeficacia la creencia en las propias capacidades. Puente entre el conductismo y el cognitivismo su teoría es pilar fundamental de la psicología educativa moderna sobre el rol del maestro como modelo.;Psychologus Canadensis-Americanus creator Theoriae Apprenhesionis Socialis. Demonstravit pueros per observationem et imitationem discere mediante celebri experimento bamboli Bobo. Conceptum autoeficaciae credentiam in facultatibus propriis elaboravit. Pons inter conductismum et cognitivismum theoria eius fundamentum est psychologiae educativae modernae de munere magistri ut exemplaris.;en;Inglés;Lingua Anglica;Canadá;Canada;Edad Contemporánea;Aetas Contemporanea;https://i.ibb.co/21zkG8D5/albertbandura.png;0
573;La educación es lo que sobrevive cuando lo aprendido ha sido olvidado;Educatio est id quod superest cum quod doctum est oblitum est;Education is what survives when what has been learned has been forgotten;B.F. Skinner;The Science of Learning and the Art of Teaching, 1954;Burrhus Frederic Skinner;Psicólogo estadounidense máximo exponente del conductismo. Creador de la teoría del condicionamiento operante basada en refuerzos y castigos que revolucionó la comprensión del aprendizaje. Desarrolló la caja de Skinner para estudiar el comportamiento animal. Aunque polémico su trabajo sobre el refuerzo positivo y negativo es pilar de la psicología del aprendizaje y las técnicas de modificación de conducta en educación.;Psychologus Americanus maximus exponent conductismi. Creator theoriae conditionamenti operantis in reinfortiis et punitionibus fundatae quae intellectionem apprenhesionis revolutionavit. Capsulam Skinner ad studendum comportamentum animalium elaboravit. Quamvis controversus opus eius de reinfortio positivo et negativo fundamentum est psychologiae apprenhesionis et technicarum modificationis conductus in educatione.;en;Inglés;Lingua Anglica;Estados Unidos;Civitates Foederatae Americae;Edad Contemporánea;Aetas Contemporanea;https://i.ibb.co/QFcznP4m/skinner.png;0
574;Enseñamos con éxito cuando el estudiante aprende;Cum successu docemus cum discipulus discit;We teach successfully when the student learns;B.F. Skinner;The Technology of Teaching, 1968, p. 19;Burrhus Frederic Skinner;Psicólogo estadounidense máximo exponente del conductismo. Creador de la teoría del condicionamiento operante basada en refuerzos y castigos que revolucionó la comprensión del aprendizaje. Desarrolló la caja de Skinner para estudiar el comportamiento animal. Aunque polémico su trabajo sobre el refuerzo positivo y negativo es pilar de la psicología del aprendizaje y las técnicas de modificación de conducta en educación.;Psychologus Americanus maximus exponent conductismi. Creator theoriae conditionamenti operantis in reinfortiis et punitionibus fundatae quae intellectionem apprenhesionis revolutionavit. Capsulam Skinner ad studendum comportamentum animalium elaboravit. Quamvis controversus opus eius de reinfortio positivo et negativo fundamentum est psychologiae apprenhesionis et technicarum modificationis conductus in educatione.;en;Inglés;Lingua Anglica;Estados Unidos;Civitates Foederatae Americae;Edad Contemporánea;Aetas Contemporanea;https://i.ibb.co/QFcznP4m/skinner.png;0
575;El comportamiento es seguido por una consecuencia y la naturaleza de la consecuencia modifica la tendencia del organismo a repetir el comportamiento;Comportamentum consequentia sequitur et natura consequentiae tendentiam organismi ad comportamentum repetendum modificat;Behavior is followed by a consequence, and the nature of the consequence modifies the organism's tendency to repeat the behavior;B.F. Skinner;Science and Human Behavior, 1953, p. 56;Burrhus Frederic Skinner;Psicólogo estadounidense máximo exponente del conductismo. Creador de la teoría del condicionamiento operante basada en refuerzos y castigos que revolucionó la comprensión del aprendizaje. Desarrolló la caja de Skinner para estudiar el comportamiento animal. Aunque polémico su trabajo sobre el refuerzo positivo y negativo es pilar de la psicología del aprendizaje y las técnicas de modificación de conducta en educación.;Psychologus Americanus maximus exponent conductismi. Creator theoriae conditionamenti operantis in reinfortiis et punitionibus fundatae quae intellectionem apprenhesionis revolutionavit. Capsulam Skinner ad studendum comportamentum animalium elaboravit. Quamvis controversus opus eius de reinfortio positivo et negativo fundamentum est psychologiae apprenhesionis et technicarum modificationis conductus in educatione.;en;Inglés;Lingua Anglica;Estados Unidos;Civitates Foederatae Americae;Edad Contemporánea;Aetas Contemporanea;https://i.ibb.co/QFcznP4m/skinner.png;0
576;La forma en que se lleva a cabo el refuerzo positivo es más importante que la cantidad;Modus quo confirmatio positiva fit gravior est quam quantitas;The manner in which positive reinforcement is carried out is more important than the amount;B.F. Skinner;Science and Human Behavior, 1953, pp. 80-82;Burrhus Frederic Skinner;Psicólogo estadounidense máximo exponente del conductismo. Creador de la teoría del condicionamiento operante basada en refuerzos y castigos que revolucionó la comprensión del aprendizaje. Desarrolló la caja de Skinner para estudiar el comportamiento animal. Aunque polémico su trabajo sobre el refuerzo positivo y negativo es pilar de la psicología del aprendizaje y las técnicas de modificación de conducta en educación.;Psychologus Americanus maximus exponent conductismi. Creator theoriae conditionamenti operantis in reinfortiis et punitionibus fundatae quae intellectionem apprenhesionis revolutionavit. Capsulam Skinner ad studendum comportamentum animalium elaboravit. Quamvis controversus opus eius de reinfortio positivo et negativo fundamentum est psychologiae apprenhesionis et technicarum modificationis conductus in educatione.;en;Inglés;Lingua Anglica;Estados Unidos;Civitates Foederatae Americae;Edad Contemporánea;Aetas Contemporanea;https://i.ibb.co/QFcznP4m/skinner.png;0
577;"No enseñamos a los estudiantes; solo les damos las condiciones bajo las cuales pueden aprender";"Non docemus discipulos; solum eis conditiones damus sub quibus discere possunt";"We do not teach students; we only give them the conditions under which they can learn";B.F. Skinner;The Technology of Teaching, 1968, pp. 9-10;Burrhus Frederic Skinner;Psicólogo estadounidense máximo exponente del conductismo. Creador de la teoría del condicionamiento operante basada en refuerzos y castigos que revolucionó la comprensión del aprendizaje. Desarrolló la caja de Skinner para estudiar el comportamiento animal. Aunque polémico su trabajo sobre el refuerzo positivo y negativo es pilar de la psicología del aprendizaje y las técnicas de modificación de conducta en educación.;Psychologus Americanus maximus exponent conductismi. Creator theoriae conditionamenti operantis in reinfortiis et punitionibus fundatae quae intellectionem apprenhesionis revolutionavit. Capsulam Skinner ad studendum comportamentum animalium elaboravit. Quamvis controversus opus eius de reinfortio positivo et negativo fundamentum est psychologiae apprenhesionis et technicarum modificationis conductus in educatione.;en;Inglés;Lingua Anglica;Estados Unidos;Civitates Foederatae Americae;Edad Contemporánea;Aetas Contemporanea;https://i.ibb.co/QFcznP4m/skinner.png;0
578;El comportamiento real es sencillamente la combinación de reacciones reflejas innatas y de respuestas aprendidas;Comportamentum reale simpliciter combinatio reactionum reflexarum innatarum et responsionum doctarum est;Actual behavior is simply the combination of innate reflex reactions and learned responses;B.F. Skinner;Science and Human Behavior, 1953, p. 35;Burrhus Frederic Skinner;Psicólogo estadounidense máximo exponente del conductismo. Creador de la teoría del condicionamiento operante basada en refuerzos y castigos que revolucionó la comprensión del aprendizaje. Desarrolló la caja de Skinner para estudiar el comportamiento animal. Aunque polémico su trabajo sobre el refuerzo positivo y negativo es pilar de la psicología del aprendizaje y las técnicas de modificación de conducta en educación.;Psychologus Americanus maximus exponent conductismi. Creator theoriae conditionamenti operantis in reinfortiis et punitionibus fundatae quae intellectionem apprenhesionis revolutionavit. Capsulam Skinner ad studendum comportamentum animalium elaboravit. Quamvis controversus opus eius de reinfortio positivo et negativo fundamentum est psychologiae apprenhesionis et technicarum modificationis conductus in educatione.;en;Inglés;Lingua Anglica;Estados Unidos;Civitates Foederatae Americae;Edad Contemporánea;Aetas Contemporanea;https://i.ibb.co/QFcznP4m/skinner.png;0
579;El fin de la educación es ayudar y guiar al niño hacia su realización humana;Finis educationis est adiuvare et ducere puerum ad suam realizationem humanam;Le but de l'éducation est d'aider et de guider l'enfant vers sa réalisation humaine;Jacques Maritain;Éducation et Philosophie, 1956, p. 23;Iacobus Maritain;Filósofo católico francés máximo exponente del tomismo y del humanismo cristiano. Autor de Los fines de la educación y La educación en la encrucijada donde desarrolló una filosofía educativa centrada en la formación integral de la persona humana cuerpo alma y espíritu. Defendió que el fin primario de la educación es la conquista de la libertad interior y espiritual no solo la preparación técnica o profesional. Influyó en la Declaración Universal de Derechos Humanos.;Philosophus catholicus Francogallicus maximus exponent thomismi et humanismi Christiani. Auctor Finium Educationis et Educationis in Cruciviis ubi philosophiam educativam in formatione integrali personae humanae corporis animae et spiritus fundatam elaboravit. Defendit finem primarium educationis esse conquestum libertatis interioris et spiritualis non solum praeparationem technicam aut professionalem. In Declarationem Universalem Iurium Humanorum influxit.;fr;Francés;Lingua Gallica;Francia;Francia;Edad Contemporánea;Aetas Contemporanea;https://i.ibb.co/tMwzk5gg/maritain.png;0
580;La educación es el arte de ayudar al joven a alcanzar la plenitud de su forma humana;Educatio est ars adiuvandi iuvenem ad plenitudinem formae suae humanae attingendam;L'éducation est l'art d'aider le jeune à atteindre la plénitude de sa forme humaine;Jacques Maritain;Éducation et Philosophie, 1956, p. 25;Iacobus Maritain;Filósofo católico francés máximo exponente del tomismo y del humanismo cristiano. Autor de Los fines de la educación y La educación en la encrucijada donde desarrolló una filosofía educativa centrada en la formación integral de la persona humana cuerpo alma y espíritu. Defendió que el fin primario de la educación es la conquista de la libertad interior y espiritual no solo la preparación técnica o profesional. Influyó en la Declaración Universal de Derechos Humanos.;Philosophus catholicus Francogallicus maximus exponent thomismi et humanismi Christiani. Auctor Finium Educationis et Educationis in Cruciviis ubi philosophiam educativam in formatione integrali personae humanae corporis animae et spiritus fundatam elaboravit. Defendit finem primarium educationis esse conquestum libertatis interioris et spiritualis non solum praeparationem technicam aut professionalem. In Declarationem Universalem Iurium Humanorum influxit.;fr;Francés;Lingua Gallica;Francia;Francia;Edad Contemporánea;Aetas Contemporanea;https://i.ibb.co/tMwzk5gg/maritain.png;0
581;El objeto de la educación no es formar esa abstracción platónica que es el hombre en sí mismo sino formar a un joven determinado;Obiectum educationis non est formare abstractionem illam platonicam quae est homo in se sed formare iuvenem determinatum;L'objet de l'éducation n'est pas de former cette abstraction platonicienne qu'est l'homme en soi mais de former un jeune déterminé;Jacques Maritain;Éducation et Philosophie, 1956, p. 27;Iacobus Maritain;Filósofo católico francés máximo exponente del tomismo y del humanismo cristiano. Autor de Los fines de la educación y La educación en la encrucijada donde desarrolló una filosofía educativa centrada en la formación integral de la persona humana cuerpo alma y espíritu. Defendió que el fin primario de la educación es la conquista de la libertad interior y espiritual no solo la preparación técnica o profesional. Influyó en la Declaración Universal de Derechos Humanos.;Philosophus catholicus Francogallicus maximus exponent thomismi et humanismi Christiani. Auctor Finium Educationis et Educationis in Cruciviis ubi philosophiam educativam in formatione integrali personae humanae corporis animae et spiritus fundatam elaboravit. Defendit finem primarium educationis esse conquestum libertatis interioris et spiritualis non solum praeparationem technicam aut professionalem. In Declarationem Universalem Iurium Humanorum influxit.;fr;Francés;Lingua Gallica;Francia;Francia;Edad Contemporánea;Aetas Contemporanea;https://i.ibb.co/tMwzk5gg/maritain.png;0
582;La educación del hombre es un despertar humano;Educatio hominis est evocatio humana;L'éducation de l'homme est un éveil humain;Jacques Maritain;Éducation et Philosophie, 1956, p. 29;Iacobus Maritain;Filósofo católico francés máximo exponente del tomismo y del humanismo cristiano. Autor de Los fines de la educación y La educación en la encrucijada donde desarrolló una filosofía educativa centrada en la formación integral de la persona humana cuerpo alma y espíritu. Defendió que el fin primario de la educación es la conquista de la libertad interior y espiritual no solo la preparación técnica o profesional. Influyó en la Declaración Universal de Derechos Humanos.;Philosophus catholicus Francogallicus maximus exponent thomismi et humanismi Christiani. Auctor Finium Educationis et Educationis in Cruciviis ubi philosophiam educativam in formatione integrali personae humanae corporis animae et spiritus fundatam elaboravit. Defendit finem primarium educationis esse conquestum libertatis interioris et spiritualis non solum praeparationem technicam aut professionalem. In Declarationem Universalem Iurium Humanorum influxit.;fr;Francés;Lingua Gallica;Francia;Francia;Edad Contemporánea;Aetas Contemporanea;https://i.ibb.co/tMwzk5gg/maritain.png;0
583;Liberar las buenas energías es el primer principio de la educación;Liberare bonas energias primum principium educationis est;Libérer les bonnes énergies est le premier principe de l'éducation;Jacques Maritain;Éducation et Philosophie, 1956, p. 31;Iacobus Maritain;Filósofo católico francés máximo exponente del tomismo y del humanismo cristiano. Autor de Los fines de la educación y La educación en la encrucijada donde desarrolló una filosofía educativa centrada en la formación integral de la persona humana cuerpo alma y espíritu. Defendió que el fin primario de la educación es la conquista de la libertad interior y espiritual no solo la preparación técnica o profesional. Influyó en la Declaración Universal de Derechos Humanos.;Philosophus catholicus Francogallicus maximus exponent thomismi et humanismi Christiani. Auctor Finium Educationis et Educationis in Cruciviis ubi philosophiam educativam in formatione integrali personae humanae corporis animae et spiritus fundatam elaboravit. Defendit finem primarium educationis esse conquestum libertatis interioris et spiritualis non solum praeparationem technicam aut professionalem. In Declarationem Universalem Iurium Humanorum influxit.;fr;Francés;Lingua Gallica;Francia;Francia;Edad Contemporánea;Aetas Contemporanea;https://i.ibb.co/tMwzk5gg/maritain.png;0
584;La educación no debe forjar individuos sino asistir al dinamismo propio de la persona;Educatio non debet individua formare sed dynamismo proprio personae assistere;L'éducation ne doit pas forger des individus mais assister le dynamisme propre de la personne;Jacques Maritain;Éducation et Philosophie, 1956, p. 33;Iacobus Maritain;Filósofo católico francés máximo exponente del tomismo y del humanismo cristiano. Autor de Los fines de la educación y La educación en la encrucijada donde desarrolló una filosofía educativa centrada en la formación integral de la persona humana cuerpo alma y espíritu. Defendió que el fin primario de la educación es la conquista de la libertad interior y espiritual no solo la preparación técnica o profesional. Influyó en la Declaración Universal de Derechos Humanos.;Philosophus catholicus Francogallicus maximus exponent thomismi et humanismi Christiani. Auctor Finium Educationis et Educationis in Cruciviis ubi philosophiam educativam in formatione integrali personae humanae corporis animae et spiritus fundatam elaboravit. Defendit finem primarium educationis esse conquestum libertatis interioris et spiritualis non solum praeparationem technicam aut professionalem. In Declarationem Universalem Iurium Humanorum influxit.;fr;Francés;Lingua Gallica;Francia;Francia;Edad Contemporánea;Aetas Contemporanea;https://i.ibb.co/tMwzk5gg/maritain.png;0
585;El deber del educador moderno no es talar selvas sino regar desiertos;Officium educatoris moderni non est silvas caedere sed deserta irrigare;The task of the modern educator is not to cut down jungles but to irrigate deserts;C.S. Lewis;The Abolition of Man, 1960, p. 18;Clive Staples Lewis;Escritor académico y apologista cristiano irlandés-británico. Profesor en Oxford y Cambridge autor de Las Crónicas de Narnia y obras apologéticas como Mero Cristianismo. Su libro La abolición del hombre es fundamental en filosofía de la educación defendiendo que educar no es solo instruir la mente sino formar el corazón cultivando sentimientos justos y afectos ordenados. Crítico de la manipulación educativa sin valores objetivos.;Scriba academicus et apologista Christianus Hibernicus-Britannicus. Professor Oxonii et Cantabrigiae auctor Chronicarum Narniae et operum apologeticarum ut Mere Christianitas. Liber eius Abolitio Hominis fundamentalis est in philosophia educationis defendens educare non esse solum mentem instruere sed cor formare sentimenta iusta et affectus ordinatos colendo. Criticus manipulationis educativae sine valoribus obiectis.;en;Inglés;Lingua Anglica;Reino Unido;Regnum Unitum;Edad Contemporánea;Aetas Contemporanea;https://i.ibb.co/VY2H7VMM/cslewis.png;0
586;La defensa adecuada contra los sentimientos falsos es inculcar sentimientos justos;Defensio apta contra sensus falsos est sensus iustos inculcare;The right defence against false sentiments is to inculcate just sentiments;C.S. Lewis;The Abolition of Man, 1960, p. 20;Clive Staples Lewis;Escritor académico y apologista cristiano irlandés-británico. Profesor en Oxford y Cambridge autor de Las Crónicas de Narnia y obras apologéticas como Mero Cristianismo. Su libro La abolición del hombre es fundamental en filosofía de la educación defendiendo que educar no es solo instruir la mente sino formar el corazón cultivando sentimientos justos y afectos ordenados. Crítico de la manipulación educativa sin valores objetivos.;Scriba academicus et apologista Christianus Hibernicus-Britannicus. Professor Oxonii et Cantabrigiae auctor Chronicarum Narniae et operum apologeticarum ut Mere Christianitas. Liber eius Abolitio Hominis fundamentalis est in philosophia educationis defendens educare non esse solum mentem instruere sed cor formare sentimenta iusta et affectus ordinatos colendo. Criticus manipulationis educativae sine valoribus obiectis.;en;Inglés;Lingua Anglica;Reino Unido;Regnum Unitum;Edad Contemporánea;Aetas Contemporanea;https://i.ibb.co/VY2H7VMM/cslewis.png;0
587;Hacemos hombres sin corazones y esperamos de ellos virtud y buen juicio;Homines sine pectore facimus et ab eis virtutem et industriam exspectamus;We make men without chests and expect of them virtue and enterprise;C.S. Lewis;The Abolition of Man, 1960, p. 21;Clive Staples Lewis;Escritor académico y apologista cristiano irlandés-británico. Profesor en Oxford y Cambridge autor de Las Crónicas de Narnia y obras apologéticas como Mero Cristianismo. Su libro La abolición del hombre es fundamental en filosofía de la educación defendiendo que educar no es solo instruir la mente sino formar el corazón cultivando sentimientos justos y afectos ordenados. Crítico de la manipulación educativa sin valores objetivos.;Scriba academicus et apologista Christianus Hibernicus-Britannicus. Professor Oxonii et Cantabrigiae auctor Chronicarum Narniae et operum apologeticarum ut Mere Christianitas. Liber eius Abolitio Hominis fundamentalis est in philosophia educationis defendens educare non esse solum mentem instruere sed cor formare sentimenta iusta et affectus ordinatos colendo. Criticus manipulationis educativae sine valoribus obiectis.;en;Inglés;Lingua Anglica;Reino Unido;Regnum Unitum;Edad Contemporánea;Aetas Contemporanea;https://i.ibb.co/VY2H7VMM/cslewis.png;0
588;La educación sin valores por los cuales educar es pura vocación vacía;Educatio sine valoribus pro quibus educare est merum exercitium vocale vacuum;Education without values for which to educate is mere empty vocational training;C.S. Lewis;The Abolition of Man, 1960, p. 21;Clive Staples Lewis;Escritor académico y apologista cristiano irlandés-británico. Profesor en Oxford y Cambridge autor de Las Crónicas de Narnia y obras apologéticas como Mero Cristianismo. Su libro La abolición del hombre es fundamental en filosofía de la educación defendiendo que educar no es solo instruir la mente sino formar el corazón cultivando sentimientos justos y afectos ordenados. Crítico de la manipulación educativa sin valores objetivos.;Scriba academicus et apologista Christianus Hibernicus-Britannicus. Professor Oxonii et Cantabrigiae auctor Chronicarum Narniae et operum apologeticarum ut Mere Christianitas. Liber eius Abolitio Hominis fundamentalis est in philosophia educationis defendens educare non esse solum mentem instruere sed cor formare sentimenta iusta et affectus ordinatos colendo. Criticus manipulationis educativae sine valoribus obiectis.;en;Inglés;Lingua Anglica;Reino Unido;Regnum Unitum;Edad Contemporánea;Aetas Contemporanea;https://i.ibb.co/VY2H7VMM/cslewis.png;0
589;No podemos abandonar sin traicionar el futuro a merced del pasado a menos que tengamos valores permanentes;Non possumus sine proditione futurum misericordiae praeteriti relinquere nisi valores permanentes habeamus;We cannot abandon without treachery the future to the mercy of the past unless we have permanent values;C.S. Lewis;The Abolition of Man, 1960, pp. 21-22;Clive Staples Lewis;Escritor académico y apologista cristiano irlandés-británico. Profesor en Oxford y Cambridge autor de Las Crónicas de Narnia y obras apologéticas como Mero Cristianismo. Su libro La abolición del hombre es fundamental en filosofía de la educación defendiendo que educar no es solo instruir la mente sino formar el corazón cultivando sentimientos justos y afectos ordenados. Crítico de la manipulación educativa sin valores objetivos.;Scriba academicus et apologista Christianus Hibernicus-Britannicus. Professor Oxonii et Cantabrigiae auctor Chronicarum Narniae et operum apologeticarum ut Mere Christianitas. Liber eius Abolitio Hominis fundamentalis est in philosophia educationis defendens educare non esse solum mentem instruere sed cor formare sentimenta iusta et affectus ordinatos colendo. Criticus manipulationis educativae sine valoribus obiectis.;en;Inglés;Lingua Anglica;Reino Unido;Regnum Unitum;Edad Contemporánea;Aetas Contemporanea;https://i.ibb.co/VY2H7VMM/cslewis.png;0
590;El fin de la educación es conseguir que el alumno tenga predilecciones y aversiones por lo que corresponde;Finis educationis est efficere ut discipulus dilectiones et aversiones pro eo quod convenit habeat;The aim of education is to get the pupil to have likes and dislikes for what is fitting;C.S. Lewis;The Abolition of Man, 1960, p. 22;Clive Staples Lewis;Escritor académico y apologista cristiano irlandés-británico. Profesor en Oxford y Cambridge autor de Las Crónicas de Narnia y obras apologéticas como Mero Cristianismo. Su libro La abolición del hombre es fundamental en filosofía de la educación defendiendo que educar no es solo instruir la mente sino formar el corazón cultivando sentimientos justos y afectos ordenados. Crítico de la manipulación educativa sin valores objetivos.;Scriba academicus et apologista Christianus Hibernicus-Britannicus. Professor Oxonii et Cantabrigiae auctor Chronicarum Narniae et operum apologeticarum ut Mere Christianitas. Liber eius Abolitio Hominis fundamentalis est in philosophia educationis defendens educare non esse solum mentem instruere sed cor formare sentimenta iusta et affectus ordinatos colendo. Criticus manipulationis educativae sine valoribus obiectis.;en;Inglés;Lingua Anglica;Reino Unido;Regnum Unitum;Edad Contemporánea;Aetas Contemporanea;https://i.ibb.co/VY2H7VMM/cslewis.png;0
591;La escuela no es un parque de atracciones;Schola non est hortus voluptatum;La escuela no es un parque de atracciones;Gregorio Luri;La escuela no es un parque de atracciones, 2013;Gregorius Luri;Filósofo pedagogo y maestro español uno de los mayores expertos en educación de España. Crítico de las modas pedagógicas sin rigor defiende una escuela centrada en el conocimiento riguroso y la transmisión cultural. Autor de La escuela no es un parque de atracciones y Por una educación republicana. Enfatiza que el saber riguroso es intrínsecamente educador emocional y que sin instrucción no hay pensamiento crítico. Defensor de la memoria la exigencia y el papel del maestro como magister.;Philosophus paedagogus et magister Hispanicus unus ex maximis expertis educationis Hispaniae. Criticus modorum paedagogicarum sine rigore scholam in cognitione rigorosa et transmissione culturali fundatam defendit. Auctor Schola non est locus oblectationis et Pro educatione republicana. Emphasizat cognitionem rigorosam intrinsece educatorem emotionalem esse et sine instructione non esse cogitationem criticam. Defensor memoriae exigentiae et muneris magistri ut magister.;es;Español;Lingua Hispanica;España;Hispania;Edad Contemporánea;Aetas Contemporanea;https://i.ibb.co/WvdGWZ6r/gregorioluri.png;0
592;El saber riguroso no puede ser sino crítico mientras que la crítica sin rigor tiene mucho de pataleta;Scientia rigorosa non potest nisi critica esse dum critica sine rigore multum irae infantilis habet;El saber riguroso no puede ser sino crítico mientras que la crítica sin rigor tiene mucho de pataleta;Gregorio Luri;La escuela no es un parque de atracciones, 2014;Gregorius Luri;Filósofo pedagogo y maestro español uno de los mayores expertos en educación de España. Crítico de las modas pedagógicas sin rigor defiende una escuela centrada en el conocimiento riguroso y la transmisión cultural. Autor de La escuela no es un parque de atracciones y Por una educación republicana. Enfatiza que el saber riguroso es intrínsecamente educador emocional y que sin instrucción no hay pensamiento crítico. Defensor de la memoria la exigencia y el papel del maestro como magister.;Philosophus paedagogus et magister Hispanicus unus ex maximis expertis educationis Hispaniae. Criticus modorum paedagogicarum sine rigore scholam in cognitione rigorosa et transmissione culturali fundatam defendit. Auctor Schola non est locus oblectationis et Pro educatione republicana. Emphasizat cognitionem rigorosam intrinsece educatorem emotionalem esse et sine instructione non esse cogitationem criticam. Defensor memoriae exigentiae et muneris magistri ut magister.;es;Español;Lingua Hispanica;España;Hispania;Edad Contemporánea;Aetas Contemporanea;https://i.ibb.co/WvdGWZ6r/gregorioluri.png;0
593;Sin instrucción no hay pensamiento crítico;Sine instructione non est cogitatio critica;Sin instrucción no hay pensamiento crítico;Gregorio Luri;La escuela no es un parque de atracciones, 2015;Gregorius Luri;Filósofo pedagogo y maestro español uno de los mayores expertos en educación de España. Crítico de las modas pedagógicas sin rigor defiende una escuela centrada en el conocimiento riguroso y la transmisión cultural. Autor de La escuela no es un parque de atracciones y Por una educación republicana. Enfatiza que el saber riguroso es intrínsecamente educador emocional y que sin instrucción no hay pensamiento crítico. Defensor de la memoria la exigencia y el papel del maestro como magister.;Philosophus paedagogus et magister Hispanicus unus ex maximis expertis educationis Hispaniae. Criticus modorum paedagogicarum sine rigore scholam in cognitione rigorosa et transmissione culturali fundatam defendit. Auctor Schola non est locus oblectationis et Pro educatione republicana. Emphasizat cognitionem rigorosam intrinsece educatorem emotionalem esse et sine instructione non esse cogitationem criticam. Defensor memoriae exigentiae et muneris magistri ut magister.;es;Español;Lingua Hispanica;España;Hispania;Edad Contemporánea;Aetas Contemporanea;https://i.ibb.co/WvdGWZ6r/gregorioluri.png;0
594;El maestro consciente de su papel de magister no es el guardián celoso de la autonomía infantil sino el amante celoso de lo mejor que un niño puede llegar a ser;Magister conscius muneris sui non est custos zelotypus autonomiae puerilis sed amator zelotypus optimi quod puer esse potest;El maestro consciente de su papel de magister no es el guardián celoso de la autonomía infantil sino el amante celoso de lo mejor que un niño puede llegar a ser;Gregorio Luri;La escuela no es un parque de atracciones, 2016;Gregorius Luri;Filósofo pedagogo y maestro español uno de los mayores expertos en educación de España. Crítico de las modas pedagógicas sin rigor defiende una escuela centrada en el conocimiento riguroso y la transmisión cultural. Autor de La escuela no es un parque de atracciones y Por una educación republicana. Enfatiza que el saber riguroso es intrínsecamente educador emocional y que sin instrucción no hay pensamiento crítico. Defensor de la memoria la exigencia y el papel del maestro como magister.;Philosophus paedagogus et magister Hispanicus unus ex maximis expertis educationis Hispaniae. Criticus modorum paedagogicarum sine rigore scholam in cognitione rigorosa et transmissione culturali fundatam defendit. Auctor Schola non est locus oblectationis et Pro educatione republicana. Emphasizat cognitionem rigorosam intrinsece educatorem emotionalem esse et sine instructione non esse cogitationem criticam. Defensor memoriae exigentiae et muneris magistri ut magister.;es;Español;Lingua Hispanica;España;Hispania;Edad Contemporánea;Aetas Contemporanea;https://i.ibb.co/WvdGWZ6r/gregorioluri.png;0
595;Creo que a los niños hay que darle en la escuela lo que no les van a proporcionar en ninguna parte más y es conocimiento riguroso;Credo pueris in schola dandum esse quod nusquam alibi accipient et est cognitio rigorosa;Creo que a los niños hay que darle en la escuela lo que no les van a proporcionar en ninguna parte más y es conocimiento riguroso;Gregorio Luri;La escuela no es un parque de atracciones, 2017;Gregorius Luri;Filósofo pedagogo y maestro español uno de los mayores expertos en educación de España. Crítico de las modas pedagógicas sin rigor defiende una escuela centrada en el conocimiento riguroso y la transmisión cultural. Autor de La escuela no es un parque de atracciones y Por una educación republicana. Enfatiza que el saber riguroso es intrínsecamente educador emocional y que sin instrucción no hay pensamiento crítico. Defensor de la memoria la exigencia y el papel del maestro como magister.;Philosophus paedagogus et magister Hispanicus unus ex maximis expertis educationis Hispaniae. Criticus modorum paedagogicarum sine rigore scholam in cognitione rigorosa et transmissione culturali fundatam defendit. Auctor Schola non est locus oblectationis et Pro educatione republicana. Emphasizat cognitionem rigorosam intrinsece educatorem emotionalem esse et sine instructione non esse cogitationem criticam. Defensor memoriae exigentiae et muneris magistri ut magister.;es;Español;Lingua Hispanica;España;Hispania;Edad Contemporánea;Aetas Contemporanea;https://i.ibb.co/WvdGWZ6r/gregorioluri.png;0
596;El conocimiento riguroso es en sí mismo un fenomenal educador emocional;Cognitio rigorosa in se ipsa est phenomenalis educator emotionalis;El conocimiento riguroso es en sí mismo un fenomenal educador emocional;Gregorio Luri;La escuela no es un parque de atracciones, 2018;Gregorius Luri;Filósofo pedagogo y maestro español uno de los mayores expertos en educación de España. Crítico de las modas pedagógicas sin rigor defiende una escuela centrada en el conocimiento riguroso y la transmisión cultural. Autor de La escuela no es un parque de atracciones y Por una educación republicana. Enfatiza que el saber riguroso es intrínsecamente educador emocional y que sin instrucción no hay pensamiento crítico. Defensor de la memoria la exigencia y el papel del maestro como magister.;Philosophus paedagogus et magister Hispanicus unus ex maximis expertis educationis Hispaniae. Criticus modorum paedagogicarum sine rigore scholam in cognitione rigorosa et transmissione culturali fundatam defendit. Auctor Schola non est locus oblectationis et Pro educatione republicana. Emphasizat cognitionem rigorosam intrinsece educatorem emotionalem esse et sine instructione non esse cogitationem criticam. Defensor memoriae exigentiae et muneris magistri ut magister.;es;Español;Lingua Hispanica;España;Hispania;Edad Contemporánea;Aetas Contemporanea;https://i.ibb.co/WvdGWZ6r/gregorioluri.png;0
597;Los profesores excelentes son evaluadores expertos de sus estudiantes;Professores excellentes sunt aestimatores periti discipulorum suorum;Excellent teachers are expert evaluators of their students;John Hattie;Visible Learning, 2009, p. 173;Ioannes Hattie;Investigador educativo neozelandés creador del concepto de Aprendizaje Visible. Realizó el mayor meta-análisis de la historia de la educación analizando más de 1400 estudios con datos de 300 millones de estudiantes para identificar qué estrategias docentes tienen mayor impacto en el aprendizaje. Demostró que el factor más importante es la calidad del maestro y su capacidad de evaluar el progreso. Sus trabajos basados en evidencia transformaron la comprensión de la efectividad educativa.;Investigator educativus Novae Zelandiae creator conceptus Apprenhesionis Visibilis. Maximam meta-analysem historiae educationis perfecit plus quam 1400 studia cum datis 300 millionibus discipulorum analysans ut strategias docentes maioris impactus in apprehensione identificaret. Demonstravit factorem gravissimum esse qualitatem magistri et facultatem eius progressum aestimandi. Opera eius in evidentia fundata intellectionem effectivitatis educativae transformaverunt.;en;Inglés;Lingua Anglica;Nueva Zelanda;Nova Zelandia;Edad Contemporánea;Aetas Contemporanea;https://i.ibb.co/20HTMSQF/johnhattie.png;0
598;El aprendizaje visible ocurre cuando los profesores ven el aprendizaje a través de los ojos de los estudiantes;Apprehensio visibilis evenit cum professores apprehenionem per oculos discipulorum vident;Visible learning occurs when teachers see learning through the eyes of students;John Hattie;Visible Learning, 2009, p. 173;Ioannes Hattie;Investigador educativo neozelandés creador del concepto de Aprendizaje Visible. Realizó el mayor meta-análisis de la historia de la educación analizando más de 1400 estudios con datos de 300 millones de estudiantes para identificar qué estrategias docentes tienen mayor impacto en el aprendizaje. Demostró que el factor más importante es la calidad del maestro y su capacidad de evaluar el progreso. Sus trabajos basados en evidencia transformaron la comprensión de la efectividad educativa.;Investigator educativus Novae Zelandiae creator conceptus Apprenhesionis Visibilis. Maximam meta-analysem historiae educationis perfecit plus quam 1400 studia cum datis 300 millionibus discipulorum analysans ut strategias docentes maioris impactus in apprehensione identificaret. Demonstravit factorem gravissimum esse qualitatem magistri et facultatem eius progressum aestimandi. Opera eius in evidentia fundata intellectionem effectivitatis educativae transformaverunt.;en;Inglés;Lingua Anglica;Nueva Zelanda;Nova Zelandia;Edad Contemporánea;Aetas Contemporanea;https://i.ibb.co/20HTMSQF/johnhattie.png;0
599;Conoce tu impacto;Cognosce tuum impactum;Know thy impact;John Hattie;Visible Learning, 2009, p. 173;Ioannes Hattie;Investigador educativo neozelandés creador del concepto de Aprendizaje Visible. Realizó el mayor meta-análisis de la historia de la educación analizando más de 1400 estudios con datos de 300 millones de estudiantes para identificar qué estrategias docentes tienen mayor impacto en el aprendizaje. Demostró que el factor más importante es la calidad del maestro y su capacidad de evaluar el progreso. Sus trabajos basados en evidencia transformaron la comprensión de la efectividad educativa.;Investigator educativus Novae Zelandiae creator conceptus Apprenhesionis Visibilis. Maximam meta-analysem historiae educationis perfecit plus quam 1400 studia cum datis 300 millionibus discipulorum analysans ut strategias docentes maioris impactus in apprehensione identificaret. Demonstravit factorem gravissimum esse qualitatem magistri et facultatem eius progressum aestimandi. Opera eius in evidentia fundata intellectionem effectivitatis educativae transformaverunt.;en;Inglés;Lingua Anglica;Nueva Zelanda;Nova Zelandia;Edad Contemporánea;Aetas Contemporanea;https://i.ibb.co/20HTMSQF/johnhattie.png;0
600;La retroalimentación es una de las influencias más poderosas en el aprendizaje;Retroalimentatio una ex influxibus potentissimis in apprehensione est;Feedback is one of the most powerful influences on learning;John Hattie;Visible Learning, 2009, pp. 173-174;Ioannes Hattie;Investigador educativo neozelandés creador del concepto de Aprendizaje Visible. Realizó el mayor meta-análisis de la historia de la educación analizando más de 1400 estudios con datos de 300 millones de estudiantes para identificar qué estrategias docentes tienen mayor impacto en el aprendizaje. Demostró que el factor más importante es la calidad del maestro y su capacidad de evaluar el progreso. Sus trabajos basados en evidencia transformaron la comprensión de la efectividad educativa.;Investigator educativus Novae Zelandiae creator conceptus Apprenhesionis Visibilis. Maximam meta-analysem historiae educationis perfecit plus quam 1400 studia cum datis 300 millionibus discipulorum analysans ut strategias docentes maioris impactus in apprehensione identificaret. Demonstravit factorem gravissimum esse qualitatem magistri et facultatem eius progressum aestimandi. Opera eius in evidentia fundata intellectionem effectivitatis educativae transformaverunt.;en;Inglés;Lingua Anglica;Nueva Zelanda;Nova Zelandia;Edad Contemporánea;Aetas Contemporanea;https://i.ibb.co/20HTMSQF/johnhattie.png;0
601;Los maestros son los evaluadores de su propio efecto;Magistri sunt aestimatores proprii effectus;Teachers are the evaluators of their own effect;John Hattie;Visible Learning, 2009, p. 173;Ioannes Hattie;Investigador educativo neozelandés creador del concepto de Aprendizaje Visible. Realizó el mayor meta-análisis de la historia de la educación analizando más de 1400 estudios con datos de 300 millones de estudiantes para identificar qué estrategias docentes tienen mayor impacto en el aprendizaje. Demostró que el factor más importante es la calidad del maestro y su capacidad de evaluar el progreso. Sus trabajos basados en evidencia transformaron la comprensión de la efectividad educativa.;Investigator educativus Novae Zelandiae creator conceptus Apprenhesionis Visibilis. Maximam meta-analysem historiae educationis perfecit plus quam 1400 studia cum datis 300 millionibus discipulorum analysans ut strategias docentes maioris impactus in apprehensione identificaret. Demonstravit factorem gravissimum esse qualitatem magistri et facultatem eius progressum aestimandi. Opera eius in evidentia fundata intellectionem effectivitatis educativae transformaverunt.;en;Inglés;Lingua Anglica;Nueva Zelanda;Nova Zelandia;Edad Contemporánea;Aetas Contemporanea;https://i.ibb.co/20HTMSQF/johnhattie.png;0
602;El aprendizaje visible significa que el aprendizaje es el objetivo explícito;Apprehensio visibilis significat apprehenionem obiectivum explicitum esse;Visible learning means that learning is the explicit goal;John Hattie;Visible Learning, 2009, p. 174;Ioannes Hattie;Investigador educativo neozelandés creador del concepto de Aprendizaje Visible. Realizó el mayor meta-análisis de la historia de la educación analizando más de 1400 estudios con datos de 300 millones de estudiantes para identificar qué estrategias docentes tienen mayor impacto en el aprendizaje. Demostró que el factor más importante es la calidad del maestro y su capacidad de evaluar el progreso. Sus trabajos basados en evidencia transformaron la comprensión de la efectividad educativa.;Investigator educativus Novae Zelandiae creator conceptus Apprenhesionis Visibilis. Maximam meta-analysem historiae educationis perfecit plus quam 1400 studia cum datis 300 millionibus discipulorum analysans ut strategias docentes maioris impactus in apprehensione identificaret. Demonstravit factorem gravissimum esse qualitatem magistri et facultatem eius progressum aestimandi. Opera eius in evidentia fundata intellectionem effectivitatis educativae transformaverunt.;en;Inglés;Lingua Anglica;Nueva Zelanda;Nova Zelandia;Edad Contemporánea;Aetas Contemporanea;https://i.ibb.co/20HTMSQF/johnhattie.png;0
603;La mente es un papel en blanco, vacío de caracteres, que se llena con la experiencia;Mens est tabula rasa quae experientia impletur;The mind is a white paper, void of all characters, filled by experience;John Locke;An Essay Concerning Human Understanding, 1690, Book II, Chapter I, Sec. 2;Ioannes Locke;Filósofo y médico inglés padre del empirismo y del liberalismo político. Autor del Ensayo sobre el entendimiento humano donde propuso la teoría de la tabula rasa la mente como pizarra en blanco al nacer que se llena mediante la experiencia sensorial. En Algunos pensamientos sobre la educación defendió que la educación moldea al individuo siendo el ambiente y la experiencia fundamentales. Influyó profundamente en la pedagogía moderna y el conductismo.;Philosophus et medicus Anglicus pater empirismi et liberalismi politici. Auctor Tractatus de Intellectu Humano ubi theoriam tabulae rasae mentem ut tabulam albam in nascendo quae per experientiam sensorialem impletur proposuit. In Cogitationibus de Educatione defendit educationem individuum formare ambiente et experientia fundamentalibus. In paedagogiam modernam et conductismum profunde influxit.;en;Inglés;Lingua Anglica;Reino Unido;Regnum Unitum;Edad Moderna;Nova Aetas;https://i.ibb.co/9HRt5j9n/johnlocke.png;0
604;El trabajo del maestro no consiste tanto en enseñar todo lo aprendible como en producir en el alumno amor y estima por el conocimiento;Opus magistri non tam consistit in docendo omnia pretiosa quam in producendo in discipulo amore et aestimatione cognitionis;The job of the teacher is not so much to teach all that is knowable, as to raise in him a love and esteem of knowledge;John Locke;Some Thoughts Concerning Education, 1693, Section 195;Ioannes Locke;Filósofo y médico inglés padre del empirismo y del liberalismo político. Autor del Ensayo sobre el entendimiento humano donde propuso la teoría de la tabula rasa la mente como pizarra en blanco al nacer que se llena mediante la experiencia sensorial. En Algunos pensamientos sobre la educación defendió que la educación moldea al individuo siendo el ambiente y la experiencia fundamentales. Influyó profundamente en la pedagogía moderna y el conductismo.;Philosophus et medicus Anglicus pater empirismi et liberalismi politici. Auctor Tractatus de Intellectu Humano ubi theoriam tabulae rasae mentem ut tabulam albam in nascendo quae per experientiam sensorialem impletur proposuit. In Cogitationibus de Educatione defendit educationem individuum formare ambiente et experientia fundamentalibus. In paedagogiam modernam et conductismum profunde influxit.;en;Inglés;Lingua Anglica;Reino Unido;Regnum Unitum;Edad Moderna;Nova Aetas;https://i.ibb.co/9HRt5j9n/johnlocke.png;0
605;No hay nada en el intelecto que no haya estado antes en los sentidos;Nihil est in intellectu quod non prius fuerit in sensu;Nothing is in the intellect that was not first in the senses;John Locke;An Essay Concerning Human Understanding, 1690, Book II, Chapter I;Ioannes Locke;Filósofo y médico inglés padre del empirismo y del liberalismo político. Autor del Ensayo sobre el entendimiento humano donde propuso la teoría de la tabula rasa la mente como pizarra en blanco al nacer que se llena mediante la experiencia sensorial. En Algunos pensamientos sobre la educación defendió que la educación moldea al individuo siendo el ambiente y la experiencia fundamentales. Influyó profundamente en la pedagogía moderna y el conductismo.;Philosophus et medicus Anglicus pater empirismi et liberalismi politici. Auctor Tractatus de Intellectu Humano ubi theoriam tabulae rasae mentem ut tabulam albam in nascendo quae per experientiam sensorialem impletur proposuit. In Cogitationibus de Educatione defendit educationem individuum formare ambiente et experientia fundamentalibus. In paedagogiam modernam et conductismum profunde influxit.;en;Inglés;Lingua Anglica;Reino Unido;Regnum Unitum;Edad Moderna;Nova Aetas;https://i.ibb.co/9HRt5j9n/johnlocke.png;0
606;"La lectura proporciona a la mente solo materiales de conocimiento; es pensar lo que hace que lo que leemos sea nuestro";"Lectio menti tantum materias cognitionis praebet; cogitare est quod facit ut quod legimus nostrum sit";"Reading furnishes the mind only with materials of knowledge; it is thinking makes what we read ours";John Locke;Of the Conduct of the Understanding, 1706, Section 42;Ioannes Locke;Filósofo y médico inglés padre del empirismo y del liberalismo político. Autor del Ensayo sobre el entendimiento humano donde propuso la teoría de la tabula rasa la mente como pizarra en blanco al nacer que se llena mediante la experiencia sensorial. En Algunos pensamientos sobre la educación defendió que la educación moldea al individuo siendo el ambiente y la experiencia fundamentales. Influyó profundamente en la pedagogía moderna y el conductismo.;Philosophus et medicus Anglicus pater empirismi et liberalismi politici. Auctor Tractatus de Intellectu Humano ubi theoriam tabulae rasae mentem ut tabulam albam in nascendo quae per experientiam sensorialem impletur proposuit. In Cogitationibus de Educatione defendit educationem individuum formare ambiente et experientia fundamentalibus. In paedagogiam modernam et conductismum profunde influxit.;en;Inglés;Lingua Anglica;Reino Unido;Regnum Unitum;Edad Moderna;Nova Aetas;https://i.ibb.co/9HRt5j9n/johnlocke.png;0
607;Considero que la verdadera causa de que los hombres no conozcan mejor las cosas es que se contentan con palabras;Censeo veram causam cur homines res melius non cognoscant esse quod verbis contenti sunt;I am apt to imagine that were the imperfections of language more thoroughly weighed, a great many of the controversies in the world would cease of themselves;John Locke;An Essay Concerning Human Understanding, 1690, Book III, Chapter IX, Sec. 21;Ioannes Locke;Filósofo y médico inglés padre del empirismo y del liberalismo político. Autor del Ensayo sobre el entendimiento humano donde propuso la teoría de la tabula rasa la mente como pizarra en blanco al nacer que se llena mediante la experiencia sensorial. En Algunos pensamientos sobre la educación defendió que la educación moldea al individuo siendo el ambiente y la experiencia fundamentales. Influyó profundamente en la pedagogía moderna y el conductismo.;Philosophus et medicus Anglicus pater empirismi et liberalismi politici. Auctor Tractatus de Intellectu Humano ubi theoriam tabulae rasae mentem ut tabulam albam in nascendo quae per experientiam sensorialem impletur proposuit. In Cogitationibus de Educatione defendit educationem individuum formare ambiente et experientia fundamentalibus. In paedagogiam modernam et conductismum profunde influxit.;en;Inglés;Lingua Anglica;Reino Unido;Regnum Unitum;Edad Moderna;Nova Aetas;https://i.ibb.co/9HRt5j9n/johnlocke.png;0
608;Las acciones de los hombres son los mejores intérpretes de sus pensamientos;Actiones hominum sunt optimi interpretes cogitationum suarum;The actions of men are the best interpreters of their thoughts;John Locke;An Essay Concerning Human Understanding, 1690, Book I, Chapter III, Sec. 3;Ioannes Locke;Filósofo y médico inglés padre del empirismo y del liberalismo político. Autor del Ensayo sobre el entendimiento humano donde propuso la teoría de la tabula rasa la mente como pizarra en blanco al nacer que se llena mediante la experiencia sensorial. En Algunos pensamientos sobre la educación defendió que la educación moldea al individuo siendo el ambiente y la experiencia fundamentales. Influyó profundamente en la pedagogía moderna y el conductismo.;Philosophus et medicus Anglicus pater empirismi et liberalismi politici. Auctor Tractatus de Intellectu Humano ubi theoriam tabulae rasae mentem ut tabulam albam in nascendo quae per experientiam sensorialem impletur proposuit. In Cogitationibus de Educatione defendit educationem individuum formare ambiente et experientia fundamentalibus. In paedagogiam modernam et conductismum profunde influxit.;en;Inglés;Lingua Anglica;Reino Unido;Regnum Unitum;Edad Moderna;Nova Aetas;https://i.ibb.co/9HRt5j9n/johnlocke.png;0
609;La verdadera educación consiste en abrir la mente, no en llenarla;Vera educatio consistit in mente aperienda, non implenda;True education consists in opening the mind, not in filling it;Rabindranath Tagore;The Religion of Man, 1917, p. 80;Rabindranath Tagore;Poeta filósofo músico y pedagogo indio primer no europeo en recibir el Premio Nobel de Literatura en 1913. Fundó la escuela Santiniketan basada en una educación integral que une naturaleza arte espiritualidad y libertad. Defendió una educación poética y humanista que armoniza al hombre con la naturaleza y Dios rechazando el sistema educativo colonial. Su pedagogía enfatiza la creatividad el amor y la conexión con el cosmos.;Poeta philosophus musicus et paedagogus Indicus primus non Europaeus Praemium Nobel Litterarum anno 1913 recipere. Scholam Santiniketan fundavit in educatione integrali quae naturam artem spiritualitatem et libertatem coniungit fundatam. Educationem poeticam et humanisticam quae hominem cum natura et Deo harmonizat defendit systema educativum coloniale repudians. Paedagogia eius creativitatem amorem et conexionem cum cosmo emphasizat.;bn;Bengalí;Lingua Bengalice;India;India;Edad Contemporánea;Aetas Contemporanea;https://i.ibb.co/kgbszCVd/tagore.png;0
610;La educación más alta es la que armoniza la vida con toda la existencia;Educatio altissima est quae vitam cum omni existentia componit;The highest education is that which does not merely give us information but makes our life in harmony with all existence;Rabindranath Tagore;The Religion of Man, 1917, p. 82;Rabindranath Tagore;Poeta filósofo músico y pedagogo indio primer no europeo en recibir el Premio Nobel de Literatura en 1913. Fundó la escuela Santiniketan basada en una educación integral que une naturaleza arte espiritualidad y libertad. Defendió una educación poética y humanista que armoniza al hombre con la naturaleza y Dios rechazando el sistema educativo colonial. Su pedagogía enfatiza la creatividad el amor y la conexión con el cosmos.;Poeta philosophus musicus et paedagogus Indicus primus non Europaeus Praemium Nobel Litterarum anno 1913 recipere. Scholam Santiniketan fundavit in educatione integrali quae naturam artem spiritualitatem et libertatem coniungit fundatam. Educationem poeticam et humanisticam quae hominem cum natura et Deo harmonizat defendit systema educativum coloniale repudians. Paedagogia eius creativitatem amorem et conexionem cum cosmo emphasizat.;bn;Bengalí;Lingua Bengalice;India;India;Edad Contemporánea;Aetas Contemporanea;https://i.ibb.co/kgbszCVd/tagore.png;0
611;No puedes cruzar el mar simplemente mirando el agua;Non potes mare transire solum aquam spectando;You can't cross the sea merely by staring at the water;Rabindranath Tagore;The Religion of Man, 1917, p. 88;Rabindranath Tagore;Poeta filósofo músico y pedagogo indio primer no europeo en recibir el Premio Nobel de Literatura en 1913. Fundó la escuela Santiniketan basada en una educación integral que une naturaleza arte espiritualidad y libertad. Defendió una educación poética y humanista que armoniza al hombre con la naturaleza y Dios rechazando el sistema educativo colonial. Su pedagogía enfatiza la creatividad el amor y la conexión con el cosmos.;Poeta philosophus musicus et paedagogus Indicus primus non Europaeus Praemium Nobel Litterarum anno 1913 recipere. Scholam Santiniketan fundavit in educatione integrali quae naturam artem spiritualitatem et libertatem coniungit fundatam. Educationem poeticam et humanisticam quae hominem cum natura et Deo harmonizat defendit systema educativum coloniale repudians. Paedagogia eius creativitatem amorem et conexionem cum cosmo emphasizat.;bn;Bengalí;Lingua Bengalice;India;India;Edad Contemporánea;Aetas Contemporanea;https://i.ibb.co/kgbszCVd/tagore.png;0
612;Un maestro nunca puede enseñar verdaderamente si deja de aprender;Magister numquam vere docere potest nisi ipse adhuc discat;A teacher can never truly teach unless he is still learning himself;Rabindranath Tagore;The Religion of Man, 1917, p. 91;Rabindranath Tagore;Poeta filósofo músico y pedagogo indio primer no europeo en recibir el Premio Nobel de Literatura en 1913. Fundó la escuela Santiniketan basada en una educación integral que une naturaleza arte espiritualidad y libertad. Defendió una educación poética y humanista que armoniza al hombre con la naturaleza y Dios rechazando el sistema educativo colonial. Su pedagogía enfatiza la creatividad el amor y la conexión con el cosmos.;Poeta philosophus musicus et paedagogus Indicus primus non Europaeus Praemium Nobel Litterarum anno 1913 recipere. Scholam Santiniketan fundavit in educatione integrali quae naturam artem spiritualitatem et libertatem coniungit fundatam. Educationem poeticam et humanisticam quae hominem cum natura et Deo harmonizat defendit systema educativum coloniale repudians. Paedagogia eius creativitatem amorem et conexionem cum cosmo emphasizat.;bn;Bengalí;Lingua Bengalice;India;India;Edad Contemporánea;Aetas Contemporanea;https://i.ibb.co/kgbszCVd/tagore.png;0
613;"Los niños son artistas vivos; los adultos, artistas vividos";"Pueri sunt artifices vivi; adulti, artifices victi";"Children are living artists; adults are lived artists";Rabindranath Tagore;The Parrot's Training and Other Essays on Education, 1920;Rabindranath Tagore;Poeta filósofo músico y pedagogo indio primer no europeo en recibir el Premio Nobel de Literatura en 1913. Fundó la escuela Santiniketan basada en una educación integral que une naturaleza arte espiritualidad y libertad. Defendió una educación poética y humanista que armoniza al hombre con la naturaleza y Dios rechazando el sistema educativo colonial. Su pedagogía enfatiza la creatividad el amor y la conexión con el cosmos.;Poeta philosophus musicus et paedagogus Indicus primus non Europaeus Praemium Nobel Litterarum anno 1913 recipere. Scholam Santiniketan fundavit in educatione integrali quae naturam artem spiritualitatem et libertatem coniungit fundatam. Educationem poeticam et humanisticam quae hominem cum natura et Deo harmonizat defendit systema educativum coloniale repudians. Paedagogia eius creativitatem amorem et conexionem cum cosmo emphasizat.;bn;Bengalí;Lingua Bengalice;India;India;Edad Contemporánea;Aetas Contemporanea;https://i.ibb.co/kgbszCVd/tagore.png;0
614;El aprendizaje significativo subyace a la integración constructiva de pensamiento, sentimiento y acción;Apprehensio significativa subiacet integrationi constructivae cogitationis, sensus et actionis;Meaningful learning underlies the constructive integration of thinking, feeling, and acting;Joseph D. Novak;Learning, Creating, and Using Knowledge, 1998;Iosephus D. Novak;Educador e investigador estadounidense creador de los Mapas Conceptuales en 1972. Trabajando sobre la teoría del aprendizaje significativo de David Ausubel desarrolló esta poderosa herramienta de representación gráfica del conocimiento. Profesor emérito de Cornell e investigador senior del IHMC revolucionó la forma de enseñar y evaluar demostrando que el aprendizaje significativo supera al memorístico. Su objetivo es liberar el potencial de aprendizaje desarrollando pensamiento creativo.;Educator et investigator Americanus creator Mapparum Conceptualium anno 1972. Super theoriam apprenhesionis significativae David Ausubel laborans hanc potentem instrumentum repraesentationis graphicae cognitionis elaboravit. Professor emeritus Cornell et investigator senior IHMC modum docendi et aestimandi revolutionavit demonstrans apprenhensionem significativam memoristicam superare. Scopus eius est potentiale apprenhesionis liberare cogitationem creativam evolventem.;en;Inglés;Lingua Anglica;Estados Unidos;Civitates Foederatae Americae;Edad Contemporánea;Aetas Contemporanea;https://i.ibb.co/sdL6mZws/novak.png;0
615;Los mapas conceptuales son herramientas para organizar y representar conocimiento;Mappae conceptuales sunt instrumenta ad cognitionem organizandam et repraesentandam;Concept maps are tools for organizing and representing knowledge;Joseph D. Novak;Learning How to Learn, 1984;Iosephus D. Novak;Educador e investigador estadounidense creador de los Mapas Conceptuales en 1972. Trabajando sobre la teoría del aprendizaje significativo de David Ausubel desarrolló esta poderosa herramienta de representación gráfica del conocimiento. Profesor emérito de Cornell e investigador senior del IHMC revolucionó la forma de enseñar y evaluar demostrando que el aprendizaje significativo supera al memorístico. Su objetivo es liberar el potencial de aprendizaje desarrollando pensamiento creativo.;Educator et investigator Americanus creator Mapparum Conceptualium anno 1972. Super theoriam apprenhesionis significativae David Ausubel laborans hanc potentem instrumentum repraesentationis graphicae cognitionis elaboravit. Professor emeritus Cornell et investigator senior IHMC modum docendi et aestimandi revolutionavit demonstrans apprenhensionem significativam memoristicam superare. Scopus eius est potentiale apprenhesionis liberare cogitationem creativam evolventem.;en;Inglés;Lingua Anglica;Estados Unidos;Civitates Foederatae Americae;Edad Contemporánea;Aetas Contemporanea;https://i.ibb.co/sdL6mZws/novak.png;0
616;El aprendizaje significativo ocurre cuando el estudiante relaciona conscientemente nuevos conceptos con conceptos que ya posee;Apprehensio significativa evenit cum discipulus conscienter conceptus novos cum conceptibus iam possessis coniungit;Meaningful learning occurs when the learner consciously relates new concepts to concepts already possessed;Joseph D. Novak;Journal of Research in Science Teaching, 27(10), 1990;Iosephus D. Novak;Educador e investigador estadounidense creador de los Mapas Conceptuales en 1972. Trabajando sobre la teoría del aprendizaje significativo de David Ausubel desarrolló esta poderosa herramienta de representación gráfica del conocimiento. Profesor emérito de Cornell e investigador senior del IHMC revolucionó la forma de enseñar y evaluar demostrando que el aprendizaje significativo supera al memorístico. Su objetivo es liberar el potencial de aprendizaje desarrollando pensamiento creativo.;Educator et investigator Americanus creator Mapparum Conceptualium anno 1972. Super theoriam apprenhesionis significativae David Ausubel laborans hanc potentem instrumentum repraesentationis graphicae cognitionis elaboravit. Professor emeritus Cornell et investigator senior IHMC modum docendi et aestimandi revolutionavit demonstrans apprenhensionem significativam memoristicam superare. Scopus eius est potentiale apprenhesionis liberare cogitationem creativam evolventem.;en;Inglés;Lingua Anglica;Estados Unidos;Civitates Foederatae Americae;Edad Contemporánea;Aetas Contemporanea;https://i.ibb.co/sdL6mZws/novak.png;0
617;Los mapas conceptuales ayudan al estudiante a ver el significado del material de aprendizaje;Mappae conceptuales adiuvant discipulum videre significationem materiae discendae;Concept maps help the student to see the meaning of learning material;Joseph D. Novak;Learning, Creating, and Using Knowledge, 1998;Iosephus D. Novak;Educador e investigador estadounidense creador de los Mapas Conceptuales en 1972. Trabajando sobre la teoría del aprendizaje significativo de David Ausubel desarrolló esta poderosa herramienta de representación gráfica del conocimiento. Profesor emérito de Cornell e investigador senior del IHMC revolucionó la forma de enseñar y evaluar demostrando que el aprendizaje significativo supera al memorístico. Su objetivo es liberar el potencial de aprendizaje desarrollando pensamiento creativo.;Educator et investigator Americanus creator Mapparum Conceptualium anno 1972. Super theoriam apprenhesionis significativae David Ausubel laborans hanc potentem instrumentum repraesentationis graphicae cognitionis elaboravit. Professor emeritus Cornell et investigator senior IHMC modum docendi et aestimandi revolutionavit demonstrans apprenhensionem significativam memoristicam superare. Scopus eius est potentiale apprenhesionis liberare cogitationem creativam evolventem.;en;Inglés;Lingua Anglica;Estados Unidos;Civitates Foederatae Americae;Edad Contemporánea;Aetas Contemporanea;https://i.ibb.co/sdL6mZws/novak.png;0
618;Aprender significativamente es aprender a aprender;Discere significative est discere discere;Learning meaningfully is learning to learn;Joseph D. Novak;Learning How to Learn, 1984;Iosephus D. Novak;Educador e investigador estadounidense creador de los Mapas Conceptuales en 1972. Trabajando sobre la teoría del aprendizaje significativo de David Ausubel desarrolló esta poderosa herramienta de representación gráfica del conocimiento. Profesor emérito de Cornell e investigador senior del IHMC revolucionó la forma de enseñar y evaluar demostrando que el aprendizaje significativo supera al memorístico. Su objetivo es liberar el potencial de aprendizaje desarrollando pensamiento creativo.;Educator et investigator Americanus creator Mapparum Conceptualium anno 1972. Super theoriam apprenhesionis significativae David Ausubel laborans hanc potentem instrumentum repraesentationis graphicae cognitionis elaboravit. Professor emeritus Cornell et investigator senior IHMC modum docendi et aestimandi revolutionavit demonstrans apprenhensionem significativam memoristicam superare. Scopus eius est potentiale apprenhesionis liberare cogitationem creativam evolventem.;en;Inglés;Lingua Anglica;Estados Unidos;Civitates Foederatae Americae;Edad Contemporánea;Aetas Contemporanea;https://i.ibb.co/sdL6mZws/novak.png;0
619;El factor más importante que influye en el aprendizaje es lo que el alumno ya sabe. Averígüelo y enséñele en consecuencia;Maximum momentum quod in apprehensionem influit est id quod discipulus iam scit. Hoc investiga et secundum hoc doce;The most important single factor influencing learning is what the learner already knows. Ascertain this and teach him accordingly;David Ausubel;Educational Psychology: A Cognitive View, 1968, p. 18;David Paulus Ausubel;Psicólogo y pedagogo estadounidense creador de la Teoría del Aprendizaje Significativo. Revolucionó la comprensión del proceso de aprendizaje al demostrar que el conocimiento verdadero solo nace cuando los nuevos contenidos tienen significado a la luz de los conocimientos previos. Desarrolló el concepto de organizadores previos herramientas que ayudan a conectar el nuevo material con la estructura cognitiva existente. Su frase más célebre es Si tuviese que reducir toda la psicología educativa a un solo principio enunciaría este El factor más importante que influye en el aprendizaje es lo que el alumno ya sabe Averígüese esto y enséñese consecuentemente.;Psychologus et paedagogus Americanus creator Theoriae Apprenhesionis Significativae. Intellectionem processus apprenhesionis revolutionavit demonstrans cognitionem veram solum nasci cum nova contenta significationem habeant ad lucem cognitionum praeviarum. Conceptum organizatorum praeviarum instrumenta quae adiuvant novum material cum structura cognitiva existente conectere elaboravit. Sententia eius celeberrima est Si totam psychologiam educativam ad unum principium reducere deberem hoc enuntiarem Factor gravissimus qui in apprenhensionem influit est quod discipulus iam scit Hoc investigetur et consequenter doceatur.;en;Inglés;Lingua Anglica;Estados Unidos;Civitates Foederatae Americae;Edad Contemporánea;Aetas Contemporanea;https://i.ibb.co/s9xMVWJK/ausubel.png;0
620;El aprendizaje significativo ocurre cuando una nueva información se conecta con un concepto relevante preexistente;Apprehensio significativa evenit cum nova informatio cum conceptu relevanti praeexistenti connectitur;Meaningful learning occurs when new information connects with a relevant preexisting concept;David Ausubel;Educational Psychology: A Cognitive View, 1968, pp. 21-22;David Paulus Ausubel;Psicólogo y pedagogo estadounidense creador de la Teoría del Aprendizaje Significativo. Revolucionó la comprensión del proceso de aprendizaje al demostrar que el conocimiento verdadero solo nace cuando los nuevos contenidos tienen significado a la luz de los conocimientos previos. Desarrolló el concepto de organizadores previos herramientas que ayudan a conectar el nuevo material con la estructura cognitiva existente. Su frase más célebre es Si tuviese que reducir toda la psicología educativa a un solo principio enunciaría este El factor más importante que influye en el aprendizaje es lo que el alumno ya sabe Averígüese esto y enséñese consecuentemente.;Psychologus et paedagogus Americanus creator Theoriae Apprenhesionis Significativae. Intellectionem processus apprenhesionis revolutionavit demonstrans cognitionem veram solum nasci cum nova contenta significationem habeant ad lucem cognitionum praeviarum. Conceptum organizatorum praeviarum instrumenta quae adiuvant novum material cum structura cognitiva existente conectere elaboravit. Sententia eius celeberrima est Si totam psychologiam educativam ad unum principium reducere deberem hoc enuntiarem Factor gravissimus qui in apprenhensionem influit est quod discipulus iam scit Hoc investigetur et consequenter doceatur.;en;Inglés;Lingua Anglica;Estados Unidos;Civitates Foederatae Americae;Edad Contemporánea;Aetas Contemporanea;https://i.ibb.co/s9xMVWJK/ausubel.png;0
621;La esencia del proceso de aprendizaje significativo: ideas simbólicas relacionadas no arbitrariamente con lo que el alumno ya sabe;Essentia processus apprehensionis significativae: ideae symbolicae non arbitrarie cum eo quod discipulus iam scit relatae;The essence of meaningful learning: symbolic ideas related non-arbitrarily to what the learner already knows;David Ausubel;Educational Psychology: A Cognitive View, 1968, p. 22;David Paulus Ausubel;Psicólogo y pedagogo estadounidense creador de la Teoría del Aprendizaje Significativo. Revolucionó la comprensión del proceso de aprendizaje al demostrar que el conocimiento verdadero solo nace cuando los nuevos contenidos tienen significado a la luz de los conocimientos previos. Desarrolló el concepto de organizadores previos herramientas que ayudan a conectar el nuevo material con la estructura cognitiva existente. Su frase más célebre es Si tuviese que reducir toda la psicología educativa a un solo principio enunciaría este El factor más importante que influye en el aprendizaje es lo que el alumno ya sabe Averígüese esto y enséñese consecuentemente.;Psychologus et paedagogus Americanus creator Theoriae Apprenhesionis Significativae. Intellectionem processus apprenhesionis revolutionavit demonstrans cognitionem veram solum nasci cum nova contenta significationem habeant ad lucem cognitionum praeviarum. Conceptum organizatorum praeviarum instrumenta quae adiuvant novum material cum structura cognitiva existente conectere elaboravit. Sententia eius celeberrima est Si totam psychologiam educativam ad unum principium reducere deberem hoc enuntiarem Factor gravissimus qui in apprenhensionem influit est quod discipulus iam scit Hoc investigetur et consequenter doceatur.;en;Inglés;Lingua Anglica;Estados Unidos;Civitates Foederatae Americae;Edad Contemporánea;Aetas Contemporanea;https://i.ibb.co/s9xMVWJK/ausubel.png;0
622;El alumno debe manifestar disposición para relacionar sustancialmente el nuevo material con su estructura cognitiva;Discipulus dispositionem manifestare debet ad novam materiam substantialiter cum structura sua cognitiva conectendam;The learner must manifest willingness to relate the new material substantially to his cognitive structure;David Ausubel;Educational Psychology: A Cognitive View, 1968, p. 23;David Paulus Ausubel;Psicólogo y pedagogo estadounidense creador de la Teoría del Aprendizaje Significativo. Revolucionó la comprensión del proceso de aprendizaje al demostrar que el conocimiento verdadero solo nace cuando los nuevos contenidos tienen significado a la luz de los conocimientos previos. Desarrolló el concepto de organizadores previos herramientas que ayudan a conectar el nuevo material con la estructura cognitiva existente. Su frase más célebre es Si tuviese que reducir toda la psicología educativa a un solo principio enunciaría este El factor más importante que influye en el aprendizaje es lo que el alumno ya sabe Averígüese esto y enséñese consecuentemente.;Psychologus et paedagogus Americanus creator Theoriae Apprenhesionis Significativae. Intellectionem processus apprenhesionis revolutionavit demonstrans cognitionem veram solum nasci cum nova contenta significationem habeant ad lucem cognitionum praeviarum. Conceptum organizatorum praeviarum instrumenta quae adiuvant novum material cum structura cognitiva existente conectere elaboravit. Sententia eius celeberrima est Si totam psychologiam educativam ad unum principium reducere deberem hoc enuntiarem Factor gravissimus qui in apprenhensionem influit est quod discipulus iam scit Hoc investigetur et consequenter doceatur.;en;Inglés;Lingua Anglica;Estados Unidos;Civitates Foederatae Americae;Edad Contemporánea;Aetas Contemporanea;https://i.ibb.co/s9xMVWJK/ausubel.png;0
623;Los organizadores previos facilitan la asimilación;Organizatores praeii assimilationem facilitant;Advance organizers facilitate assimilation;David Ausubel;Educational Psychology: A Cognitive View, 1968, pp. 23-24;David Paulus Ausubel;Psicólogo y pedagogo estadounidense creador de la Teoría del Aprendizaje Significativo. Revolucionó la comprensión del proceso de aprendizaje al demostrar que el conocimiento verdadero solo nace cuando los nuevos contenidos tienen significado a la luz de los conocimientos previos. Desarrolló el concepto de organizadores previos herramientas que ayudan a conectar el nuevo material con la estructura cognitiva existente. Su frase más célebre es Si tuviese que reducir toda la psicología educativa a un solo principio enunciaría este El factor más importante que influye en el aprendizaje es lo que el alumno ya sabe Averígüese esto y enséñese consecuentemente.;Psychologus et paedagogus Americanus creator Theoriae Apprenhesionis Significativae. Intellectionem processus apprenhesionis revolutionavit demonstrans cognitionem veram solum nasci cum nova contenta significationem habeant ad lucem cognitionum praeviarum. Conceptum organizatorum praeviarum instrumenta quae adiuvant novum material cum structura cognitiva existente conectere elaboravit. Sententia eius celeberrima est Si totam psychologiam educativam ad unum principium reducere deberem hoc enuntiarem Factor gravissimus qui in apprenhensionem influit est quod discipulus iam scit Hoc investigetur et consequenter doceatur.;en;Inglés;Lingua Anglica;Estados Unidos;Civitates Foederatae Americae;Edad Contemporánea;Aetas Contemporanea;https://i.ibb.co/s9xMVWJK/ausubel.png;0
624;El aprendizaje por descubrimiento no es necesariamente significativo;Apprehensio per inventionem non necessario significativa est;Discovery learning is not necessarily meaningful;David Ausubel;Educational Psychology: A Cognitive View, 1968, p. 27;David Paulus Ausubel;Psicólogo y pedagogo estadounidense creador de la Teoría del Aprendizaje Significativo. Revolucionó la comprensión del proceso de aprendizaje al demostrar que el conocimiento verdadero solo nace cuando los nuevos contenidos tienen significado a la luz de los conocimientos previos. Desarrolló el concepto de organizadores previos herramientas que ayudan a conectar el nuevo material con la estructura cognitiva existente. Su frase más célebre es Si tuviese que reducir toda la psicología educativa a un solo principio enunciaría este El factor más importante que influye en el aprendizaje es lo que el alumno ya sabe Averígüese esto y enséñese consecuentemente.;Psychologus et paedagogus Americanus creator Theoriae Apprenhesionis Significativae. Intellectionem processus apprenhesionis revolutionavit demonstrans cognitionem veram solum nasci cum nova contenta significationem habeant ad lucem cognitionum praeviarum. Conceptum organizatorum praeviarum instrumenta quae adiuvant novum material cum structura cognitiva existente conectere elaboravit. Sententia eius celeberrima est Si totam psychologiam educativam ad unum principium reducere deberem hoc enuntiarem Factor gravissimus qui in apprenhensionem influit est quod discipulus iam scit Hoc investigetur et consequenter doceatur.;en;Inglés;Lingua Anglica;Estados Unidos;Civitates Foederatae Americae;Edad Contemporánea;Aetas Contemporanea;https://i.ibb.co/s9xMVWJK/ausubel.png;0
625;La adquisición de un cuerpo de conocimiento claro, estable y organizado es la variable más significativa para adquirir nuevos conocimientos;Acquisitio corporis cognitionis clari, stabilis et organizati est variabilis maxime significativa ad novas cognitiones acquirendas;The acquisition of a clear, stable and organized body of knowledge is the most significant variable for acquiring new knowledge;David Ausubel;Educational Psychology: A Cognitive View, 1968, p. 18;David Paulus Ausubel;Psicólogo y pedagogo estadounidense creador de la Teoría del Aprendizaje Significativo. Revolucionó la comprensión del proceso de aprendizaje al demostrar que el conocimiento verdadero solo nace cuando los nuevos contenidos tienen significado a la luz de los conocimientos previos. Desarrolló el concepto de organizadores previos herramientas que ayudan a conectar el nuevo material con la estructura cognitiva existente. Su frase más célebre es Si tuviese que reducir toda la psicología educativa a un solo principio enunciaría este El factor más importante que influye en el aprendizaje es lo que el alumno ya sabe Averígüese esto y enséñese consecuentemente.;Psychologus et paedagogus Americanus creator Theoriae Apprenhesionis Significativae. Intellectionem processus apprenhesionis revolutionavit demonstrans cognitionem veram solum nasci cum nova contenta significationem habeant ad lucem cognitionum praeviarum. Conceptum organizatorum praeviarum instrumenta quae adiuvant novum material cum structura cognitiva existente conectere elaboravit. Sententia eius celeberrima est Si totam psychologiam educativam ad unum principium reducere deberem hoc enuntiarem Factor gravissimus qui in apprenhensionem influit est quod discipulus iam scit Hoc investigetur et consequenter doceatur.;en;Inglés;Lingua Anglica;Estados Unidos;Civitates Foederatae Americae;Edad Contemporánea;Aetas Contemporanea;https://i.ibb.co/s9xMVWJK/ausubel.png;0
626;Para educar a un niño hace falta la tribu entera;Ad puerum educandum tota tribus necessaria est;Para educar a un niño hace falta la tribu entera;Proverbio Africano;;Proverbium Africanum;Sabiduría tradicional de las diversas culturas y pueblos africanos que transmite valores comunitarios sobre la cooperación la solidaridad familiar la importancia de la comunidad y la educación colectiva. Destaca la visión africana de que la crianza y educación de los niños es responsabilidad de toda la comunidad no solo de los padres.;Sapientia traditionalis diversarum culturarum et populorum Africanorum quae valores communitarios de cooperatione solidaritate familiari importantia communitatis et educatione collectiva transmittit. Visionem Africanam emphasizat educationem et curam puerorum responsabilitatem totius communitatis esse non solum parentum.;#N/D;0;#N/D;0;#N/D;Epoca Desconocida;Epocha Ignota;https://i.ibb.co/BKdVkDB2/africa.png;0
627;No limites a tu hijo a tus propios conocimientos porque él nació en otra época;Ne limites filium tuum ad tua propria cognitiones quia ipse in alia aetate natus est;אַל תַּגְבִּיל אֶת בִּנְךָ לְיְדִיעוֹתֶיךָ שֶׁלְּךָ כִּי הוּא נוֹלַד בִּזְמַן אַחֵר;Proverbio Judío;;Proverbium Iudaicum;Máximas de la tradición judía transmitidas a través de generaciones que condensan la sabiduría rabínica talmúdica y popular sobre la educación el estudio la familia y la vida. Reflejan la profunda valoración del conocimiento el aprendizaje continuo y la necesidad de adaptar la educación a cada época y generación respetando la singularidad de cada niño.;Maximae traditionis Iudaicae per generationes transmissae quae sapientiam rabbinicam talmudicum et popularem de educatione studio familia et vita condensant. Profundam aestimationem cognitionis apprenhesionis continuae et necessitatem educationem ad singulam epocham et generationem adaptandi singularitatem uniuscuiusque pueri respectando reflectunt.;he;Hebreo;Lingua Hebraica;Israel;Israel;Epoca Desconocida;Epocha Ignota;https://i.ibb.co/HDXxrpfv/israel.png;0
628;Educa a un niño en su propia senda de modo que incluso cuando se haga viejo no se desvíe de ella;Educa puerum in via sua ut etiam cum senuerit non recedat ab ea;חֲנֹךְ לַנַּעַר עַל פִּי דַרְכּוֹ גַּם כִּי יַזְקִין לֹא יָסוּר מִמֶּנָּה;Proverbio Judío;;Proverbium Iudaicum;Máximas de la tradición judía transmitidas a través de generaciones que condensan la sabiduría rabínica talmúdica y popular sobre la educación el estudio la familia y la vida. Reflejan la profunda valoración del conocimiento el aprendizaje continuo y la necesidad de adaptar la educación a cada época y generación respetando la singularidad de cada niño.;Maximae traditionis Iudaicae per generationes transmissae quae sapientiam rabbinicam talmudicum et popularem de educatione studio familia et vita condensant. Profundam aestimationem cognitionis apprenhesionis continuae et necessitatem educationem ad singulam epocham et generationem adaptandi singularitatem uniuscuiusque pueri respectando reflectunt.;he;Hebreo;Lingua Hebraica;Israel;Israel;Epoca Desconocida;Epocha Ignota;https://i.ibb.co/HDXxrpfv/israel.png;0
629;Si quieres ir rápido camina solo Si quieres llegar lejos camina acompañado;Si vis celeriter ire ambula solus Si vis longe pervenire ambula comitatus;Si quieres ir rápido camina solo Si quieres llegar lejos camina acompañado;Proverbio Africano;;Proverbium Africanum;Sabiduría tradicional de las diversas culturas y pueblos africanos que transmite valores comunitarios sobre la cooperación la solidaridad familiar la importancia de la comunidad y la educación colectiva. Destaca la visión africana de que la crianza y educación de los niños es responsabilidad de toda la comunidad no solo de los padres.;Sapientia traditionalis diversarum culturarum et populorum Africanorum quae valores communitarios de cooperatione solidaritate familiari importantia communitatis et educatione collectiva transmittit. Visionem Africanam emphasizat educationem et curam puerorum responsabilitatem totius communitatis esse non solum parentum.;#N/D;0;#N/D;0;#N/D;Epoca Desconocida;Epocha Ignota;https://i.ibb.co/BKdVkDB2/africa.png;0
630;Hablar mucho es un signo de vanidad el que sabe escucha;Multum loqui signum vanitatis est qui scit audit;Hablar mucho es un signo de vanidad el que sabe escucha;Proverbio Africano;;Proverbium Africanum;Sabiduría tradicional de las diversas culturas y pueblos africanos que transmite valores comunitarios sobre la cooperación la solidaridad familiar la importancia de la comunidad y la educación colectiva. Destaca la visión africana de que la crianza y educación de los niños es responsabilidad de toda la comunidad no solo de los padres.;Sapientia traditionalis diversarum culturarum et populorum Africanorum quae valores communitarios de cooperatione solidaritate familiari importantia communitatis et educatione collectiva transmittit. Visionem Africanam emphasizat educationem et curam puerorum responsabilitatem totius communitatis esse non solum parentum.;#N/D;0;#N/D;0;#N/D;Epoca Desconocida;Epocha Ignota;https://i.ibb.co/BKdVkDB2/africa.png;0
631;Por mucho que madrugues el sol no saldrá antes;Quantumcumque mane surgis sol non ante orietur;Por mucho que madrugues el sol no saldrá antes;Proverbio Africano;;Proverbium Africanum;Sabiduría tradicional de las diversas culturas y pueblos africanos que transmite valores comunitarios sobre la cooperación la solidaridad familiar la importancia de la comunidad y la educación colectiva. Destaca la visión africana de que la crianza y educación de los niños es responsabilidad de toda la comunidad no solo de los padres.;Sapientia traditionalis diversarum culturarum et populorum Africanorum quae valores communitarios de cooperatione solidaritate familiari importantia communitatis et educatione collectiva transmittit. Visionem Africanam emphasizat educationem et curam puerorum responsabilitatem totius communitatis esse non solum parentum.;#N/D;0;#N/D;0;#N/D;Epoca Desconocida;Epocha Ignota;https://i.ibb.co/BKdVkDB2/africa.png;0
632;Cuando las raíces de un árbol empiezan a pudrirse la muerte llega a las ramas;Cum radices arboris putrescere incipiunt mors ad ramos pervenit;Cuando las raíces de un árbol empiezan a pudrirse la muerte llega a las ramas;Proverbio Africano;;Proverbium Africanum;Sabiduría tradicional de las diversas culturas y pueblos africanos que transmite valores comunitarios sobre la cooperación la solidaridad familiar la importancia de la comunidad y la educación colectiva. Destaca la visión africana de que la crianza y educación de los niños es responsabilidad de toda la comunidad no solo de los padres.;Sapientia traditionalis diversarum culturarum et populorum Africanorum quae valores communitarios de cooperatione solidaritate familiari importantia communitatis et educatione collectiva transmittit. Visionem Africanam emphasizat educationem et curam puerorum responsabilitatem totius communitatis esse non solum parentum.;#N/D;0;#N/D;0;#N/D;Epoca Desconocida;Epocha Ignota;https://i.ibb.co/BKdVkDB2/africa.png;0
633;El río se llena con arroyos pequeños;Fluvius rivis parvis impletur;El río se llena con arroyos pequeños;Proverbio Africano;;Proverbium Africanum;Sabiduría tradicional de las diversas culturas y pueblos africanos que transmite valores comunitarios sobre la cooperación la solidaridad familiar la importancia de la comunidad y la educación colectiva. Destaca la visión africana de que la crianza y educación de los niños es responsabilidad de toda la comunidad no solo de los padres.;Sapientia traditionalis diversarum culturarum et populorum Africanorum quae valores communitarios de cooperatione solidaritate familiari importantia communitatis et educatione collectiva transmittit. Visionem Africanam emphasizat educationem et curam puerorum responsabilitatem totius communitatis esse non solum parentum.;#N/D;0;#N/D;0;#N/D;Epoca Desconocida;Epocha Ignota;https://i.ibb.co/BKdVkDB2/africa.png;0
634;La huella de los que caminaron antes que nosotros es el camino que debemos seguir;Vestigium eorum qui ante nos ambulaverunt via est quam sequi debemus;La huella de los que caminaron antes que nosotros es el camino que debemos seguir;Proverbio Africano;;Proverbium Africanum;Sabiduría tradicional de las diversas culturas y pueblos africanos que transmite valores comunitarios sobre la cooperación la solidaridad familiar la importancia de la comunidad y la educación colectiva. Destaca la visión africana de que la crianza y educación de los niños es responsabilidad de toda la comunidad no solo de los padres.;Sapientia traditionalis diversarum culturarum et populorum Africanorum quae valores communitarios de cooperatione solidaritate familiari importantia communitatis et educatione collectiva transmittit. Visionem Africanam emphasizat educationem et curam puerorum responsabilitatem totius communitatis esse non solum parentum.;#N/D;0;#N/D;0;#N/D;Epoca Desconocida;Epocha Ignota;https://i.ibb.co/BKdVkDB2/africa.png;0
635;Un solo dedo no puede levantar una piedra;Unus digitus lapidem levare non potest;Un solo dedo no puede levantar una piedra;Proverbio Africano;;Proverbium Africanum;Sabiduría tradicional de las diversas culturas y pueblos africanos que transmite valores comunitarios sobre la cooperación la solidaridad familiar la importancia de la comunidad y la educación colectiva. Destaca la visión africana de que la crianza y educación de los niños es responsabilidad de toda la comunidad no solo de los padres.;Sapientia traditionalis diversarum culturarum et populorum Africanorum quae valores communitarios de cooperatione solidaritate familiari importantia communitatis et educatione collectiva transmittit. Visionem Africanam emphasizat educationem et curam puerorum responsabilitatem totius communitatis esse non solum parentum.;#N/D;0;#N/D;0;#N/D;Epoca Desconocida;Epocha Ignota;https://i.ibb.co/BKdVkDB2/africa.png;0
636;La sabiduría es como un árbol baobab ninguna persona puede abarcarlo con sus brazos;Sapientia est sicut arbor baobab nulla persona eam brachiis suis complecti potest;La sabiduría es como un árbol baobab ninguna persona puede abarcarlo con sus brazos;Proverbio Africano;;Proverbium Africanum;Sabiduría tradicional de las diversas culturas y pueblos africanos que transmite valores comunitarios sobre la cooperación la solidaridad familiar la importancia de la comunidad y la educación colectiva. Destaca la visión africana de que la crianza y educación de los niños es responsabilidad de toda la comunidad no solo de los padres.;Sapientia traditionalis diversarum culturarum et populorum Africanorum quae valores communitarios de cooperatione solidaritate familiari importantia communitatis et educatione collectiva transmittit. Visionem Africanam emphasizat educationem et curam puerorum responsabilitatem totius communitatis esse non solum parentum.;#N/D;0;#N/D;0;#N/D;Epoca Desconocida;Epocha Ignota;https://i.ibb.co/BKdVkDB2/africa.png;0
637;He aprendido mucho de mis maestros más de mis colegas pero más que de todos ellos de mis alumnos;Multum a magistris meis didici plus a collegis sed plus quam ab omnibus illis a discipulis meis;למדתי הרבה ממוריי יותר מחבריי אבל יותר מכולם מתלמידיי;Proverbio Judío;;Proverbium Iudaicum;Máximas de la tradición judía transmitidas a través de generaciones que condensan la sabiduría rabínica talmúdica y popular sobre la educación el estudio la familia y la vida. Reflejan la profunda valoración del conocimiento el aprendizaje continuo y la necesidad de adaptar la educación a cada época y generación respetando la singularidad de cada niño.;Maximae traditionis Iudaicae per generationes transmissae quae sapientiam rabbinicam talmudicum et popularem de educatione studio familia et vita condensant. Profundam aestimationem cognitionis apprenhesionis continuae et necessitatem educationem ad singulam epocham et generationem adaptandi singularitatem uniuscuiusque pueri respectando reflectunt.;he;Hebreo;Lingua Hebraica;Israel;Israel;Epoca Desconocida;Epocha Ignota;https://i.ibb.co/HDXxrpfv/israel.png;0
638;Quién es sabio El que aprende de todos los hombres;Quis est sapiens Qui ab omnibus hominibus discit;איזהו חכם הלומד מכל אדם;Proverbio Judío;;Proverbium Iudaicum;Máximas de la tradición judía transmitidas a través de generaciones que condensan la sabiduría rabínica talmúdica y popular sobre la educación el estudio la familia y la vida. Reflejan la profunda valoración del conocimiento el aprendizaje continuo y la necesidad de adaptar la educación a cada época y generación respetando la singularidad de cada niño.;Maximae traditionis Iudaicae per generationes transmissae quae sapientiam rabbinicam talmudicum et popularem de educatione studio familia et vita condensant. Profundam aestimationem cognitionis apprenhesionis continuae et necessitatem educationem ad singulam epocham et generationem adaptandi singularitatem uniuscuiusque pueri respectando reflectunt.;he;Hebreo;Lingua Hebraica;Israel;Israel;Epoca Desconocida;Epocha Ignota;https://i.ibb.co/HDXxrpfv/israel.png;0
639;No digas poco en muchas palabras sino mucho en pocas;Ne dicas pauca in multis verbis sed multa in paucis;אַל תֹּאמַר מְעַט בִּדְבָרִים רַבִּים אֶלָּא הַרְבֵּה בִּמְעַט;Proverbio Judío;;Proverbium Iudaicum;Máximas de la tradición judía transmitidas a través de generaciones que condensan la sabiduría rabínica talmúdica y popular sobre la educación el estudio la familia y la vida. Reflejan la profunda valoración del conocimiento el aprendizaje continuo y la necesidad de adaptar la educación a cada época y generación respetando la singularidad de cada niño.;Maximae traditionis Iudaicae per generationes transmissae quae sapientiam rabbinicam talmudicum et popularem de educatione studio familia et vita condensant. Profundam aestimationem cognitionis apprenhesionis continuae et necessitatem educationem ad singulam epocham et generationem adaptandi singularitatem uniuscuiusque pueri respectando reflectunt.;he;Hebreo;Lingua Hebraica;Israel;Israel;Epoca Desconocida;Epocha Ignota;https://i.ibb.co/HDXxrpfv/israel.png;0
640;Si no soy yo para mí quién será Y si solo soy para mí qué soy yo;Si non sum mihi quis mihi erit Et si solum mihi sum quid ego sum;אִם אֵין אֲנִי לִי מִי לִי וּכְשֶׁאֲנִי לְעַצְמִי מָה אֲנִי;Proverbio Judío;;Proverbium Iudaicum;Máximas de la tradición judía transmitidas a través de generaciones que condensan la sabiduría rabínica talmúdica y popular sobre la educación el estudio la familia y la vida. Reflejan la profunda valoración del conocimiento el aprendizaje continuo y la necesidad de adaptar la educación a cada época y generación respetando la singularidad de cada niño.;Maximae traditionis Iudaicae per generationes transmissae quae sapientiam rabbinicam talmudicum et popularem de educatione studio familia et vita condensant. Profundam aestimationem cognitionis apprenhesionis continuae et necessitatem educationem ad singulam epocham et generationem adaptandi singularitatem uniuscuiusque pueri respectando reflectunt.;he;Hebreo;Lingua Hebraica;Israel;Israel;Epoca Desconocida;Epocha Ignota;https://i.ibb.co/HDXxrpfv/israel.png;0
641;Dios no pudo estar en todas partes y por eso creó a las madres;Deus ubique esse non potuit et ideo matres creavit;אלוהים לא יכול להיות בכל מקום ולכן ברא אמהות;Proverbio Judío;;Proverbium Iudaicum;Máximas de la tradición judía transmitidas a través de generaciones que condensan la sabiduría rabínica talmúdica y popular sobre la educación el estudio la familia y la vida. Reflejan la profunda valoración del conocimiento el aprendizaje continuo y la necesidad de adaptar la educación a cada época y generación respetando la singularidad de cada niño.;Maximae traditionis Iudaicae per generationes transmissae quae sapientiam rabbinicam talmudicum et popularem de educatione studio familia et vita condensant. Profundam aestimationem cognitionis apprenhesionis continuae et necessitatem educationem ad singulam epocham et generationem adaptandi singularitatem uniuscuiusque pueri respectando reflectunt.;he;Hebreo;Lingua Hebraica;Israel;Israel;Epoca Desconocida;Epocha Ignota;https://i.ibb.co/HDXxrpfv/israel.png;0
642;El hombre que no sabe que no sabe es un tonto apártate de él El hombre que sabe que no sabe es un niño enséñale;Homo qui nescit se nescire stultus est recede ab eo Homo qui scit se nescire puer est doce eum;האיש שאינו יודע שהוא לא יודע הוא טיפש התרחק ממנו האיש שיודע שהוא לא יודע הוא ילד למד אותו;Proverbio Judío;;Proverbium Iudaicum;Máximas de la tradición judía transmitidas a través de generaciones que condensan la sabiduría rabínica talmúdica y popular sobre la educación el estudio la familia y la vida. Reflejan la profunda valoración del conocimiento el aprendizaje continuo y la necesidad de adaptar la educación a cada época y generación respetando la singularidad de cada niño.;Maximae traditionis Iudaicae per generationes transmissae quae sapientiam rabbinicam talmudicum et popularem de educatione studio familia et vita condensant. Profundam aestimationem cognitionis apprenhesionis continuae et necessitatem educationem ad singulam epocham et generationem adaptandi singularitatem uniuscuiusque pueri respectando reflectunt.;he;Hebreo;Lingua Hebraica;Israel;Israel;Epoca Desconocida;Epocha Ignota;https://i.ibb.co/HDXxrpfv/israel.png;0
643;Quien se enoja pierde;Qui irascitur perdit;הכועס מפסיד;Proverbio Judío;;Proverbium Iudaicum;Máximas de la tradición judía transmitidas a través de generaciones que condensan la sabiduría rabínica talmúdica y popular sobre la educación el estudio la familia y la vida. Reflejan la profunda valoración del conocimiento el aprendizaje continuo y la necesidad de adaptar la educación a cada época y generación respetando la singularidad de cada niño.;Maximae traditionis Iudaicae per generationes transmissae quae sapientiam rabbinicam talmudicum et popularem de educatione studio familia et vita condensant. Profundam aestimationem cognitionis apprenhesionis continuae et necessitatem educationem ad singulam epocham et generationem adaptandi singularitatem uniuscuiusque pueri respectando reflectunt.;he;Hebreo;Lingua Hebraica;Israel;Israel;Epoca Desconocida;Epocha Ignota;https://i.ibb.co/HDXxrpfv/israel.png;0
644;El estudio de la Torá es superior a todo;Studium Legis omnibus superior est;תלמוד תורה כנגד כולם;Proverbio Judío;;Proverbium Iudaicum;Máximas de la tradición judía transmitidas a través de generaciones que condensan la sabiduría rabínica talmúdica y popular sobre la educación el estudio la familia y la vida. Reflejan la profunda valoración del conocimiento el aprendizaje continuo y la necesidad de adaptar la educación a cada época y generación respetando la singularidad de cada niño.;Maximae traditionis Iudaicae per generationes transmissae quae sapientiam rabbinicam talmudicum et popularem de educatione studio familia et vita condensant. Profundam aestimationem cognitionis apprenhesionis continuae et necessitatem educationem ad singulam epocham et generationem adaptandi singularitatem uniuscuiusque pueri respectando reflectunt.;he;Hebreo;Lingua Hebraica;Israel;Israel;Epoca Desconocida;Epocha Ignota;https://i.ibb.co/HDXxrpfv/israel.png;0
645;Todo lo que tiene nombre existe;Omne quod nomen habet existit;Izena duen guztia omen da;Refrán Vasco;;Sententia Vasconica;Proverbios de la tradición oral vasca que reflejan la relación con la naturaleza, el trabajo y los valores comunitarios del pueblo vasco.;Collectio sententiarum Vasconicarum.;eu;Euskara;Lingua Vasconica;España;Hispania;Epoca Desconocida;Epocha Ignota;https://i.ibb.co/bjgxB3kn/euskadi.png;0
646;Palabra dada deuda contraída;Verbum datum debitum contractum;Hitz emana zor emana;Refrán Vasco;;Sententia Vasconica;Proverbios de la tradición oral vasca que reflejan la relación con la naturaleza, el trabajo y los valores comunitarios del pueblo vasco.;Collectio sententiarum Vasconicarum.;eu;Euskara;Lingua Vasconica;España;Hispania;Epoca Desconocida;Epocha Ignota;https://i.ibb.co/bjgxB3kn/euskadi.png;0
647;La verdad no tiene amigos;Veritas amicos non habet;Egiak ez du lagunik;Refrán Vasco;;Sententia Vasconica;Proverbios de la tradición oral vasca que reflejan la relación con la naturaleza, el trabajo y los valores comunitarios del pueblo vasco.;Collectio sententiarum Vasconicarum.;eu;Euskara;Lingua Vasconica;España;Hispania;Epoca Desconocida;Epocha Ignota;https://i.ibb.co/bjgxB3kn/euskadi.png;0
648;Quien dice luego dice que se quede sin hacer;Qui dicit postea dicit ut maneat infectum;Gero dioenak bego dio;Refrán Vasco;;Sententia Vasconica;Proverbios de la tradición oral vasca que reflejan la relación con la naturaleza, el trabajo y los valores comunitarios del pueblo vasco.;Collectio sententiarum Vasconicarum.;eu;Euskara;Lingua Vasconica;España;Hispania;Epoca Desconocida;Epocha Ignota;https://i.ibb.co/bjgxB3kn/euskadi.png;0
649;El que aprende sabe;Qui discit scit;Ikasten duenak badaki;Refrán Vasco;;Sententia Vasconica;Proverbios de la tradición oral vasca que reflejan la relación con la naturaleza, el trabajo y los valores comunitarios del pueblo vasco.;Collectio sententiarum Vasconicarum.;eu;Euskara;Lingua Vasconica;España;Hispania;Epoca Desconocida;Epocha Ignota;https://i.ibb.co/bjgxB3kn/euskadi.png;0
650;Según sea la madera así será la astilla;Qualis lignum talis assula;Nolako egurra halako ezpala;Refrán Vasco;;Sententia Vasconica;Proverbios de la tradición oral vasca que reflejan la relación con la naturaleza, el trabajo y los valores comunitarios del pueblo vasco.;Collectio sententiarum Vasconicarum.;eu;Euskara;Lingua Vasconica;España;Hispania;Epoca Desconocida;Epocha Ignota;https://i.ibb.co/bjgxB3kn/euskadi.png;0
651;Noticias viejas valen poco;Notitiae veteres parvi valoris sunt;Zaharrak berri gutxi balio;Refrán Vasco;;Sententia Vasconica;Proverbios de la tradición oral vasca que reflejan la relación con la naturaleza, el trabajo y los valores comunitarios del pueblo vasco.;Collectio sententiarum Vasconicarum.;eu;Euskara;Lingua Vasconica;España;Hispania;Epoca Desconocida;Epocha Ignota;https://i.ibb.co/bjgxB3kn/euskadi.png;0
652;Para el vago siempre es fiesta;Pigro semper dies festus est;Alferrarentzat beti da jaia;Refrán Vasco;;Sententia Vasconica;Proverbios de la tradición oral vasca que reflejan la relación con la naturaleza, el trabajo y los valores comunitarios del pueblo vasco.;Collectio sententiarum Vasconicarum.;eu;Euskara;Lingua Vasconica;España;Hispania;Epoca Desconocida;Epocha Ignota;https://i.ibb.co/bjgxB3kn/euskadi.png;0
653;A cada tiempo lo suyo;Cuique tempori sua;Aldian aldiko hura da garaiko;Refrán Vasco;;Sententia Vasconica;Proverbios de la tradición oral vasca que reflejan la relación con la naturaleza, el trabajo y los valores comunitarios del pueblo vasco.;Collectio sententiarum Vasconicarum.;eu;Euskara;Lingua Vasconica;España;Hispania;Epoca Desconocida;Epocha Ignota;https://i.ibb.co/bjgxB3kn/euskadi.png;0
654;El agua se va y la piedra se queda;Aqua abit saxum manet;Ura joan eta harria gelditu;Refrán Vasco;;Sententia Vasconica;Proverbios de la tradición oral vasca que reflejan la relación con la naturaleza, el trabajo y los valores comunitarios del pueblo vasco.;Collectio sententiarum Vasconicarum.;eu;Euskara;Lingua Vasconica;España;Hispania;Epoca Desconocida;Epocha Ignota;https://i.ibb.co/bjgxB3kn/euskadi.png;0
655;Cada uno lo suyo lo de todos para el mundo entero;Unusquisque suum omnium pro mundo toto;Bakoitzak berea mundu osoarena;Refrán Vasco;;Sententia Vasconica;Proverbios de la tradición oral vasca que reflejan la relación con la naturaleza, el trabajo y los valores comunitarios del pueblo vasco.;Collectio sententiarum Vasconicarum.;eu;Euskara;Lingua Vasconica;España;Hispania;Epoca Desconocida;Epocha Ignota;https://i.ibb.co/bjgxB3kn/euskadi.png;0
656;Menudo par el caracol y la babosa;Par quale limax et cochlea;A ze parea karakola ta barea;Refrán Vasco;;Sententia Vasconica;Proverbios de la tradición oral vasca que reflejan la relación con la naturaleza, el trabajo y los valores comunitarios del pueblo vasco.;Collectio sententiarum Vasconicarum.;eu;Euskara;Lingua Vasconica;España;Hispania;Epoca Desconocida;Epocha Ignota;https://i.ibb.co/bjgxB3kn/euskadi.png;0
657;Mejor que ser rico tener buena reputación;Melius quam divitem esse bonam famam habere;Aberats izatea baino izen ona hobe;Refrán Vasco;;Sententia Vasconica;Proverbios de la tradición oral vasca que reflejan la relación con la naturaleza, el trabajo y los valores comunitarios del pueblo vasco.;Collectio sententiarum Vasconicarum.;eu;Euskara;Lingua Vasconica;España;Hispania;Epoca Desconocida;Epocha Ignota;https://i.ibb.co/bjgxB3kn/euskadi.png;0
658;El rico todo trampa el pobre todo sueños;Dives totus dolus pauper totus somnia;Aberatsa tranpa hutsa pobrea amets hutsa;Refrán Vasco;;Sententia Vasconica;Proverbios de la tradición oral vasca que reflejan la relación con la naturaleza, el trabajo y los valores comunitarios del pueblo vasco.;Collectio sententiarum Vasconicarum.;eu;Euskara;Lingua Vasconica;España;Hispania;Epoca Desconocida;Epocha Ignota;https://i.ibb.co/bjgxB3kn/euskadi.png;0
659;Con buenos amigos las horas son cortas;Cum bonis amicis horae breves sunt;Adiskide onekin orduak labur;Refrán Vasco;;Sententia Vasconica;Proverbios de la tradición oral vasca que reflejan la relación con la naturaleza, el trabajo y los valores comunitarios del pueblo vasco.;Collectio sententiarum Vasconicarum.;eu;Euskara;Lingua Vasconica;España;Hispania;Epoca Desconocida;Epocha Ignota;https://i.ibb.co/bjgxB3kn/euskadi.png;0
660;Una vida sin amigos es una muerte sin compañeros;Vita sine amicis mors sine comitibus est;Adiskidegabeko bizitza auzogabeko heriotza;Refrán Vasco;;Sententia Vasconica;Proverbios de la tradición oral vasca que reflejan la relación con la naturaleza, el trabajo y los valores comunitarios del pueblo vasco.;Collectio sententiarum Vasconicarum.;eu;Euskara;Lingua Vasconica;España;Hispania;Epoca Desconocida;Epocha Ignota;https://i.ibb.co/bjgxB3kn/euskadi.png;0
661;El que no quiere oír no debe decir;Qui audire non vult dicere non debet;Aditu nahi ez duenak ez du esan behar;Refrán Vasco;;Sententia Vasconica;Proverbios de la tradición oral vasca que reflejan la relación con la naturaleza, el trabajo y los valores comunitarios del pueblo vasco.;Collectio sententiarum Vasconicarum.;eu;Euskara;Lingua Vasconica;España;Hispania;Epoca Desconocida;Epocha Ignota;https://i.ibb.co/bjgxB3kn/euskadi.png;0
662;A buen entendedor pocas palabras;Auditori bono pauca verba;Aditzaile onari hitz gutxi;Refrán Vasco;;Sententia Vasconica;Proverbios de la tradición oral vasca que reflejan la relación con la naturaleza, el trabajo y los valores comunitarios del pueblo vasco.;Collectio sententiarum Vasconicarum.;eu;Euskara;Lingua Vasconica;España;Hispania;Epoca Desconocida;Epocha Ignota;https://i.ibb.co/bjgxB3kn/euskadi.png;0
663;El momento pasado jamás vuelve;Momentum praeteritum numquam redit;Aldi joana ez da itzultzen;Refrán Vasco;;Sententia Vasconica;Proverbios de la tradición oral vasca que reflejan la relación con la naturaleza, el trabajo y los valores comunitarios del pueblo vasco.;Collectio sententiarum Vasconicarum.;eu;Euskara;Lingua Vasconica;España;Hispania;Epoca Desconocida;Epocha Ignota;https://i.ibb.co/bjgxB3kn/euskadi.png;0
664;Lo prometido es deuda;Promissum debitum est;Agindua zorra;Refrán Vasco;;Sententia Vasconica;Proverbios de la tradición oral vasca que reflejan la relación con la naturaleza, el trabajo y los valores comunitarios del pueblo vasco.;Collectio sententiarum Vasconicarum.;eu;Euskara;Lingua Vasconica;España;Hispania;Epoca Desconocida;Epocha Ignota;https://i.ibb.co/bjgxB3kn/euskadi.png;0
665;Padre ahorrador hijo gastador;Pater parcus filius prodigus;Aita biltzaile seme gastatzaile;Refrán Vasco;;Sententia Vasconica;Proverbios de la tradición oral vasca que reflejan la relación con la naturaleza, el trabajo y los valores comunitarios del pueblo vasco.;Collectio sententiarum Vasconicarum.;eu;Euskara;Lingua Vasconica;España;Hispania;Epoca Desconocida;Epocha Ignota;https://i.ibb.co/bjgxB3kn/euskadi.png;0
666;La pereza ruina de muchos;Pigritia perditio multorum;Alferkeria askoren hondamendia;Refrán Vasco;;Sententia Vasconica;Proverbios de la tradición oral vasca que reflejan la relación con la naturaleza, el trabajo y los valores comunitarios del pueblo vasco.;Collectio sententiarum Vasconicarum.;eu;Euskara;Lingua Vasconica;España;Hispania;Epoca Desconocida;Epocha Ignota;https://i.ibb.co/bjgxB3kn/euskadi.png;0
667;Las deudas contraídas con una madre nunca se pagan;Debita cum matre contracta numquam solvuntur;Amari egindako zorrak ez dira inoiz ordaintzen;Refrán Vasco;;Sententia Vasconica;Proverbios de la tradición oral vasca que reflejan la relación con la naturaleza, el trabajo y los valores comunitarios del pueblo vasco.;Collectio sententiarum Vasconicarum.;eu;Euskara;Lingua Vasconica;España;Hispania;Epoca Desconocida;Epocha Ignota;https://i.ibb.co/bjgxB3kn/euskadi.png;0
668;Una vida sin sueños es como una noche sin estrellas;Vita sine somniis nox sine stellis est;Ametsik gabeko bizia izarrik gabeko gaua;Refrán Vasco;;Sententia Vasconica;Proverbios de la tradición oral vasca que reflejan la relación con la naturaleza, el trabajo y los valores comunitarios del pueblo vasco.;Collectio sententiarum Vasconicarum.;eu;Euskara;Lingua Vasconica;España;Hispania;Epoca Desconocida;Epocha Ignota;https://i.ibb.co/bjgxB3kn/euskadi.png;0
669;Forjando forjando se doblega el hierro;Fabricando fabricando ferrum flectitur;Arian arian zehetzen da burnia;Refrán Vasco;;Sententia Vasconica;Proverbios de la tradición oral vasca que reflejan la relación con la naturaleza, el trabajo y los valores comunitarios del pueblo vasco.;Collectio sententiarum Vasconicarum.;eu;Euskara;Lingua Vasconica;España;Hispania;Epoca Desconocida;Epocha Ignota;https://i.ibb.co/bjgxB3kn/euskadi.png;0
670;Mucho vale la fuerza más una cabeza inteligente;Multum valet vis plus caput sagax;Asko balio du indarrak gehiago buru azkarrak;Refrán Vasco;;Sententia Vasconica;Proverbios de la tradición oral vasca que reflejan la relación con la naturaleza, el trabajo y los valores comunitarios del pueblo vasco.;Collectio sententiarum Vasconicarum.;eu;Euskara;Lingua Vasconica;España;Hispania;Epoca Desconocida;Epocha Ignota;https://i.ibb.co/bjgxB3kn/euskadi.png;0
671;Cada uno lo suyo la ley de Dios;Unicuique suum lex Dei;Bakoitzak berea Jainkoaren legea;Refrán Vasco;;Sententia Vasconica;Proverbios de la tradición oral vasca que reflejan la relación con la naturaleza, el trabajo y los valores comunitarios del pueblo vasco.;Collectio sententiarum Vasconicarum.;eu;Euskara;Lingua Vasconica;España;Hispania;Epoca Desconocida;Epocha Ignota;https://i.ibb.co/bjgxB3kn/euskadi.png;0
672;Cada uno vive su propia locura;Unusquisque suam dementiam vivit;Bakoitzak bere zoroa bizi du;Refrán Vasco;;Sententia Vasconica;Proverbios de la tradición oral vasca que reflejan la relación con la naturaleza, el trabajo y los valores comunitarios del pueblo vasco.;Collectio sententiarum Vasconicarum.;eu;Euskara;Lingua Vasconica;España;Hispania;Epoca Desconocida;Epocha Ignota;https://i.ibb.co/bjgxB3kn/euskadi.png;0
673;Si te despiertas tarde los quehaceres diarios se atrasan;Si sero expergisceris labores diurni retardantur;Berandu jaikitzen bazara eguneko lanak atzera;Refrán Vasco;;Sententia Vasconica;Proverbios de la tradición oral vasca que reflejan la relación con la naturaleza, el trabajo y los valores comunitarios del pueblo vasco.;Collectio sententiarum Vasconicarum.;eu;Euskara;Lingua Vasconica;España;Hispania;Epoca Desconocida;Epocha Ignota;https://i.ibb.co/bjgxB3kn/euskadi.png;0
674;Ver la paja en ojo ajeno pero no la viga en el propio;Festucam in oculo alieno videre trabem in proprio non;Besteen faltak aurreko aldean geureak bizkarrean;Refrán Vasco;;Sententia Vasconica;Proverbios de la tradición oral vasca que reflejan la relación con la naturaleza, el trabajo y los valores comunitarios del pueblo vasco.;Collectio sententiarum Vasconicarum.;eu;Euskara;Lingua Vasconica;España;Hispania;Epoca Desconocida;Epocha Ignota;https://i.ibb.co/bjgxB3kn/euskadi.png;0
675;Para ver los errores ajenos no se necesitan gafas;Ad errores alienos videndos perspicilla non necessaria;Besteren akatsak ikusteko ez da betaurreko beharrik;Refrán Vasco;;Sententia Vasconica;Proverbios de la tradición oral vasca que reflejan la relación con la naturaleza, el trabajo y los valores comunitarios del pueblo vasco.;Collectio sententiarum Vasconicarum.;eu;Euskara;Lingua Vasconica;España;Hispania;Epoca Desconocida;Epocha Ignota;https://i.ibb.co/bjgxB3kn/euskadi.png;0
676;Escuchar y callar afirmación total;Audire et tacere assensus totalis;Entzun eta isil baiezko borobil;Refrán Vasco;;Sententia Vasconica;Proverbios de la tradición oral vasca que reflejan la relación con la naturaleza, el trabajo y los valores comunitarios del pueblo vasco.;Collectio sententiarum Vasconicarum.;eu;Euskara;Lingua Vasconica;España;Hispania;Epoca Desconocida;Epocha Ignota;https://i.ibb.co/bjgxB3kn/euskadi.png;0
677;Cayendo se aprende a andar;Cadendo ambulare discitur;Eroriz ikasten da oinez;Refrán Vasco;;Sententia Vasconica;Proverbios de la tradición oral vasca que reflejan la relación con la naturaleza, el trabajo y los valores comunitarios del pueblo vasco.;Collectio sententiarum Vasconicarum.;eu;Euskara;Lingua Vasconica;España;Hispania;Epoca Desconocida;Epocha Ignota;https://i.ibb.co/bjgxB3kn/euskadi.png;0
678;En casa del herrero cuchillo de palo;In domo fabri cultellus ligneus;Errementariaren etxean zotza nagusi;Refrán Vasco;;Sententia Vasconica;Proverbios de la tradición oral vasca que reflejan la relación con la naturaleza, el trabajo y los valores comunitarios del pueblo vasco.;Collectio sententiarum Vasconicarum.;eu;Euskara;Lingua Vasconica;España;Hispania;Epoca Desconocida;Epocha Ignota;https://i.ibb.co/bjgxB3kn/euskadi.png;0
679;Los niños de escuela comen mucho y estudian poco;Pueri scholae multum edunt parum discunt;Eskola umeak asko jan eta gutxi ikasi;Refrán Vasco;;Sententia Vasconica;Proverbios de la tradición oral vasca que reflejan la relación con la naturaleza, el trabajo y los valores comunitarios del pueblo vasco.;Collectio sententiarum Vasconicarum.;eu;Euskara;Lingua Vasconica;España;Hispania;Epoca Desconocida;Epocha Ignota;https://i.ibb.co/bjgxB3kn/euskadi.png;0
680;Los trapos sucios hay que limpiarlos en familia;Pannos sordidos in familia lavare oportet;Etxeko sua etxeko hautsez estali behar da;Refrán Vasco;;Sententia Vasconica;Proverbios de la tradición oral vasca que reflejan la relación con la naturaleza, el trabajo y los valores comunitarios del pueblo vasco.;Collectio sententiarum Vasconicarum.;eu;Euskara;Lingua Vasconica;España;Hispania;Epoca Desconocida;Epocha Ignota;https://i.ibb.co/bjgxB3kn/euskadi.png;0
681;No hay pan sin esfuerzo;Non est panis sine labore;Ez da ogirik neke gaberik;Refrán Vasco;;Sententia Vasconica;Proverbios de la tradición oral vasca que reflejan la relación con la naturaleza, el trabajo y los valores comunitarios del pueblo vasco.;Collectio sententiarum Vasconicarum.;eu;Euskara;Lingua Vasconica;España;Hispania;Epoca Desconocida;Epocha Ignota;https://i.ibb.co/bjgxB3kn/euskadi.png;0
682;No hables demasiado si no quieres errar;Ne loquaris nimis si non vis errare;Ez gehiegi hitz egin nahi ez bada huts egin;Refrán Vasco;;Sententia Vasconica;Proverbios de la tradición oral vasca que reflejan la relación con la naturaleza, el trabajo y los valores comunitarios del pueblo vasco.;Collectio sententiarum Vasconicarum.;eu;Euskara;Lingua Vasconica;España;Hispania;Epoca Desconocida;Epocha Ignota;https://i.ibb.co/bjgxB3kn/euskadi.png;0
683;La verdad es verdad el pan es pan el vino es vino;Veritas veritas est panis panis vinum vinum;Egia egi ogia ogi ardaua ardau;Refrán Vasco;;Sententia Vasconica;Proverbios de la tradición oral vasca que reflejan la relación con la naturaleza, el trabajo y los valores comunitarios del pueblo vasco.;Collectio sententiarum Vasconicarum.;eu;Euskara;Lingua Vasconica;España;Hispania;Epoca Desconocida;Epocha Ignota;https://i.ibb.co/bjgxB3kn/euskadi.png;0
684;La verdad no tiene dos caminos;Veritas duos vias non habet;Egiak ez ditu bi bide;Refrán Vasco;;Sententia Vasconica;Proverbios de la tradición oral vasca que reflejan la relación con la naturaleza, el trabajo y los valores comunitarios del pueblo vasco.;Collectio sententiarum Vasconicarum.;eu;Euskara;Lingua Vasconica;España;Hispania;Epoca Desconocida;Epocha Ignota;https://i.ibb.co/bjgxB3kn/euskadi.png;0
685;No dejes para mañana lo que puedas hacer hoy;Quod hodie facere potes cras ne dimittas;Gaur egin dezakezuna biharko ez utzi;Refrán Vasco;;Sententia Vasconica;Proverbios de la tradición oral vasca que reflejan la relación con la naturaleza, el trabajo y los valores comunitarios del pueblo vasco.;Collectio sententiarum Vasconicarum.;eu;Euskara;Lingua Vasconica;España;Hispania;Epoca Desconocida;Epocha Ignota;https://i.ibb.co/bjgxB3kn/euskadi.png;0
686;El joven si supiera el viejo si pudiera;Iuvenis si sciret senex si posset;Gazteak baleki zaharrak baleza;Refrán Vasco;;Sententia Vasconica;Proverbios de la tradición oral vasca que reflejan la relación con la naturaleza, el trabajo y los valores comunitarios del pueblo vasco.;Collectio sententiarum Vasconicarum.;eu;Euskara;Lingua Vasconica;España;Hispania;Epoca Desconocida;Epocha Ignota;https://i.ibb.co/bjgxB3kn/euskadi.png;0
687;El después es el lema del vago;Postea lemma pigri est;Geroa alferraren leloa;Refrán Vasco;;Sententia Vasconica;Proverbios de la tradición oral vasca que reflejan la relación con la naturaleza, el trabajo y los valores comunitarios del pueblo vasco.;Collectio sententiarum Vasconicarum.;eu;Euskara;Lingua Vasconica;España;Hispania;Epoca Desconocida;Epocha Ignota;https://i.ibb.co/bjgxB3kn/euskadi.png;0
688;La mentira tiene piernas cortas;Mendacium crura brevia habet;Gezurrak hanka motzak;Refrán Vasco;;Sententia Vasconica;Proverbios de la tradición oral vasca que reflejan la relación con la naturaleza, el trabajo y los valores comunitarios del pueblo vasco.;Collectio sententiarum Vasconicarum.;eu;Euskara;Lingua Vasconica;España;Hispania;Epoca Desconocida;Epocha Ignota;https://i.ibb.co/bjgxB3kn/euskadi.png;0
689;Qué merece el mentiroso No creerle al decir la verdad;Quid meretur mendax Ei non credi cum veritatem dicit;Gezurtiak zer duen merezi Egia esatean ez sinetsi;Refrán Vasco;;Sententia Vasconica;Proverbios de la tradición oral vasca que reflejan la relación con la naturaleza, el trabajo y los valores comunitarios del pueblo vasco.;Collectio sententiarum Vasconicarum.;eu;Euskara;Lingua Vasconica;España;Hispania;Epoca Desconocida;Epocha Ignota;https://i.ibb.co/bjgxB3kn/euskadi.png;0
690;Al hombre se mide del cuello para arriba;Homo a collo sursum mensuratur;Gizona lepotik gora neurtzen da;Refrán Vasco;;Sententia Vasconica;Proverbios de la tradición oral vasca que reflejan la relación con la naturaleza, el trabajo y los valores comunitarios del pueblo vasco.;Collectio sententiarum Vasconicarum.;eu;Euskara;Lingua Vasconica;España;Hispania;Epoca Desconocida;Epocha Ignota;https://i.ibb.co/bjgxB3kn/euskadi.png;0
691;Donde hay voluntad no hay cuestas;Ubi voluntas ibi non sunt clivi;Gogoa den tokian aldaparik ez;Refrán Vasco;;Sententia Vasconica;Proverbios de la tradición oral vasca que reflejan la relación con la naturaleza, el trabajo y los valores comunitarios del pueblo vasco.;Collectio sententiarum Vasconicarum.;eu;Euskara;Lingua Vasconica;España;Hispania;Epoca Desconocida;Epocha Ignota;https://i.ibb.co/bjgxB3kn/euskadi.png;0
692;El hambre aguza el ingenio;Fames ingenium acuit;Goseak begiak argi;Refrán Vasco;;Sententia Vasconica;Proverbios de la tradición oral vasca que reflejan la relación con la naturaleza, el trabajo y los valores comunitarios del pueblo vasco.;Collectio sententiarum Vasconicarum.;eu;Euskara;Lingua Vasconica;España;Hispania;Epoca Desconocida;Epocha Ignota;https://i.ibb.co/bjgxB3kn/euskadi.png;0
693;El poco aprendido siempre sabiondo;Parum doctus semper sapiens se putat;Gutxi ikasia beti jakintsu;Refrán Vasco;;Sententia Vasconica;Proverbios de la tradición oral vasca que reflejan la relación con la naturaleza, el trabajo y los valores comunitarios del pueblo vasco.;Collectio sententiarum Vasconicarum.;eu;Euskara;Lingua Vasconica;España;Hispania;Epoca Desconocida;Epocha Ignota;https://i.ibb.co/bjgxB3kn/euskadi.png;0
694;Quien es amigo de todos no lo es de nadie;Qui omnium amicus nullius amicus est;Guztien adiskide dena ez da inorena;Refrán Vasco;;Sententia Vasconica;Proverbios de la tradición oral vasca que reflejan la relación con la naturaleza, el trabajo y los valores comunitarios del pueblo vasco.;Collectio sententiarum Vasconicarum.;eu;Euskara;Lingua Vasconica;España;Hispania;Epoca Desconocida;Epocha Ignota;https://i.ibb.co/bjgxB3kn/euskadi.png;0
695;La palabra es palabra;Verbum verbum est;Hitza hitz;Refrán Vasco;;Sententia Vasconica;Proverbios de la tradición oral vasca que reflejan la relación con la naturaleza, el trabajo y los valores comunitarios del pueblo vasco.;Collectio sententiarum Vasconicarum.;eu;Euskara;Lingua Vasconica;España;Hispania;Epoca Desconocida;Epocha Ignota;https://i.ibb.co/bjgxB3kn/euskadi.png;0
696;La palabra dada es deuda;Verbum datum debitum est;Hitzemana zor;Refrán Vasco;;Sententia Vasconica;Proverbios de la tradición oral vasca que reflejan la relación con la naturaleza, el trabajo y los valores comunitarios del pueblo vasco.;Collectio sententiarum Vasconicarum.;eu;Euskara;Lingua Vasconica;España;Hispania;Epoca Desconocida;Epocha Ignota;https://i.ibb.co/bjgxB3kn/euskadi.png;0
697;Mejor pájaro en mano que ciento volando;Melius avis in manu quam centum volantes;Hobe da bat eskuan ez bi auzoan;Refrán Vasco;;Sententia Vasconica;Proverbios de la tradición oral vasca que reflejan la relación con la naturaleza, el trabajo y los valores comunitarios del pueblo vasco.;Collectio sententiarum Vasconicarum.;eu;Euskara;Lingua Vasconica;España;Hispania;Epoca Desconocida;Epocha Ignota;https://i.ibb.co/bjgxB3kn/euskadi.png;0
698;Nadie ha nacido sabido;Nemo natus est doctus;Inor ez da ikasia jaiotzen;Refrán Vasco;;Sententia Vasconica;Proverbios de la tradición oral vasca que reflejan la relación con la naturaleza, el trabajo y los valores comunitarios del pueblo vasco.;Collectio sententiarum Vasconicarum.;eu;Euskara;Lingua Vasconica;España;Hispania;Epoca Desconocida;Epocha Ignota;https://i.ibb.co/bjgxB3kn/euskadi.png;0
699;En boca cerrada no entran moscas;In ore clauso muscae non intrant;Isilik dagoenak ez dio gezurrik;Refrán Vasco;;Sententia Vasconica;Proverbios de la tradición oral vasca que reflejan la relación con la naturaleza, el trabajo y los valores comunitarios del pueblo vasco.;Collectio sententiarum Vasconicarum.;eu;Euskara;Lingua Vasconica;España;Hispania;Epoca Desconocida;Epocha Ignota;https://i.ibb.co/bjgxB3kn/euskadi.png;0
700;Lo que tiene nombre existe;Quod nomen habet existit;Izena duena da;Refrán Vasco;;Sententia Vasconica;Proverbios de la tradición oral vasca que reflejan la relación con la naturaleza, el trabajo y los valores comunitarios del pueblo vasco.;Collectio sententiarum Vasconicarum.;eu;Euskara;Lingua Vasconica;España;Hispania;Epoca Desconocida;Epocha Ignota;https://i.ibb.co/bjgxB3kn/euskadi.png;0
701;Del dicho al hecho hay un trecho;A dicto ad factum via longa est;Izenetik izanera gogoa zubi;Refrán Vasco;;Sententia Vasconica;Proverbios de la tradición oral vasca que reflejan la relación con la naturaleza, el trabajo y los valores comunitarios del pueblo vasco.;Collectio sententiarum Vasconicarum.;eu;Euskara;Lingua Vasconica;España;Hispania;Epoca Desconocida;Epocha Ignota;https://i.ibb.co/bjgxB3kn/euskadi.png;0
702;Paloma en la calle lobo en casa;Columba in via lupus in domo;Kalean uso etxean otso;Refrán Vasco;;Sententia Vasconica;Proverbios de la tradición oral vasca que reflejan la relación con la naturaleza, el trabajo y los valores comunitarios del pueblo vasco.;Collectio sententiarum Vasconicarum.;eu;Euskara;Lingua Vasconica;España;Hispania;Epoca Desconocida;Epocha Ignota;https://i.ibb.co/bjgxB3kn/euskadi.png;0
703;El trabajo más fácil mandar;Labor facilissimus imperare;Lanik errazena agintzea;Refrán Vasco;;Sententia Vasconica;Proverbios de la tradición oral vasca que reflejan la relación con la naturaleza, el trabajo y los valores comunitarios del pueblo vasco.;Collectio sententiarum Vasconicarum.;eu;Euskara;Lingua Vasconica;España;Hispania;Epoca Desconocida;Epocha Ignota;https://i.ibb.co/bjgxB3kn/euskadi.png;0
704;Donde está la voluntad allí va el pie;Ubi voluntas ibi pes;Non gogoa han zangoa;Refrán Vasco;;Sententia Vasconica;Proverbios de la tradición oral vasca que reflejan la relación con la naturaleza, el trabajo y los valores comunitarios del pueblo vasco.;Collectio sententiarum Vasconicarum.;eu;Euskara;Lingua Vasconica;España;Hispania;Epoca Desconocida;Epocha Ignota;https://i.ibb.co/bjgxB3kn/euskadi.png;0
705;La salud es la riqueza del mundo;Sanitas divitiae mundi sunt;Osasuna munduko ondasuna;Refrán Vasco;;Sententia Vasconica;Proverbios de la tradición oral vasca que reflejan la relación con la naturaleza, el trabajo y los valores comunitarios del pueblo vasco.;Collectio sententiarum Vasconicarum.;eu;Euskara;Lingua Vasconica;España;Hispania;Epoca Desconocida;Epocha Ignota;https://i.ibb.co/bjgxB3kn/euskadi.png;0
706;La olla del cura pequeña pero sabrosa;Olla sacerdotis parva sed sapida;Abadearen lapikoa txikia baino gozoa;Refrán Vasco;;Sententia Vasconica;Proverbios de la tradición oral vasca que reflejan la relación con la naturaleza, el trabajo y los valores comunitarios del pueblo vasco.;Collectio sententiarum Vasconicarum.;eu;Euskara;Lingua Vasconica;España;Hispania;Epoca Desconocida;Epocha Ignota;https://i.ibb.co/bjgxB3kn/euskadi.png;0
707;Diciembre todo fiesta y todo noche;December omnis dies festus omnis nox;Abendua jai huts eta gau huts;Refrán Vasco;;Sententia Vasconica;Proverbios de la tradición oral vasca que reflejan la relación con la naturaleza, el trabajo y los valores comunitarios del pueblo vasco.;Collectio sententiarum Vasconicarum.;eu;Euskara;Lingua Vasconica;España;Hispania;Epoca Desconocida;Epocha Ignota;https://i.ibb.co/bjgxB3kn/euskadi.png;0
708;El día de diciembre para cuando clarea oscuro;Dies Decembris cum lucescit obscurus;Abenduko eguna argitu orduko iluna;Refrán Vasco;;Sententia Vasconica;Proverbios de la tradición oral vasca que reflejan la relación con la naturaleza, el trabajo y los valores comunitarios del pueblo vasco.;Collectio sententiarum Vasconicarum.;eu;Euskara;Lingua Vasconica;España;Hispania;Epoca Desconocida;Epocha Ignota;https://i.ibb.co/bjgxB3kn/euskadi.png;0
709;Boca abierta sueño o hambre;Os apertum somnus aut fames;Ahoa zabal logale edo gose;Refrán Vasco;;Sententia Vasconica;Proverbios de la tradición oral vasca que reflejan la relación con la naturaleza, el trabajo y los valores comunitarios del pueblo vasco.;Collectio sententiarum Vasconicarum.;eu;Euskara;Lingua Vasconica;España;Hispania;Epoca Desconocida;Epocha Ignota;https://i.ibb.co/bjgxB3kn/euskadi.png;0
710;Estar holgazaneando y realizar trabajo en vano ambos lo mismo;Otiari esse et laborem vanum facere idem sunt;Alfer egon eta alfer-lana egin biak berdin;Refrán Vasco;;Sententia Vasconica;Proverbios de la tradición oral vasca que reflejan la relación con la naturaleza, el trabajo y los valores comunitarios del pueblo vasco.;Collectio sententiarum Vasconicarum.;eu;Euskara;Lingua Vasconica;España;Hispania;Epoca Desconocida;Epocha Ignota;https://i.ibb.co/bjgxB3kn/euskadi.png;0
711;Los perezosos siempre repletos de trabajo;Pigri semper laboribus pleni;Alferrak beti lanez beterik;Refrán Vasco;;Sententia Vasconica;Proverbios de la tradición oral vasca que reflejan la relación con la naturaleza, el trabajo y los valores comunitarios del pueblo vasco.;Collectio sententiarum Vasconicarum.;eu;Euskara;Lingua Vasconica;España;Hispania;Epoca Desconocida;Epocha Ignota;https://i.ibb.co/bjgxB3kn/euskadi.png;0
712;Para los perezosos ni hay trabajo ni momento oportuno;Pigris nec labor nec tempus opportunum;Alferrarendako lanik ez eta astirik ez;Refrán Vasco;;Sententia Vasconica;Proverbios de la tradición oral vasca que reflejan la relación con la naturaleza, el trabajo y los valores comunitarios del pueblo vasco.;Collectio sententiarum Vasconicarum.;eu;Euskara;Lingua Vasconica;España;Hispania;Epoca Desconocida;Epocha Ignota;https://i.ibb.co/bjgxB3kn/euskadi.png;0
713;Es en vano hacer la presa después de irse el agua;Frustra est aggerem facere post aquam abeuntem;Alferrik da ura joanda gero presa egitea;Refrán Vasco;;Sententia Vasconica;Proverbios de la tradición oral vasca que reflejan la relación con la naturaleza, el trabajo y los valores comunitarios del pueblo vasco.;Collectio sententiarum Vasconicarum.;eu;Euskara;Lingua Vasconica;España;Hispania;Epoca Desconocida;Epocha Ignota;https://i.ibb.co/bjgxB3kn/euskadi.png;0
714;Amén tu ahí y yo aquí;Amen tu ibi ego hic;Amen zu hor eta ni hemen;Refrán Vasco;;Sententia Vasconica;Proverbios de la tradición oral vasca que reflejan la relación con la naturaleza, el trabajo y los valores comunitarios del pueblo vasco.;Collectio sententiarum Vasconicarum.;eu;Euskara;Lingua Vasconica;España;Hispania;Epoca Desconocida;Epocha Ignota;https://i.ibb.co/bjgxB3kn/euskadi.png;0
715;El sueño el domingo de la voluntad;Somnus dies dominicus voluntatis;Ametsa gogoaren igandea;Refrán Vasco;;Sententia Vasconica;Proverbios de la tradición oral vasca que reflejan la relación con la naturaleza, el trabajo y los valores comunitarios del pueblo vasco.;Collectio sententiarum Vasconicarum.;eu;Euskara;Lingua Vasconica;España;Hispania;Epoca Desconocida;Epocha Ignota;https://i.ibb.co/bjgxB3kn/euskadi.png;0
716;Curas y frailes cuervos sin alas;Sacerdotes et fratres corvi sine alis;Apaizak eta praileak hegal gabeko beleak;Refrán Vasco;;Sententia Vasconica;Proverbios de la tradición oral vasca que reflejan la relación con la naturaleza, el trabajo y los valores comunitarios del pueblo vasco.;Collectio sententiarum Vasconicarum.;eu;Euskara;Lingua Vasconica;España;Hispania;Epoca Desconocida;Epocha Ignota;https://i.ibb.co/bjgxB3kn/euskadi.png;0
717;Al final de abril las hojas florecen en los robles;Fine Aprilis folia in quercubus florent;Apirilaren azkenean hostoa haritz gainean;Refrán Vasco;;Sententia Vasconica;Proverbios de la tradición oral vasca que reflejan la relación con la naturaleza, el trabajo y los valores comunitarios del pueblo vasco.;Collectio sententiarum Vasconicarum.;eu;Euskara;Lingua Vasconica;España;Hispania;Epoca Desconocida;Epocha Ignota;https://i.ibb.co/bjgxB3kn/euskadi.png;0
718;Se puede encontrar oveja perdida no así momento perdido;Ovis perdita inveniri potest momentum perditum non;Ardi galdua atzeman daiteke aldi galdua berriz ez;Refrán Vasco;;Sententia Vasconica;Proverbios de la tradición oral vasca que reflejan la relación con la naturaleza, el trabajo y los valores comunitarios del pueblo vasco.;Collectio sententiarum Vasconicarum.;eu;Euskara;Lingua Vasconica;España;Hispania;Epoca Desconocida;Epocha Ignota;https://i.ibb.co/bjgxB3kn/euskadi.png;0
719;La oveja pequeña siempre será cordero;Ovis parva semper agnus erit;Ardi txikia beti bildots;Refrán Vasco;;Sententia Vasconica;Proverbios de la tradición oral vasca que reflejan la relación con la naturaleza, el trabajo y los valores comunitarios del pueblo vasco.;Collectio sententiarum Vasconicarum.;eu;Euskara;Lingua Vasconica;España;Hispania;Epoca Desconocida;Epocha Ignota;https://i.ibb.co/bjgxB3kn/euskadi.png;0
720;El vino vicario de Navarra;Vinum vicarius Navarrae;Ardoa Nafarroako bikarioa;Refrán Vasco;;Sententia Vasconica;Proverbios de la tradición oral vasca que reflejan la relación con la naturaleza, el trabajo y los valores comunitarios del pueblo vasco.;Collectio sententiarum Vasconicarum.;eu;Euskara;Lingua Vasconica;España;Hispania;Epoca Desconocida;Epocha Ignota;https://i.ibb.co/bjgxB3kn/euskadi.png;0
721;El vino dulce tiene cuatro ojos y ningún pie;Vinum dulce quattuor oculos et nullum pedem habet;Ardo gozoak lau begi eta oinik ez;Refrán Vasco;;Sententia Vasconica;Proverbios de la tradición oral vasca que reflejan la relación con la naturaleza, el trabajo y los valores comunitarios del pueblo vasco.;Collectio sententiarum Vasconicarum.;eu;Euskara;Lingua Vasconica;España;Hispania;Epoca Desconocida;Epocha Ignota;https://i.ibb.co/bjgxB3kn/euskadi.png;0
722;Atardecer rojizo amanecer lluvioso;Vesper rubens aurora pluvialis;Arrats gorri goiz euri;Refrán Vasco;;Sententia Vasconica;Proverbios de la tradición oral vasca que reflejan la relación con la naturaleza, el trabajo y los valores comunitarios del pueblo vasco.;Collectio sententiarum Vasconicarum.;eu;Euskara;Lingua Vasconica;España;Hispania;Epoca Desconocida;Epocha Ignota;https://i.ibb.co/bjgxB3kn/euskadi.png;0
723;País extranjero país de lobos;Terra aliena terra luporum;Arrotzerri otserri;Refrán Vasco;;Sententia Vasconica;Proverbios de la tradición oral vasca que reflejan la relación con la naturaleza, el trabajo y los valores comunitarios del pueblo vasco.;Collectio sententiarum Vasconicarum.;eu;Euskara;Lingua Vasconica;España;Hispania;Epoca Desconocida;Epocha Ignota;https://i.ibb.co/bjgxB3kn/euskadi.png;0
724;La saciedad no puede ver al hambre;Satietas famem videre non potest;Aseak gosea ezin ikus;Refrán Vasco;;Sententia Vasconica;Proverbios de la tradición oral vasca que reflejan la relación con la naturaleza, el trabajo y los valores comunitarios del pueblo vasco.;Collectio sententiarum Vasconicarum.;eu;Euskara;Lingua Vasconica;España;Hispania;Epoca Desconocida;Epocha Ignota;https://i.ibb.co/bjgxB3kn/euskadi.png;0
725;El que no tiene suficiente el que no tiene nada;Qui satis non habet qui nihil habet;Aski ez duena deusik ez duena;Refrán Vasco;;Sententia Vasconica;Proverbios de la tradición oral vasca que reflejan la relación con la naturaleza, el trabajo y los valores comunitarios del pueblo vasco.;Collectio sententiarum Vasconicarum.;eu;Euskara;Lingua Vasconica;España;Hispania;Epoca Desconocida;Epocha Ignota;https://i.ibb.co/bjgxB3kn/euskadi.png;0
726;Mucho hablar y poco hacer;Multum loqui parum facere;Asko egin bai gutxi egin bai;Refrán Vasco;;Sententia Vasconica;Proverbios de la tradición oral vasca que reflejan la relación con la naturaleza, el trabajo y los valores comunitarios del pueblo vasco.;Collectio sententiarum Vasconicarum.;eu;Euskara;Lingua Vasconica;España;Hispania;Epoca Desconocida;Epocha Ignota;https://i.ibb.co/bjgxB3kn/euskadi.png;0
727;Dolor de muchos placer de tontos;Dolor multorum voluptas stultorum;Askoren mina tontoen atsegina;Refrán Vasco;;Sententia Vasconica;Proverbios de la tradición oral vasca que reflejan la relación con la naturaleza, el trabajo y los valores comunitarios del pueblo vasco.;Collectio sententiarum Vasconicarum.;eu;Euskara;Lingua Vasconica;España;Hispania;Epoca Desconocida;Epocha Ignota;https://i.ibb.co/bjgxB3kn/euskadi.png;0
728;El burro aunque lo vistas de caballo siempre burro;Asinus equi vestibus indutus semper asinus;Astoa zaldiz jantzi arren beti asto;Refrán Vasco;;Sententia Vasconica;Proverbios de la tradición oral vasca que reflejan la relación con la naturaleza, el trabajo y los valores comunitarios del pueblo vasco.;Collectio sententiarum Vasconicarum.;eu;Euskara;Lingua Vasconica;España;Hispania;Epoca Desconocida;Epocha Ignota;https://i.ibb.co/bjgxB3kn/euskadi.png;0
729;El burro a la mula le llama orejudo;Asinus mulo auritus vocat;Astoak mandoari belarri luze;Refrán Vasco;;Sententia Vasconica;Proverbios de la tradición oral vasca que reflejan la relación con la naturaleza, el trabajo y los valores comunitarios del pueblo vasco.;Collectio sententiarum Vasconicarum.;eu;Euskara;Lingua Vasconica;España;Hispania;Epoca Desconocida;Epocha Ignota;https://i.ibb.co/bjgxB3kn/euskadi.png;0
730;Si tienes mucho necesitarás mucho;Si multum habes multum necessarium erit;Asko baduk asko beharko duk;Refrán Vasco;;Sententia Vasconica;Proverbios de la tradición oral vasca que reflejan la relación con la naturaleza, el trabajo y los valores comunitarios del pueblo vasco.;Collectio sententiarum Vasconicarum.;eu;Euskara;Lingua Vasconica;España;Hispania;Epoca Desconocida;Epocha Ignota;https://i.ibb.co/bjgxB3kn/euskadi.png;0
731;Lo de delante enseña a bailar a lo de atrás;Quod ante est docet saltare quod retro est;Aurreak erakusten du atzea nola dantzatu;Refrán Vasco;;Sententia Vasconica;Proverbios de la tradición oral vasca que reflejan la relación con la naturaleza, el trabajo y los valores comunitarios del pueblo vasco.;Collectio sententiarum Vasconicarum.;eu;Euskara;Lingua Vasconica;España;Hispania;Epoca Desconocida;Epocha Ignota;https://i.ibb.co/bjgxB3kn/euskadi.png;0
732;Tras la disputa el perdedor en cueros vivos el ganador con triste camisa;Post litem qui perdit nudo corpore qui vincit tristi camisia;Auziaren ondoren galtzen duena larru gorrian irabazten duena alkondara hutsean;Refrán Vasco;;Sententia Vasconica;Proverbios de la tradición oral vasca que reflejan la relación con la naturaleza, el trabajo y los valores comunitarios del pueblo vasco.;Collectio sententiarum Vasconicarum.;eu;Euskara;Lingua Vasconica;España;Hispania;Epoca Desconocida;Epocha Ignota;https://i.ibb.co/bjgxB3kn/euskadi.png;0
733;Noviembre frío invierno corto Noviembre caliente invierno luego;November frigidus hiems brevis November calidus hiems postea;Azaroa hotz negua motz Azaroa bero negua gero;Refrán Vasco;;Sententia Vasconica;Proverbios de la tradición oral vasca que reflejan la relación con la naturaleza, el trabajo y los valores comunitarios del pueblo vasco.;Collectio sententiarum Vasconicarum.;eu;Euskara;Lingua Vasconica;España;Hispania;Epoca Desconocida;Epocha Ignota;https://i.ibb.co/bjgxB3kn/euskadi.png;0
734;El zorro tiene cola larga;Vulpes caudam longam habet;Azeriak isatsa luze;Refrán Vasco;;Sententia Vasconica;Proverbios de la tradición oral vasca que reflejan la relación con la naturaleza, el trabajo y los valores comunitarios del pueblo vasco.;Collectio sententiarum Vasconicarum.;eu;Euskara;Lingua Vasconica;España;Hispania;Epoca Desconocida;Epocha Ignota;https://i.ibb.co/bjgxB3kn/euskadi.png;0
735;La paloma vuela bien y rápido;Columba bene et celeriter volat;Azkar eta ondo usoak egiten du hegan;Refrán Vasco;;Sententia Vasconica;Proverbios de la tradición oral vasca que reflejan la relación con la naturaleza, el trabajo y los valores comunitarios del pueblo vasco.;Collectio sententiarum Vasconicarum.;eu;Euskara;Lingua Vasconica;España;Hispania;Epoca Desconocida;Epocha Ignota;https://i.ibb.co/bjgxB3kn/euskadi.png;0
736;Cada uno arrea a su propio burro;Unusquisque suum asinum incitat;Bakoitzak bere astoari egiten dio arre;Refrán Vasco;;Sententia Vasconica;Proverbios de la tradición oral vasca que reflejan la relación con la naturaleza, el trabajo y los valores comunitarios del pueblo vasco.;Collectio sententiarum Vasconicarum.;eu;Euskara;Lingua Vasconica;España;Hispania;Epoca Desconocida;Epocha Ignota;https://i.ibb.co/bjgxB3kn/euskadi.png;0
737;El árbol suele caerse al lado que se balancea;Arbor ad latus quo oscillat cadere solet;Balantza duen aldera erortzen da arbola;Refrán Vasco;;Sententia Vasconica;Proverbios de la tradición oral vasca que reflejan la relación con la naturaleza, el trabajo y los valores comunitarios del pueblo vasco.;Collectio sententiarum Vasconicarum.;eu;Euskara;Lingua Vasconica;España;Hispania;Epoca Desconocida;Epocha Ignota;https://i.ibb.co/bjgxB3kn/euskadi.png;0
738;Con leche valiosa no se puede desayunar;Cum lacte pretioso ientare non potest;Balizko esnearekin ezin gosaldu;Refrán Vasco;;Sententia Vasconica;Proverbios de la tradición oral vasca que reflejan la relación con la naturaleza, el trabajo y los valores comunitarios del pueblo vasco.;Collectio sententiarum Vasconicarum.;eu;Euskara;Lingua Vasconica;España;Hispania;Epoca Desconocida;Epocha Ignota;https://i.ibb.co/bjgxB3kn/euskadi.png;0
739;Cuando llueve nublado;Cum pluit nubilum;Euria denean laino;Refrán Vasco;;Sententia Vasconica;Proverbios de la tradición oral vasca que reflejan la relación con la naturaleza, el trabajo y los valores comunitarios del pueblo vasco.;Collectio sententiarum Vasconicarum.;eu;Euskara;Lingua Vasconica;España;Hispania;Epoca Desconocida;Epocha Ignota;https://i.ibb.co/bjgxB3kn/euskadi.png;0
740;El ajo comida contra siete males;Allium cibus contra septem mala;Baratxuria zazpi gaitzen kontrako janaria;Refrán Vasco;;Sententia Vasconica;Proverbios de la tradición oral vasca que reflejan la relación con la naturaleza, el trabajo y los valores comunitarios del pueblo vasco.;Collectio sententiarum Vasconicarum.;eu;Euskara;Lingua Vasconica;España;Hispania;Epoca Desconocida;Epocha Ignota;https://i.ibb.co/bjgxB3kn/euskadi.png;0
741;Dar una y tomar dos;Dare unum capere duo;Bat eman eta bi hartu;Refrán Vasco;;Sententia Vasconica;Proverbios de la tradición oral vasca que reflejan la relación con la naturaleza, el trabajo y los valores comunitarios del pueblo vasco.;Collectio sententiarum Vasconicarum.;eu;Euskara;Lingua Vasconica;España;Hispania;Epoca Desconocida;Epocha Ignota;https://i.ibb.co/bjgxB3kn/euskadi.png;0
742;Decir una cosa y hacer otra cómo acertar con gente así;Dicere unum facere aliud quomodo recte agere cum talibus;Bat esan eta bestea egin nola asmatu horrelakoekin;Refrán Vasco;;Sententia Vasconica;Proverbios de la tradición oral vasca que reflejan la relación con la naturaleza, el trabajo y los valores comunitarios del pueblo vasco.;Collectio sententiarum Vasconicarum.;eu;Euskara;Lingua Vasconica;España;Hispania;Epoca Desconocida;Epocha Ignota;https://i.ibb.co/bjgxB3kn/euskadi.png;0
743;Al vendedor solo le es necesario un ojo al comprador le faltan cien;Venditori unus oculus sufficit emptori centum deficiunt;Begi bat aski du saldunak eta ehun ez ditu sobera erostunak;Refrán Vasco;;Sententia Vasconica;Proverbios de la tradición oral vasca que reflejan la relación con la naturaleza, el trabajo y los valores comunitarios del pueblo vasco.;Collectio sententiarum Vasconicarum.;eu;Euskara;Lingua Vasconica;España;Hispania;Epoca Desconocida;Epocha Ignota;https://i.ibb.co/bjgxB3kn/euskadi.png;0
744;La espada del pusilánime tiene punta corta;Gladius pusillanimi cuspide brevi;Beldur denaren ezpatak punta motz;Refrán Vasco;;Sententia Vasconica;Proverbios de la tradición oral vasca que reflejan la relación con la naturaleza, el trabajo y los valores comunitarios del pueblo vasco.;Collectio sententiarum Vasconicarum.;eu;Euskara;Lingua Vasconica;España;Hispania;Epoca Desconocida;Epocha Ignota;https://i.ibb.co/bjgxB3kn/euskadi.png;0
745;No todo lo negro son cuervos;Non omnia nigra sunt corvi;Beltz guztiak ez dira beleak;Refrán Vasco;;Sententia Vasconica;Proverbios de la tradición oral vasca que reflejan la relación con la naturaleza, el trabajo y los valores comunitarios del pueblo vasco.;Collectio sententiarum Vasconicarum.;eu;Euskara;Lingua Vasconica;España;Hispania;Epoca Desconocida;Epocha Ignota;https://i.ibb.co/bjgxB3kn/euskadi.png;0
746;El nacido en casa pobre mejor en la propia que en la del rey;Natus in domo paupere melior in sua quam in regia;Bere etxe pobrea erregerena baino hobea;Refrán Vasco;;Sententia Vasconica;Proverbios de la tradición oral vasca que reflejan la relación con la naturaleza, el trabajo y los valores comunitarios del pueblo vasco.;Collectio sententiarum Vasconicarum.;eu;Euskara;Lingua Vasconica;España;Hispania;Epoca Desconocida;Epocha Ignota;https://i.ibb.co/bjgxB3kn/euskadi.png;0
747;En otros lugares los perros también andan descalzos;In aliis locis canes etiam nudi pedibus ambulant;Beste lekuetan ere txakurrak oinutsik ibiltzen dira;Refrán Vasco;;Sententia Vasconica;Proverbios de la tradición oral vasca que reflejan la relación con la naturaleza, el trabajo y los valores comunitarios del pueblo vasco.;Collectio sententiarum Vasconicarum.;eu;Euskara;Lingua Vasconica;España;Hispania;Epoca Desconocida;Epocha Ignota;https://i.ibb.co/bjgxB3kn/euskadi.png;0
748;La madre de los demás buena la propia la mejor;Mater aliorum bona propria optima;Besteren ama ona norberea askoz hobea;Refrán Vasco;;Sententia Vasconica;Proverbios de la tradición oral vasca que reflejan la relación con la naturaleza, el trabajo y los valores comunitarios del pueblo vasco.;Collectio sententiarum Vasconicarum.;eu;Euskara;Lingua Vasconica;España;Hispania;Epoca Desconocida;Epocha Ignota;https://i.ibb.co/bjgxB3kn/euskadi.png;0
749;Siempre comiendo y siempre delgado Demonio de fino cuello;Semper edens semper gracilis Daemon colli tenuis;Beti jan eta beti mehe demonio lepomehe;Refrán Vasco;;Sententia Vasconica;Proverbios de la tradición oral vasca que reflejan la relación con la naturaleza, el trabajo y los valores comunitarios del pueblo vasco.;Collectio sententiarum Vasconicarum.;eu;Euskara;Lingua Vasconica;España;Hispania;Epoca Desconocida;Epocha Ignota;https://i.ibb.co/bjgxB3kn/euskadi.png;0
750;El que siempre tiene hora siempre llega tarde;Qui semper horam habet semper sero advenit;Beti ordu duena beti berandu heldu ohi dena;Refrán Vasco;;Sententia Vasconica;Proverbios de la tradición oral vasca que reflejan la relación con la naturaleza, el trabajo y los valores comunitarios del pueblo vasco.;Collectio sententiarum Vasconicarum.;eu;Euskara;Lingua Vasconica;España;Hispania;Epoca Desconocida;Epocha Ignota;https://i.ibb.co/bjgxB3kn/euskadi.png;0
751;Los dos están como para ponerlos bajo un yugo;Ambo sub iugo ponendi sunt;Biak uztarrian jartzeko modukoak;Refrán Vasco;;Sententia Vasconica;Proverbios de la tradición oral vasca que reflejan la relación con la naturaleza, el trabajo y los valores comunitarios del pueblo vasco.;Collectio sententiarum Vasconicarum.;eu;Euskara;Lingua Vasconica;España;Hispania;Epoca Desconocida;Epocha Ignota;https://i.ibb.co/bjgxB3kn/euskadi.png;0
752;Se creía vivo y era imbécil;Se vivum credebat et stultus erat;Biboa uste eta baboa izan;Refrán Vasco;;Sententia Vasconica;Proverbios de la tradición oral vasca que reflejan la relación con la naturaleza, el trabajo y los valores comunitarios del pueblo vasco.;Collectio sententiarum Vasconicarum.;eu;Euskara;Lingua Vasconica;España;Hispania;Epoca Desconocida;Epocha Ignota;https://i.ibb.co/bjgxB3kn/euskadi.png;0
753;Mañana también saldrá el sol;Cras etiam sol orietur;Bihar ere eguzkia aterako duk;Refrán Vasco;;Sententia Vasconica;Proverbios de la tradición oral vasca que reflejan la relación con la naturaleza, el trabajo y los valores comunitarios del pueblo vasco.;Collectio sententiarum Vasconicarum.;eu;Euskara;Lingua Vasconica;España;Hispania;Epoca Desconocida;Epocha Ignota;https://i.ibb.co/bjgxB3kn/euskadi.png;0
754;Tienen buena vista y no se pueden ni ver;Bonam visionem habent et se videre non possunt;Bista ona eta elkar ezin ikusi;Refrán Vasco;;Sententia Vasconica;Proverbios de la tradición oral vasca que reflejan la relación con la naturaleza, el trabajo y los valores comunitarios del pueblo vasco.;Collectio sententiarum Vasconicarum.;eu;Euskara;Lingua Vasconica;España;Hispania;Epoca Desconocida;Epocha Ignota;https://i.ibb.co/bjgxB3kn/euskadi.png;0
755;Las cinco y oscuro día de matar al cerdo;Quinta hora et obscurum dies porcum mactandi;Bostak eta iluna txerria hiltzeko eguna;Refrán Vasco;;Sententia Vasconica;Proverbios de la tradición oral vasca que reflejan la relación con la naturaleza, el trabajo y los valores comunitarios del pueblo vasco.;Collectio sententiarum Vasconicarum.;eu;Euskara;Lingua Vasconica;España;Hispania;Epoca Desconocida;Epocha Ignota;https://i.ibb.co/bjgxB3kn/euskadi.png;0
756;Una herida de cinco céntimos y venda de diez céntimos;Vulnus quinque centimorum et fascia decem centimorum;Bost xentimoko pupua eta hamar xentimoko trapua;Refrán Vasco;;Sententia Vasconica;Proverbios de la tradición oral vasca que reflejan la relación con la naturaleza, el trabajo y los valores comunitarios del pueblo vasco.;Collectio sententiarum Vasconicarum.;eu;Euskara;Lingua Vasconica;España;Hispania;Epoca Desconocida;Epocha Ignota;https://i.ibb.co/bjgxB3kn/euskadi.png;0
757;Al hierro ha de golpeársele en caliente;Ferrum calidum percuti debet;Burdina berotan jo behar da;Refrán Vasco;;Sententia Vasconica;Proverbios de la tradición oral vasca que reflejan la relación con la naturaleza, el trabajo y los valores comunitarios del pueblo vasco.;Collectio sententiarum Vasconicarum.;eu;Euskara;Lingua Vasconica;España;Hispania;Epoca Desconocida;Epocha Ignota;https://i.ibb.co/bjgxB3kn/euskadi.png;0
758;El que no tiene cabeza solo le queda andar;Qui caput non habet tantum ambulare potest;Bururik ez duenak hankak ibili behar;Refrán Vasco;;Sententia Vasconica;Proverbios de la tradición oral vasca que reflejan la relación con la naturaleza, el trabajo y los valores comunitarios del pueblo vasco.;Collectio sententiarum Vasconicarum.;eu;Euskara;Lingua Vasconica;España;Hispania;Epoca Desconocida;Epocha Ignota;https://i.ibb.co/bjgxB3kn/euskadi.png;0
759;El que persiste tiene barriga grande el que desiste pie grande;Qui persistit ventrem magnum habet qui desistit pedem magnum;Dabilanak sabela handi dagoenak hoina handi;Refrán Vasco;;Sententia Vasconica;Proverbios de la tradición oral vasca que reflejan la relación con la naturaleza, el trabajo y los valores comunitarios del pueblo vasco.;Collectio sententiarum Vasconicarum.;eu;Euskara;Lingua Vasconica;España;Hispania;Epoca Desconocida;Epocha Ignota;https://i.ibb.co/bjgxB3kn/euskadi.png;0
760;Cuando hay muy bien cuando no hay aguantarse;Cum est optime cum non est tolerare;Dagoenean bon bon ez dagoenean egon;Refrán Vasco;;Sententia Vasconica;Proverbios de la tradición oral vasca que reflejan la relación con la naturaleza, el trabajo y los valores comunitarios del pueblo vasco.;Collectio sententiarum Vasconicarum.;eu;Euskara;Lingua Vasconica;España;Hispania;Epoca Desconocida;Epocha Ignota;https://i.ibb.co/bjgxB3kn/euskadi.png;0
761;Cuando hay de jauja cuando no hay a llorar;Cum est laetitia cum non est plorare;Dagoenean par-par ez dagoenean negar;Refrán Vasco;;Sententia Vasconica;Proverbios de la tradición oral vasca que reflejan la relación con la naturaleza, el trabajo y los valores comunitarios del pueblo vasco.;Collectio sententiarum Vasconicarum.;eu;Euskara;Lingua Vasconica;España;Hispania;Epoca Desconocida;Epocha Ignota;https://i.ibb.co/bjgxB3kn/euskadi.png;0
762;Lo poco que hagamos hagámoslo siempre;Pauca quae facimus semper faciamus;Dezagun gutxi dezagun beti;Refrán Vasco;;Sententia Vasconica;Proverbios de la tradición oral vasca que reflejan la relación con la naturaleza, el trabajo y los valores comunitarios del pueblo vasco.;Collectio sententiarum Vasconicarum.;eu;Euskara;Lingua Vasconica;España;Hispania;Epoca Desconocida;Epocha Ignota;https://i.ibb.co/bjgxB3kn/euskadi.png;0
763;El dinero allana las cuestas;Pecunia clivos planat;Diruak malkarrak zelaitzen;Refrán Vasco;;Sententia Vasconica;Proverbios de la tradición oral vasca que reflejan la relación con la naturaleza, el trabajo y los valores comunitarios del pueblo vasco.;Collectio sententiarum Vasconicarum.;eu;Euskara;Lingua Vasconica;España;Hispania;Epoca Desconocida;Epocha Ignota;https://i.ibb.co/bjgxB3kn/euskadi.png;0
764;El dinero buen siervo pero mal amo;Pecunia servus bonus sed dominus malus;Dirua morroi ona baina nagusi txarra;Refrán Vasco;;Sententia Vasconica;Proverbios de la tradición oral vasca que reflejan la relación con la naturaleza, el trabajo y los valores comunitarios del pueblo vasco.;Collectio sententiarum Vasconicarum.;eu;Euskara;Lingua Vasconica;España;Hispania;Epoca Desconocida;Epocha Ignota;https://i.ibb.co/bjgxB3kn/euskadi.png;0
765;Al pan pan y al vino vino;Panis panis vinum vinum;Egia egi ogia ogi ardaua ardau;Refrán Vasco;;Sententia Vasconica;Proverbios de la tradición oral vasca que reflejan la relación con la naturaleza, el trabajo y los valores comunitarios del pueblo vasco.;Collectio sententiarum Vasconicarum.;eu;Euskara;Lingua Vasconica;España;Hispania;Epoca Desconocida;Epocha Ignota;https://i.ibb.co/bjgxB3kn/euskadi.png;0
766;La verdad y la fe la ley de Ezkurra;Veritas et fides lex Ezkurrae;Egia eta fedea Ezkurrako legea;Refrán Vasco;;Sententia Vasconica;Proverbios de la tradición oral vasca que reflejan la relación con la naturaleza, el trabajo y los valores comunitarios del pueblo vasco.;Collectio sententiarum Vasconicarum.;eu;Euskara;Lingua Vasconica;España;Hispania;Epoca Desconocida;Epocha Ignota;https://i.ibb.co/bjgxB3kn/euskadi.png;0
767;No te espabiles y comerás fino aunque tengas dos sirvientas;Non vigila et tenue edes licet duas ancillas habeas;Egintzak lo eta jango dek mehe izan arren bi neskame;Refrán Vasco;;Sententia Vasconica;Proverbios de la tradición oral vasca que reflejan la relación con la naturaleza, el trabajo y los valores comunitarios del pueblo vasco.;Collectio sententiarum Vasconicarum.;eu;Euskara;Lingua Vasconica;España;Hispania;Epoca Desconocida;Epocha Ignota;https://i.ibb.co/bjgxB3kn/euskadi.png;0
768;Lluvia de mediodía lluvia para todo el día;Pluvia meridiana pluvia toti diei;Eguerdiko euria egun guztiko euria;Refrán Vasco;;Sententia Vasconica;Proverbios de la tradición oral vasca que reflejan la relación con la naturaleza, el trabajo y los valores comunitarios del pueblo vasco.;Collectio sententiarum Vasconicarum.;eu;Euskara;Lingua Vasconica;España;Hispania;Epoca Desconocida;Epocha Ignota;https://i.ibb.co/bjgxB3kn/euskadi.png;0
769;El sudor diario es el pan diario;Sudor diurnus panis diurnus est;Eguneroko izerdia eguneroko ogia;Refrán Vasco;;Sententia Vasconica;Proverbios de la tradición oral vasca que reflejan la relación con la naturaleza, el trabajo y los valores comunitarios del pueblo vasco.;Collectio sententiarum Vasconicarum.;eu;Euskara;Lingua Vasconica;España;Hispania;Epoca Desconocida;Epocha Ignota;https://i.ibb.co/bjgxB3kn/euskadi.png;0
770;Estate dormido y comerás fino;Dormiens esto et tenue edes;Egon hadi lo eta jango duk mehe;Refrán Vasco;;Sententia Vasconica;Proverbios de la tradición oral vasca que reflejan la relación con la naturaleza, el trabajo y los valores comunitarios del pueblo vasco.;Collectio sententiarum Vasconicarum.;eu;Euskara;Lingua Vasconica;España;Hispania;Epoca Desconocida;Epocha Ignota;https://i.ibb.co/bjgxB3kn/euskadi.png;0
771;Leña vieja fuego malo;Lignum vetus ignis malus;Egur zaharra su txarra;Refrán Vasco;;Sententia Vasconica;Proverbios de la tradición oral vasca que reflejan la relación con la naturaleza, el trabajo y los valores comunitarios del pueblo vasco.;Collectio sententiarum Vasconicarum.;eu;Euskara;Lingua Vasconica;España;Hispania;Epoca Desconocida;Epocha Ignota;https://i.ibb.co/bjgxB3kn/euskadi.png;0
772;El sol y la lluvia traen el arcoiris;Sol et pluvia arcum caeli ferunt;Eguzkia eta euria Erromako zubia;Refrán Vasco;;Sententia Vasconica;Proverbios de la tradición oral vasca que reflejan la relación con la naturaleza, el trabajo y los valores comunitarios del pueblo vasco.;Collectio sententiarum Vasconicarum.;eu;Euskara;Lingua Vasconica;España;Hispania;Epoca Desconocida;Epocha Ignota;https://i.ibb.co/bjgxB3kn/euskadi.png;0
773;El sol es el mismo para buenos y malos;Sol idem est bonis et malis;Eguzki bera on eta gaiztoentzat;Refrán Vasco;;Sententia Vasconica;Proverbios de la tradición oral vasca que reflejan la relación con la naturaleza, el trabajo y los valores comunitarios del pueblo vasco.;Collectio sententiarum Vasconicarum.;eu;Euskara;Lingua Vasconica;España;Hispania;Epoca Desconocida;Epocha Ignota;https://i.ibb.co/bjgxB3kn/euskadi.png;0
774;Sol y lluvia tiempo de marzo;Sol et pluvia tempus Martii;Eguzki eta euri martxoko eguraldi;Refrán Vasco;;Sententia Vasconica;Proverbios de la tradición oral vasca que reflejan la relación con la naturaleza, el trabajo y los valores comunitarios del pueblo vasco.;Collectio sententiarum Vasconicarum.;eu;Euskara;Lingua Vasconica;España;Hispania;Epoca Desconocida;Epocha Ignota;https://i.ibb.co/bjgxB3kn/euskadi.png;0
775;Nieve nievecita no te temo en casa tengo suficiente maíz y leña;Nix nixcula non te timeo domi satis frumenti et ligni habeo;Elur-melur ez nauk hire beldur etxean badiat nahiko arto eta egur;Refrán Vasco;;Sententia Vasconica;Proverbios de la tradición oral vasca que reflejan la relación con la naturaleza, el trabajo y los valores comunitarios del pueblo vasco.;Collectio sententiarum Vasconicarum.;eu;Euskara;Lingua Vasconica;España;Hispania;Epoca Desconocida;Epocha Ignota;https://i.ibb.co/bjgxB3kn/euskadi.png;0
776;La envidia era su propia enemiga;Invidia sua ipsius hostis erat;Enbidiosoa bere etsai osoa;Refrán Vasco;;Sententia Vasconica;Proverbios de la tradición oral vasca que reflejan la relación con la naturaleza, el trabajo y los valores comunitarios del pueblo vasco.;Collectio sententiarum Vasconicarum.;eu;Euskara;Lingua Vasconica;España;Hispania;Epoca Desconocida;Epocha Ignota;https://i.ibb.co/bjgxB3kn/euskadi.png;0
777;No hallarás llave que logre unir tus palabras pronunciadas;Non invenies clavem quae verba tua prolata ligare possit;Esandako hitzak lotzeko ez duzu giltzarik topatuko;Refrán Vasco;;Sententia Vasconica;Proverbios de la tradición oral vasca que reflejan la relación con la naturaleza, el trabajo y los valores comunitarios del pueblo vasco.;Collectio sententiarum Vasconicarum.;eu;Euskara;Lingua Vasconica;España;Hispania;Epoca Desconocida;Epocha Ignota;https://i.ibb.co/bjgxB3kn/euskadi.png;0
778;Gracias Mari Belasko Poca carne y mucho caldo;Gratias Mari Belasko Pauca caro multum ius;Eskerrik asko Mari Belasko Okela gutxi eta salda asko;Refrán Vasco;;Sententia Vasconica;Proverbios de la tradición oral vasca que reflejan la relación con la naturaleza, el trabajo y los valores comunitarios del pueblo vasco.;Collectio sententiarum Vasconicarum.;eu;Euskara;Lingua Vasconica;España;Hispania;Epoca Desconocida;Epocha Ignota;https://i.ibb.co/bjgxB3kn/euskadi.png;0
779;Dios no hizo iguales ni a los dedos de las manos;Deus ne digitos quidem manus aequales fecit;Eskuko behatzak ere ez zituen Jainkoak berdinak egin;Refrán Vasco;;Sententia Vasconica;Proverbios de la tradición oral vasca que reflejan la relación con la naturaleza, el trabajo y los valores comunitarios del pueblo vasco.;Collectio sententiarum Vasconicarum.;eu;Euskara;Lingua Vasconica;España;Hispania;Epoca Desconocida;Epocha Ignota;https://i.ibb.co/bjgxB3kn/euskadi.png;0
780;El cuello lleno de cencerros;Collum plenum tintinnabulis;Lepoa bete txintxarri;Refrán Vasco;;Sententia Vasconica;Proverbios de la tradición oral vasca que reflejan la relación con la naturaleza, el trabajo y los valores comunitarios del pueblo vasco.;Collectio sententiarum Vasconicarum.;eu;Euskara;Lingua Vasconica;España;Hispania;Epoca Desconocida;Epocha Ignota;https://i.ibb.co/bjgxB3kn/euskadi.png;0
781;No reza en su casa y da misa en el barrio;Domi non orat in vico missam celebrat;Etxean otoitzik ez egiten eta auzoan meza ematen;Refrán Vasco;;Sententia Vasconica;Proverbios de la tradición oral vasca que reflejan la relación con la naturaleza, el trabajo y los valores comunitarios del pueblo vasco.;Collectio sententiarum Vasconicarum.;eu;Euskara;Lingua Vasconica;España;Hispania;Epoca Desconocida;Epocha Ignota;https://i.ibb.co/bjgxB3kn/euskadi.png;0
782;El euskera en el corazón pero el castellano en los labios;Lingua Vasconum in corde sed Hispana in labiis;Euskara bihotzean baina erdara ezpainean;Refrán Vasco;;Sententia Vasconica;Proverbios de la tradición oral vasca que reflejan la relación con la naturaleza, el trabajo y los valores comunitarios del pueblo vasco.;Collectio sententiarum Vasconicarum.;eu;Euskara;Lingua Vasconica;España;Hispania;Epoca Desconocida;Epocha Ignota;https://i.ibb.co/bjgxB3kn/euskadi.png;0
783;Ni cabeza ni rabo;Nec caput nec cauda;Ez buru ta ez buztan;Refrán Vasco;;Sententia Vasconica;Proverbios de la tradición oral vasca que reflejan la relación con la naturaleza, el trabajo y los valores comunitarios del pueblo vasco.;Collectio sententiarum Vasconicarum.;eu;Euskara;Lingua Vasconica;España;Hispania;Epoca Desconocida;Epocha Ignota;https://i.ibb.co/bjgxB3kn/euskadi.png;0
784;No hay rosa sin espinas;Non est rosa sine spinis;Ez duk larrosik arantza gaberik;Refrán Vasco;;Sententia Vasconica;Proverbios de la tradición oral vasca que reflejan la relación con la naturaleza, el trabajo y los valores comunitarios del pueblo vasco.;Collectio sententiarum Vasconicarum.;eu;Euskara;Lingua Vasconica;España;Hispania;Epoca Desconocida;Epocha Ignota;https://i.ibb.co/bjgxB3kn/euskadi.png;0
785;No es eso nada nuevo;Non est illud novum;Ez da horixe atzo goizekoa;Refrán Vasco;;Sententia Vasconica;Proverbios de la tradición oral vasca que reflejan la relación con la naturaleza, el trabajo y los valores comunitarios del pueblo vasco.;Collectio sententiarum Vasconicarum.;eu;Euskara;Lingua Vasconica;España;Hispania;Epoca Desconocida;Epocha Ignota;https://i.ibb.co/bjgxB3kn/euskadi.png;0
786;Ojos que no ven corazón que no siente;Oculi qui non vident cor quod non sentit;Ez dakusan begirik ez ahalgerik;Refrán Vasco;;Sententia Vasconica;Proverbios de la tradición oral vasca que reflejan la relación con la naturaleza, el trabajo y los valores comunitarios del pueblo vasco.;Collectio sententiarum Vasconicarum.;eu;Euskara;Lingua Vasconica;España;Hispania;Epoca Desconocida;Epocha Ignota;https://i.ibb.co/bjgxB3kn/euskadi.png;0
787;No tener pelos en la lengua;Non habere pilos in lingua;Ez dauka horretxek mingainean herdoilik;Refrán Vasco;;Sententia Vasconica;Proverbios de la tradición oral vasca que reflejan la relación con la naturaleza, el trabajo y los valores comunitarios del pueblo vasco.;Collectio sententiarum Vasconicarum.;eu;Euskara;Lingua Vasconica;España;Hispania;Epoca Desconocida;Epocha Ignota;https://i.ibb.co/bjgxB3kn/euskadi.png;0
788;Todo aquel que no tiene es generoso;Omnis qui non habet largus est;Ez duan oro emaile hon;Refrán Vasco;;Sententia Vasconica;Proverbios de la tradición oral vasca que reflejan la relación con la naturaleza, el trabajo y los valores comunitarios del pueblo vasco.;Collectio sententiarum Vasconicarum.;eu;Euskara;Lingua Vasconica;España;Hispania;Epoca Desconocida;Epocha Ignota;https://i.ibb.co/bjgxB3kn/euskadi.png;0
789;No voy a la iglesia porque estoy cojo voy a la taberna porque el vino me hace bien;Non eo ad ecclesiam quia claudus sum eo ad tabernam quia vinum mihi bene facit;Ez naiz joaten elizara maingu naizelako joaten naiz tabernara ardoa on zaidalako;Refrán Vasco;;Sententia Vasconica;Proverbios de la tradición oral vasca que reflejan la relación con la naturaleza, el trabajo y los valores comunitarios del pueblo vasco.;Collectio sententiarum Vasconicarum.;eu;Euskara;Lingua Vasconica;España;Hispania;Epoca Desconocida;Epocha Ignota;https://i.ibb.co/bjgxB3kn/euskadi.png;0
790;Antes de casarte ten cuidado con lo que hagas;Antequam nubas cave quid facias;Ezkondu baino lehen kontu zer egiten den;Refrán Vasco;;Sententia Vasconica;Proverbios de la tradición oral vasca que reflejan la relación con la naturaleza, el trabajo y los valores comunitarios del pueblo vasco.;Collectio sententiarum Vasconicarum.;eu;Euskara;Lingua Vasconica;España;Hispania;Epoca Desconocida;Epocha Ignota;https://i.ibb.co/bjgxB3kn/euskadi.png;0
791;Recién casados alegría después las historias;Nuper nupti laetitia postea narrationes;Ezkongaietan bero kontuak gero;Refrán Vasco;;Sententia Vasconica;Proverbios de la tradición oral vasca que reflejan la relación con la naturaleza, el trabajo y los valores comunitarios del pueblo vasco.;Collectio sententiarum Vasconicarum.;eu;Euskara;Lingua Vasconica;España;Hispania;Epoca Desconocida;Epocha Ignota;https://i.ibb.co/bjgxB3kn/euskadi.png;0
792;Año de bellotas año de nieve;Annus glandium annus nivis;Ezkur urte elur urte;Refrán Vasco;;Sententia Vasconica;Proverbios de la tradición oral vasca que reflejan la relación con la naturaleza, el trabajo y los valores comunitarios del pueblo vasco.;Collectio sententiarum Vasconicarum.;eu;Euskara;Lingua Vasconica;España;Hispania;Epoca Desconocida;Epocha Ignota;https://i.ibb.co/bjgxB3kn/euskadi.png;0
793;La enfermedad ladrón silencioso;Morbus fur tacitus;Gaitza lapur isila;Refrán Vasco;;Sententia Vasconica;Proverbios de la tradición oral vasca que reflejan la relación con la naturaleza, el trabajo y los valores comunitarios del pueblo vasco.;Collectio sententiarum Vasconicarum.;eu;Euskara;Lingua Vasconica;España;Hispania;Epoca Desconocida;Epocha Ignota;https://i.ibb.co/bjgxB3kn/euskadi.png;0
794;No hay edad para la enfermedad;Non est aetas pro morbo;Gaitzarentzat ez da adinik;Refrán Vasco;;Sententia Vasconica;Proverbios de la tradición oral vasca que reflejan la relación con la naturaleza, el trabajo y los valores comunitarios del pueblo vasco.;Collectio sententiarum Vasconicarum.;eu;Euskara;Lingua Vasconica;España;Hispania;Epoca Desconocida;Epocha Ignota;https://i.ibb.co/bjgxB3kn/euskadi.png;0
795;Disculpad lo mal dicho y recordad lo bien dicho;Ignoscite male dicta et memorate bene dicta;Gaizki esanak barkatu eta ondo esanak gogoan hartu;Refrán Vasco;;Sententia Vasconica;Proverbios de la tradición oral vasca que reflejan la relación con la naturaleza, el trabajo y los valores comunitarios del pueblo vasco.;Collectio sententiarum Vasconicarum.;eu;Euskara;Lingua Vasconica;España;Hispania;Epoca Desconocida;Epocha Ignota;https://i.ibb.co/bjgxB3kn/euskadi.png;0
796;En casa de irresponsables caldo de mañana al atardecer;In domo imprudentum ius matutinum ad vesperam;Ganorabakoen etxean goizeko salda arratsean;Refrán Vasco;;Sententia Vasconica;Proverbios de la tradición oral vasca que reflejan la relación con la naturaleza, el trabajo y los valores comunitarios del pueblo vasco.;Collectio sententiarum Vasconicarum.;eu;Euskara;Lingua Vasconica;España;Hispania;Epoca Desconocida;Epocha Ignota;https://i.ibb.co/bjgxB3kn/euskadi.png;0
797;La victoria el final de muchos desvelos;Victoria finis multarum vigiliarum;Garaipena neke askoren ondorena;Refrán Vasco;;Sententia Vasconica;Proverbios de la tradición oral vasca que reflejan la relación con la naturaleza, el trabajo y los valores comunitarios del pueblo vasco.;Collectio sententiarum Vasconicarum.;eu;Euskara;Lingua Vasconica;España;Hispania;Epoca Desconocida;Epocha Ignota;https://i.ibb.co/bjgxB3kn/euskadi.png;0
798;La palabra hoy dicha mañana se la lleva el viento;Verbum hodie dictum cras ventus fert;Gaur hitza eman bihar haizeak eraman;Refrán Vasco;;Sententia Vasconica;Proverbios de la tradición oral vasca que reflejan la relación con la naturaleza, el trabajo y los valores comunitarios del pueblo vasco.;Collectio sententiarum Vasconicarum.;eu;Euskara;Lingua Vasconica;España;Hispania;Epoca Desconocida;Epocha Ignota;https://i.ibb.co/bjgxB3kn/euskadi.png;0
799;Dije mentira en casa y llegó a la calle antes que yo;Mendacium dixi domi et ante me in viam pervenit;Gezurra esan nuen etxean ni baino lehenago kalean;Refrán Vasco;;Sententia Vasconica;Proverbios de la tradición oral vasca que reflejan la relación con la naturaleza, el trabajo y los valores comunitarios del pueblo vasco.;Collectio sententiarum Vasconicarum.;eu;Euskara;Lingua Vasconica;España;Hispania;Epoca Desconocida;Epocha Ignota;https://i.ibb.co/bjgxB3kn/euskadi.png;0
800;Dije mentira en Getaria y llegó antes que yo al portal;Mendacium dixi Getariae et ante me ad atrium pervenit;Gezurra esan nuen Getarian eta ni baino lehenago zen atarian;Refrán Vasco;;Sententia Vasconica;Proverbios de la tradición oral vasca que reflejan la relación con la naturaleza, el trabajo y los valores comunitarios del pueblo vasco.;Collectio sententiarum Vasconicarum.;eu;Euskara;Lingua Vasconica;España;Hispania;Epoca Desconocida;Epocha Ignota;https://i.ibb.co/bjgxB3kn/euskadi.png;0
801;La mentira tiene el rabo corto;Mendacium caudam brevem habet;Gezurrak buztana labur;Refrán Vasco;;Sententia Vasconica;Proverbios de la tradición oral vasca que reflejan la relación con la naturaleza, el trabajo y los valores comunitarios del pueblo vasco.;Collectio sententiarum Vasconicarum.;eu;Euskara;Lingua Vasconica;España;Hispania;Epoca Desconocida;Epocha Ignota;https://i.ibb.co/bjgxB3kn/euskadi.png;0
802;Guillermo mañana morirás pasado mañana te enterrarán al otro día te olvidarán;Guillerme cras morieris perendie sepelieris die sequenti oblivione traderis;Gilen bihar hilen etzi ehortziren etzidamu ahantziren;Refrán Vasco;;Sententia Vasconica;Proverbios de la tradición oral vasca que reflejan la relación con la naturaleza, el trabajo y los valores comunitarios del pueblo vasco.;Collectio sententiarum Vasconicarum.;eu;Euskara;Lingua Vasconica;España;Hispania;Epoca Desconocida;Epocha Ignota;https://i.ibb.co/bjgxB3kn/euskadi.png;0
803;El hombre es hombre el gato es gatito;Homo homo est felis feliculus est;Gizona gizon katua mixon;Refrán Vasco;;Sententia Vasconica;Proverbios de la tradición oral vasca que reflejan la relación con la naturaleza, el trabajo y los valores comunitarios del pueblo vasco.;Collectio sententiarum Vasconicarum.;eu;Euskara;Lingua Vasconica;España;Hispania;Epoca Desconocida;Epocha Ignota;https://i.ibb.co/bjgxB3kn/euskadi.png;0
804;El que más arriba se encuentra es el que cacarea;Qui altius est ille cantat;Goien dagoenak jotzen du kukurruku;Refrán Vasco;;Sententia Vasconica;Proverbios de la tradición oral vasca que reflejan la relación con la naturaleza, el trabajo y los valores comunitarios del pueblo vasco.;Collectio sententiarum Vasconicarum.;eu;Euskara;Lingua Vasconica;España;Hispania;Epoca Desconocida;Epocha Ignota;https://i.ibb.co/bjgxB3kn/euskadi.png;0
805;Mañana roja tarde lluviosa;Mane rubra vesper pluvialis;Goiz gorri arrats euri;Refrán Vasco;;Sententia Vasconica;Proverbios de la tradición oral vasca que reflejan la relación con la naturaleza, el trabajo y los valores comunitarios del pueblo vasco.;Collectio sententiarum Vasconicarum.;eu;Euskara;Lingua Vasconica;España;Hispania;Epoca Desconocida;Epocha Ignota;https://i.ibb.co/bjgxB3kn/euskadi.png;0
806;A la mañana caldo de puerros al mediodía berzas fácil te cabrán los pantalones;Mane ius porrorum meridie brassicae facile tibi bracae capient;Goizean porrusalda eta eguerdian azak aise kabituko zaizkik ipurdian galtzak;Refrán Vasco;;Sententia Vasconica;Proverbios de la tradición oral vasca que reflejan la relación con la naturaleza, el trabajo y los valores comunitarios del pueblo vasco.;Collectio sententiarum Vasconicarum.;eu;Euskara;Lingua Vasconica;España;Hispania;Epoca Desconocida;Epocha Ignota;https://i.ibb.co/bjgxB3kn/euskadi.png;0
807;Nube del amanecer fuente del anochecer;Nubes aurorae fons vesperae;Goizeko laino gorri gaueko iturri;Refrán Vasco;;Sententia Vasconica;Proverbios de la tradición oral vasca que reflejan la relación con la naturaleza, el trabajo y los valores comunitarios del pueblo vasco.;Collectio sententiarum Vasconicarum.;eu;Euskara;Lingua Vasconica;España;Hispania;Epoca Desconocida;Epocha Ignota;https://i.ibb.co/bjgxB3kn/euskadi.png;0
808;Arriba nosotros y los nuestros;Sursum nos et nostri;Gora gu eta gutarrak;Refrán Vasco;;Sententia Vasconica;Proverbios de la tradición oral vasca que reflejan la relación con la naturaleza, el trabajo y los valores comunitarios del pueblo vasco.;Collectio sententiarum Vasconicarum.;eu;Euskara;Lingua Vasconica;España;Hispania;Epoca Desconocida;Epocha Ignota;https://i.ibb.co/bjgxB3kn/euskadi.png;0
809;Nosotros y nosotros y nosotros al final Gurugú los demás ganan y nosotros perdemos;Nos et nos et nos tandem Gurugu alii vincunt nos perdimus;Gu ta gu ta gu azkenean Gurugu besteak irabazi eta guk galdu;Refrán Vasco;;Sententia Vasconica;Proverbios de la tradición oral vasca que reflejan la relación con la naturaleza, el trabajo y los valores comunitarios del pueblo vasco.;Collectio sententiarum Vasconicarum.;eu;Euskara;Lingua Vasconica;España;Hispania;Epoca Desconocida;Epocha Ignota;https://i.ibb.co/bjgxB3kn/euskadi.png;0
810;Nuestro gato tiene cola larga cree que los demás también la tienen;Felis noster caudam longam habet credit alios etiam habere;Gure katuak buztana luze besteek hala dutela uste;Refrán Vasco;;Sententia Vasconica;Proverbios de la tradición oral vasca que reflejan la relación con la naturaleza, el trabajo y los valores comunitarios del pueblo vasco.;Collectio sententiarum Vasconicarum.;eu;Euskara;Lingua Vasconica;España;Hispania;Epoca Desconocida;Epocha Ignota;https://i.ibb.co/bjgxB3kn/euskadi.png;0
811;Si estás a gusto no hay cuestas;Si bene tibi est non sunt clivi;Gustuko lekuan aldaparik ez;Refrán Vasco;;Sententia Vasconica;Proverbios de la tradición oral vasca que reflejan la relación con la naturaleza, el trabajo y los valores comunitarios del pueblo vasco.;Collectio sententiarum Vasconicarum.;eu;Euskara;Lingua Vasconica;España;Hispania;Epoca Desconocida;Epocha Ignota;https://i.ibb.co/bjgxB3kn/euskadi.png;0
812;Adonde sople el viento se agita el pañuelo;Quo ventus flat mappula agitatur;Haizeak nora zapiak hara;Refrán Vasco;;Sententia Vasconica;Proverbios de la tradición oral vasca que reflejan la relación con la naturaleza, el trabajo y los valores comunitarios del pueblo vasco.;Collectio sententiarum Vasconicarum.;eu;Euskara;Lingua Vasconica;España;Hispania;Epoca Desconocida;Epocha Ignota;https://i.ibb.co/bjgxB3kn/euskadi.png;0
813;El nacido entre peñas tira a las peñas;Natus inter rupes ad rupes tendit;Haitzean jaioak haitzera nahi;Refrán Vasco;;Sententia Vasconica;Proverbios de la tradición oral vasca que reflejan la relación con la naturaleza, el trabajo y los valores comunitarios del pueblo vasco.;Collectio sententiarum Vasconicarum.;eu;Euskara;Lingua Vasconica;España;Hispania;Epoca Desconocida;Epocha Ignota;https://i.ibb.co/bjgxB3kn/euskadi.png;0
814;Vaya par tú uno y yo otro;Ecce par tu unus ego alius;Hara bi zu bat eta beste ni;Refrán Vasco;;Sententia Vasconica;Proverbios de la tradición oral vasca que reflejan la relación con la naturaleza, el trabajo y los valores comunitarios del pueblo vasco.;Collectio sententiarum Vasconicarum.;eu;Euskara;Lingua Vasconica;España;Hispania;Epoca Desconocida;Epocha Ignota;https://i.ibb.co/bjgxB3kn/euskadi.png;0
815;Las piedras no tienen ojos;Lapides oculos non habent;Harriak ez du begirik;Refrán Vasco;;Sententia Vasconica;Proverbios de la tradición oral vasca que reflejan la relación con la naturaleza, el trabajo y los valores comunitarios del pueblo vasco.;Collectio sententiarum Vasconicarum.;eu;Euskara;Lingua Vasconica;España;Hispania;Epoca Desconocida;Epocha Ignota;https://i.ibb.co/bjgxB3kn/euskadi.png;0
816;El rápido cobrador es mal pagador;Collector celer solutor malus;Hartzaile bizkor emaile koxkor;Refrán Vasco;;Sententia Vasconica;Proverbios de la tradición oral vasca que reflejan la relación con la naturaleza, el trabajo y los valores comunitarios del pueblo vasco.;Collectio sententiarum Vasconicarum.;eu;Euskara;Lingua Vasconica;España;Hispania;Epoca Desconocida;Epocha Ignota;https://i.ibb.co/bjgxB3kn/euskadi.png;0
817;Rápido en cobrar y tonto al pagar;Celer colligere stultus solvere;Hartzeko pronto eta emateko tonto;Refrán Vasco;;Sententia Vasconica;Proverbios de la tradición oral vasca que reflejan la relación con la naturaleza, el trabajo y los valores comunitarios del pueblo vasco.;Collectio sententiarum Vasconicarum.;eu;Euskara;Lingua Vasconica;España;Hispania;Epoca Desconocida;Epocha Ignota;https://i.ibb.co/bjgxB3kn/euskadi.png;0
818;El grande siempre tiene razón el pequeño jamás;Magnus semper rationem habet parvus numquam;Handia beti legez txikia behin ere ez;Refrán Vasco;;Sententia Vasconica;Proverbios de la tradición oral vasca que reflejan la relación con la naturaleza, el trabajo y los valores comunitarios del pueblo vasco.;Collectio sententiarum Vasconicarum.;eu;Euskara;Lingua Vasconica;España;Hispania;Epoca Desconocida;Epocha Ignota;https://i.ibb.co/bjgxB3kn/euskadi.png;0
819;El que no tiene niños no tiene buen recibimiento;Qui liberos non habet non habet bonam receptionem;Haurrik ez duanak ez haur abegirik;Refrán Vasco;;Sententia Vasconica;Proverbios de la tradición oral vasca que reflejan la relación con la naturaleza, el trabajo y los valores comunitarios del pueblo vasco.;Collectio sententiarum Vasconicarum.;eu;Euskara;Lingua Vasconica;España;Hispania;Epoca Desconocida;Epocha Ignota;https://i.ibb.co/bjgxB3kn/euskadi.png;0
820;El ave para el aire el hombre para el trabajo;Avis aeri homo labori;Hegaztia airerako gizona lanerako;Refrán Vasco;;Sententia Vasconica;Proverbios de la tradición oral vasca que reflejan la relación con la naturaleza, el trabajo y los valores comunitarios del pueblo vasco.;Collectio sententiarum Vasconicarum.;eu;Euskara;Lingua Vasconica;España;Hispania;Epoca Desconocida;Epocha Ignota;https://i.ibb.co/bjgxB3kn/euskadi.png;0
821;Viento sur viento de locos;Ventus australis ventus insanorum;Hego haizea ero haizea;Refrán Vasco;;Sententia Vasconica;Proverbios de la tradición oral vasca que reflejan la relación con la naturaleza, el trabajo y los valores comunitarios del pueblo vasco.;Collectio sententiarum Vasconicarum.;eu;Euskara;Lingua Vasconica;España;Hispania;Epoca Desconocida;Epocha Ignota;https://i.ibb.co/bjgxB3kn/euskadi.png;0
822;Tú también estarías presente en la mesa donde se repartió la envidia;Tu quoque in mensa ubi invidia distributa est praesens eras;Hi ere inbidia partitu zen mahaian izango hintzen;Refrán Vasco;;Sententia Vasconica;Proverbios de la tradición oral vasca que reflejan la relación con la naturaleza, el trabajo y los valores comunitarios del pueblo vasco.;Collectio sententiarum Vasconicarum.;eu;Euskara;Lingua Vasconica;España;Hispania;Epoca Desconocida;Epocha Ignota;https://i.ibb.co/bjgxB3kn/euskadi.png;0
823;Vete a herrar gansos;Vade anseres ferrare;Hoa antzarrak perratzera;Refrán Vasco;;Sententia Vasconica;Proverbios de la tradición oral vasca que reflejan la relación con la naturaleza, el trabajo y los valores comunitarios del pueblo vasco.;Collectio sententiarum Vasconicarum.;eu;Euskara;Lingua Vasconica;España;Hispania;Epoca Desconocida;Epocha Ignota;https://i.ibb.co/bjgxB3kn/euskadi.png;0
824;Mejor uno en mano que dos en el barrio;Melius unus in manu quam duo in vico;Hobe da bat eskuan ez bi auzoan;Refrán Vasco;;Sententia Vasconica;Proverbios de la tradición oral vasca que reflejan la relación con la naturaleza, el trabajo y los valores comunitarios del pueblo vasco.;Collectio sententiarum Vasconicarum.;eu;Euskara;Lingua Vasconica;España;Hispania;Epoca Desconocida;Epocha Ignota;https://i.ibb.co/bjgxB3kn/euskadi.png;0
825;Mejor ir a pie y a lo seguro que a caballo y al hoyo;Melius pedibus et secure quam equo et ad foveam;Hobe da oinez eta segurura eta ez zaldiz eta zulora;Refrán Vasco;;Sententia Vasconica;Proverbios de la tradición oral vasca que reflejan la relación con la naturaleza, el trabajo y los valores comunitarios del pueblo vasco.;Collectio sententiarum Vasconicarum.;eu;Euskara;Lingua Vasconica;España;Hispania;Epoca Desconocida;Epocha Ignota;https://i.ibb.co/bjgxB3kn/euskadi.png;0
826;Ahí te las compongas muchachote;Ibi tibi compone iuvenis;Hor konpon Marianton;Refrán Vasco;;Sententia Vasconica;Proverbios de la tradición oral vasca que reflejan la relación con la naturaleza, el trabajo y los valores comunitarios del pueblo vasco.;Collectio sententiarum Vasconicarum.;eu;Euskara;Lingua Vasconica;España;Hispania;Epoca Desconocida;Epocha Ignota;https://i.ibb.co/bjgxB3kn/euskadi.png;0
827;Comprar el yugo antes de comprar los bueyes;Emere iugum antequam boves emere;Uztarria erosi idiak erosi aurretik;Refrán Vasco;;Sententia Vasconica;Proverbios de la tradición oral vasca que reflejan la relación con la naturaleza, el trabajo y los valores comunitarios del pueblo vasco.;Collectio sententiarum Vasconicarum.;eu;Euskara;Lingua Vasconica;España;Hispania;Epoca Desconocida;Epocha Ignota;https://i.ibb.co/bjgxB3kn/euskadi.png;0
828;Parrandero de noche sueño a la mañana;Comissator nocte somnus mane;Ibiltari gauean logale goizean;Refrán Vasco;;Sententia Vasconica;Proverbios de la tradición oral vasca que reflejan la relación con la naturaleza, el trabajo y los valores comunitarios del pueblo vasco.;Collectio sententiarum Vasconicarum.;eu;Euskara;Lingua Vasconica;España;Hispania;Epoca Desconocida;Epocha Ignota;https://i.ibb.co/bjgxB3kn/euskadi.png;0
829;Idiazabal la puerta celestial abierta;Idiazabal porta caelestis aperta;Idiazabal zeruko ateak zabal;Refrán Vasco;;Sententia Vasconica;Proverbios de la tradición oral vasca que reflejan la relación con la naturaleza, el trabajo y los valores comunitarios del pueblo vasco.;Collectio sententiarum Vasconicarum.;eu;Euskara;Lingua Vasconica;España;Hispania;Epoca Desconocida;Epocha Ignota;https://i.ibb.co/bjgxB3kn/euskadi.png;0
830;Luna y niebla ambiente de brujas;Luna et nebula aer sagarum;Ilargi eta laino sorginentzat giro;Refrán Vasco;;Sententia Vasconica;Proverbios de la tradición oral vasca que reflejan la relación con la naturaleza, el trabajo y los valores comunitarios del pueblo vasco.;Collectio sententiarum Vasconicarum.;eu;Euskara;Lingua Vasconica;España;Hispania;Epoca Desconocida;Epocha Ignota;https://i.ibb.co/bjgxB3kn/euskadi.png;0
831;Es mejor que se quede en blanco el pelo que la mente;Melius est ut capillus albescat quam mens;Ilea zuritzea hobe da burua baino;Refrán Vasco;;Sententia Vasconica;Proverbios de la tradición oral vasca que reflejan la relación con la naturaleza, el trabajo y los valores comunitarios del pueblo vasco.;Collectio sententiarum Vasconicarum.;eu;Euskara;Lingua Vasconica;España;Hispania;Epoca Desconocida;Epocha Ignota;https://i.ibb.co/bjgxB3kn/euskadi.png;0
832;El que está callado no miente;Qui tacet non mentitur;Isilik dagoenak ez dio gezurrik;Refrán Vasco;;Sententia Vasconica;Proverbios de la tradición oral vasca que reflejan la relación con la naturaleza, el trabajo y los valores comunitarios del pueblo vasco.;Collectio sententiarum Vasconicarum.;eu;Euskara;Lingua Vasconica;España;Hispania;Epoca Desconocida;Epocha Ignota;https://i.ibb.co/bjgxB3kn/euskadi.png;0
833;Callados hasta que la gallina mee;Taciti donec gallina mingat;Isilik oiloak pixa egin arte;Refrán Vasco;;Sententia Vasconica;Proverbios de la tradición oral vasca que reflejan la relación con la naturaleza, el trabajo y los valores comunitarios del pueblo vasco.;Collectio sententiarum Vasconicarum.;eu;Euskara;Lingua Vasconica;España;Hispania;Epoca Desconocida;Epocha Ignota;https://i.ibb.co/bjgxB3kn/euskadi.png;0
834;Del nombre al ser hay un puente;A nomine ad esse pons est;Izenetik izanera gogoa zubi;Refrán Vasco;;Sententia Vasconica;Proverbios de la tradición oral vasca que reflejan la relación con la naturaleza, el trabajo y los valores comunitarios del pueblo vasco.;Collectio sententiarum Vasconicarum.;eu;Euskara;Lingua Vasconica;España;Hispania;Epoca Desconocida;Epocha Ignota;https://i.ibb.co/bjgxB3kn/euskadi.png;0
835;Come y duerme y gordito;Ede et dormi et pinguis;Janda lo ta potolo;Refrán Vasco;;Sententia Vasconica;Proverbios de la tradición oral vasca que reflejan la relación con la naturaleza, el trabajo y los valores comunitarios del pueblo vasco.;Collectio sententiarum Vasconicarum.;eu;Euskara;Lingua Vasconica;España;Hispania;Epoca Desconocida;Epocha Ignota;https://i.ibb.co/bjgxB3kn/euskadi.png;0
836;Dios único y el suficiente;Deus unus et ipse sufficiens;Jainkoa bat eta bera nahikoa;Refrán Vasco;;Sententia Vasconica;Proverbios de la tradición oral vasca que reflejan la relación con la naturaleza, el trabajo y los valores comunitarios del pueblo vasco.;Collectio sententiarum Vasconicarum.;eu;Euskara;Lingua Vasconica;España;Hispania;Epoca Desconocida;Epocha Ignota;https://i.ibb.co/bjgxB3kn/euskadi.png;0
837;Dios el que está por encima de todas las cosas;Deus qui super omnia est;Jainkoa gauza guztien gainekoa;Refrán Vasco;;Sententia Vasconica;Proverbios de la tradición oral vasca que reflejan la relación con la naturaleza, el trabajo y los valores comunitarios del pueblo vasco.;Collectio sententiarum Vasconicarum.;eu;Euskara;Lingua Vasconica;España;Hispania;Epoca Desconocida;Epocha Ignota;https://i.ibb.co/bjgxB3kn/euskadi.png;0
838;No se puede fiar con los santos que comen;Non fidendum est sanctis qui edunt;Jaten duten santuekin ez dago fidatzerik;Refrán Vasco;;Sententia Vasconica;Proverbios de la tradición oral vasca que reflejan la relación con la naturaleza, el trabajo y los valores comunitarios del pueblo vasco.;Collectio sententiarum Vasconicarum.;eu;Euskara;Lingua Vasconica;España;Hispania;Epoca Desconocida;Epocha Ignota;https://i.ibb.co/bjgxB3kn/euskadi.png;0
839;Jesús María y José siempre comiendo y siempre hambriento;Iesus Maria et Ioseph semper edentes semper esurientes;Jesus Maria eta Jose beti jan eta beti gose;Refrán Vasco;;Sententia Vasconica;Proverbios de la tradición oral vasca que reflejan la relación con la naturaleza, el trabajo y los valores comunitarios del pueblo vasco.;Collectio sententiarum Vasconicarum.;eu;Euskara;Lingua Vasconica;España;Hispania;Epoca Desconocida;Epocha Ignota;https://i.ibb.co/bjgxB3kn/euskadi.png;0
840;El que no quiera escuchar la campana que no mueva la cuerda;Qui campanam audire non vult funem non moveat;Kanpaia nahi ez duenak aditu ez dezala soka mugitu;Refrán Vasco;;Sententia Vasconica;Proverbios de la tradición oral vasca que reflejan la relación con la naturaleza, el trabajo y los valores comunitarios del pueblo vasco.;Collectio sententiarum Vasconicarum.;eu;Euskara;Lingua Vasconica;España;Hispania;Epoca Desconocida;Epocha Ignota;https://i.ibb.co/bjgxB3kn/euskadi.png;0
841;En la casa donde no hay gatos los ratones bailan;In domo ubi feles non sunt mures saltant;Katurik ez dagoen etxean saguak dantzan;Refrán Vasco;;Sententia Vasconica;Proverbios de la tradición oral vasca que reflejan la relación con la naturaleza, el trabajo y los valores comunitarios del pueblo vasco.;Collectio sententiarum Vasconicarum.;eu;Euskara;Lingua Vasconica;España;Hispania;Epoca Desconocida;Epocha Ignota;https://i.ibb.co/bjgxB3kn/euskadi.png;0
842;El trabajo más fácil mandar;Labor facillimus imperare;Lanik errazena agintzea;Refrán Vasco;;Sententia Vasconica;Proverbios de la tradición oral vasca que reflejan la relación con la naturaleza, el trabajo y los valores comunitarios del pueblo vasco.;Collectio sententiarum Vasconicarum.;eu;Euskara;Lingua Vasconica;España;Hispania;Epoca Desconocida;Epocha Ignota;https://i.ibb.co/bjgxB3kn/euskadi.png;0
843;El trabajo rápido trabajo baldío;Labor celer labor vanus;Lan lasterra lan alferra;Refrán Vasco;;Sententia Vasconica;Proverbios de la tradición oral vasca que reflejan la relación con la naturaleza, el trabajo y los valores comunitarios del pueblo vasco.;Collectio sententiarum Vasconicarum.;eu;Euskara;Lingua Vasconica;España;Hispania;Epoca Desconocida;Epocha Ignota;https://i.ibb.co/bjgxB3kn/euskadi.png;0
844;Antes así ahora asá luego quién sabrá;Olim sic nunc sic postea quis sciet;Lehen hala orain hola gero ez jakin nola;Refrán Vasco;;Sententia Vasconica;Proverbios de la tradición oral vasca que reflejan la relación con la naturaleza, el trabajo y los valores comunitarios del pueblo vasco.;Collectio sententiarum Vasconicarum.;eu;Euskara;Lingua Vasconica;España;Hispania;Epoca Desconocida;Epocha Ignota;https://i.ibb.co/bjgxB3kn/euskadi.png;0
845;La tierra lo cría y la tierra se lo come;Terra nutrit et terra comedit;Lurrak hazi eta lurrak jan;Refrán Vasco;;Sententia Vasconica;Proverbios de la tradición oral vasca que reflejan la relación con la naturaleza, el trabajo y los valores comunitarios del pueblo vasco.;Collectio sententiarum Vasconicarum.;eu;Euskara;Lingua Vasconica;España;Hispania;Epoca Desconocida;Epocha Ignota;https://i.ibb.co/bjgxB3kn/euskadi.png;0
846;María trueno en Orio y lluvia en Markina;Maria tonitru in Orio et pluvia in Markina;Maria Orion trumoia eta Markinan euria;Refrán Vasco;;Sententia Vasconica;Proverbios de la tradición oral vasca que reflejan la relación con la naturaleza, el trabajo y los valores comunitarios del pueblo vasco.;Collectio sententiarum Vasconicarum.;eu;Euskara;Lingua Vasconica;España;Hispania;Epoca Desconocida;Epocha Ignota;https://i.ibb.co/bjgxB3kn/euskadi.png;0
847;La esposa del marinero esposada a la mañana viuda al atardecer;Uxor nautae mane coniugata vespere vidua;Marinelaren emaztea goizean senardun arratsean alargun;Refrán Vasco;;Sententia Vasconica;Proverbios de la tradición oral vasca que reflejan la relación con la naturaleza, el trabajo y los valores comunitarios del pueblo vasco.;Collectio sententiarum Vasconicarum.;eu;Euskara;Lingua Vasconica;España;Hispania;Epoca Desconocida;Epocha Ignota;https://i.ibb.co/bjgxB3kn/euskadi.png;0
848;El médico te limpia el cuerpo el cura el alma el abogado el bolsillo;Medicus corpus purgat sacerdos animam advocatus crumenam;Medikuak gorputza garbitu apaizak arima abokatuak poltsa;Refrán Vasco;;Sententia Vasconica;Proverbios de la tradición oral vasca que reflejan la relación con la naturaleza, el trabajo y los valores comunitarios del pueblo vasco.;Collectio sententiarum Vasconicarum.;eu;Euskara;Lingua Vasconica;España;Hispania;Epoca Desconocida;Epocha Ignota;https://i.ibb.co/bjgxB3kn/euskadi.png;0
849;En el mundo se desperdician tres cosas la razón del pobre la buena madera del monte y la fuerza del vago;In mundo tria perduntur gratis ratio pauperis lignum bonum montis et vis pigri;Munduan hiru gauza galtzen dira alferrik pobrearen arrazoia mendiko egur igarra eta alferraren indarra;Refrán Vasco;;Sententia Vasconica;Proverbios de la tradición oral vasca que reflejan la relación con la naturaleza, el trabajo y los valores comunitarios del pueblo vasco.;Collectio sententiarum Vasconicarum.;eu;Euskara;Lingua Vasconica;España;Hispania;Epoca Desconocida;Epocha Ignota;https://i.ibb.co/bjgxB3kn/euskadi.png;0
850;El que quiera vivir largamente que se acueste con las gallinas y se levante con los pájaros;Qui diu vivere vult cum gallinis cubet et cum avibus surgat;Munduan nahi duenak luzaroan bizi oiloekin ohera eta txoriekin jaiki;Refrán Vasco;;Sententia Vasconica;Proverbios de la tradición oral vasca que reflejan la relación con la naturaleza, el trabajo y los valores comunitarios del pueblo vasco.;Collectio sententiarum Vasconicarum.;eu;Euskara;Lingua Vasconica;España;Hispania;Epoca Desconocida;Epocha Ignota;https://i.ibb.co/bjgxB3kn/euskadi.png;0
851;Donde esté mi voluntad allí mi pie;Ubi mea voluntas ibi meus pes;Non nire gogoa han nire zangoa;Refrán Vasco;;Sententia Vasconica;Proverbios de la tradición oral vasca que reflejan la relación con la naturaleza, el trabajo y los valores comunitarios del pueblo vasco.;Collectio sententiarum Vasconicarum.;eu;Euskara;Lingua Vasconica;España;Hispania;Epoca Desconocida;Epocha Ignota;https://i.ibb.co/bjgxB3kn/euskadi.png;0
852;De cómo sea el sonido así será la danza;Qualis sonus talis saltatio;Nola soinu hala dantza;Refrán Vasco;;Sententia Vasconica;Proverbios de la tradición oral vasca que reflejan la relación con la naturaleza, el trabajo y los valores comunitarios del pueblo vasco.;Collectio sententiarum Vasconicarum.;eu;Euskara;Lingua Vasconica;España;Hispania;Epoca Desconocida;Epocha Ignota;https://i.ibb.co/bjgxB3kn/euskadi.png;0
853;De dónde vienes al monte voy;Unde venis ad montem vado;Nondik zatoz mendira noa;Refrán Vasco;;Sententia Vasconica;Proverbios de la tradición oral vasca que reflejan la relación con la naturaleza, el trabajo y los valores comunitarios del pueblo vasco.;Collectio sententiarum Vasconicarum.;eu;Euskara;Lingua Vasconica;España;Hispania;Epoca Desconocida;Epocha Ignota;https://i.ibb.co/bjgxB3kn/euskadi.png;0
854;Ni el lobo come de su propia carne;Nec lupus carnem suam comedit;Otsoak ere ez du bere haragirik jaten;Refrán Vasco;;Sententia Vasconica;Proverbios de la tradición oral vasca que reflejan la relación con la naturaleza, el trabajo y los valores comunitarios del pueblo vasco.;Collectio sententiarum Vasconicarum.;eu;Euskara;Lingua Vasconica;España;Hispania;Epoca Desconocida;Epocha Ignota;https://i.ibb.co/bjgxB3kn/euskadi.png;0
855;Al pan duro comillo afilado;Pani duro dens acutus;Ogi gogorrari hagin zorrotza;Refrán Vasco;;Sententia Vasconica;Proverbios de la tradición oral vasca que reflejan la relación con la naturaleza, el trabajo y los valores comunitarios del pueblo vasco.;Collectio sententiarum Vasconicarum.;eu;Euskara;Lingua Vasconica;España;Hispania;Epoca Desconocida;Epocha Ignota;https://i.ibb.co/bjgxB3kn/euskadi.png;0
856;Oiartzun Las paredes viejas responden;Oiartzun parietes veteres respondent;Oiartzun pareta zaharrak erantzun;Refrán Vasco;;Sententia Vasconica;Proverbios de la tradición oral vasca que reflejan la relación con la naturaleza, el trabajo y los valores comunitarios del pueblo vasco.;Collectio sententiarum Vasconicarum.;eu;Euskara;Lingua Vasconica;España;Hispania;Epoca Desconocida;Epocha Ignota;https://i.ibb.co/bjgxB3kn/euskadi.png;0
857;No querer andar a pie no venir nadie a caballo;Nolui pedibus ambulare nemo equo venire;Oinezkorik nahi ez zaldikorik etorri ez;Refrán Vasco;;Sententia Vasconica;Proverbios de la tradición oral vasca que reflejan la relación con la naturaleza, el trabajo y los valores comunitarios del pueblo vasco.;Collectio sententiarum Vasconicarum.;eu;Euskara;Lingua Vasconica;España;Hispania;Epoca Desconocida;Epocha Ignota;https://i.ibb.co/bjgxB3kn/euskadi.png;0
858;Que os haga bien la comida y ningún mal la bebida;Bene vobis faciat cibus et nullum malum potus;On egin deizuela janak eta kalterik ez edanak;Refrán Vasco;;Sententia Vasconica;Proverbios de la tradición oral vasca que reflejan la relación con la naturaleza, el trabajo y los valores comunitarios del pueblo vasco.;Collectio sententiarum Vasconicarum.;eu;Euskara;Lingua Vasconica;España;Hispania;Epoca Desconocida;Epocha Ignota;https://i.ibb.co/bjgxB3kn/euskadi.png;0
859;Al dormir bien la salud va bien;Bene dormiendo sanitas bene procedit;Ongi eginez gero loa osasuna ongi doa;Refrán Vasco;;Sententia Vasconica;Proverbios de la tradición oral vasca que reflejan la relación con la naturaleza, el trabajo y los valores comunitarios del pueblo vasco.;Collectio sententiarum Vasconicarum.;eu;Euskara;Lingua Vasconica;España;Hispania;Epoca Desconocida;Epocha Ignota;https://i.ibb.co/bjgxB3kn/euskadi.png;0
860;Pecado leve es aquel que uno mismo comete;Peccatum leve est quod ipse committit;Pekatu arina norberak egina;Refrán Vasco;;Sententia Vasconica;Proverbios de la tradición oral vasca que reflejan la relación con la naturaleza, el trabajo y los valores comunitarios del pueblo vasco.;Collectio sententiarum Vasconicarum.;eu;Euskara;Lingua Vasconica;España;Hispania;Epoca Desconocida;Epocha Ignota;https://i.ibb.co/bjgxB3kn/euskadi.png;0
861;El caramelo de la pena la esperanza;Caramela doloris spes;Penaren karameloa esperantza;Refrán Vasco;;Sententia Vasconica;Proverbios de la tradición oral vasca que reflejan la relación con la naturaleza, el trabajo y los valores comunitarios del pueblo vasco.;Collectio sententiarum Vasconicarum.;eu;Euskara;Lingua Vasconica;España;Hispania;Epoca Desconocida;Epocha Ignota;https://i.ibb.co/bjgxB3kn/euskadi.png;0
862;El día de Santa Lucía las noches se acortan y los días se alargan;Die Sanctae Luciae noctes breviores dies longiores;Santa Luzi gaua moztu eta eguna hazi;Refrán Vasco;;Sententia Vasconica;Proverbios de la tradición oral vasca que reflejan la relación con la naturaleza, el trabajo y los valores comunitarios del pueblo vasco.;Collectio sententiarum Vasconicarum.;eu;Euskara;Lingua Vasconica;España;Hispania;Epoca Desconocida;Epocha Ignota;https://i.ibb.co/bjgxB3kn/euskadi.png;0
863;De dos cosas que escucha el zarzal una es mentira;De duobus quae dumus audit unum mendacium est;Sasiak entzuna bitik bat gezurra;Refrán Vasco;;Sententia Vasconica;Proverbios de la tradición oral vasca que reflejan la relación con la naturaleza, el trabajo y los valores comunitarios del pueblo vasco.;Collectio sententiarum Vasconicarum.;eu;Euskara;Lingua Vasconica;España;Hispania;Epoca Desconocida;Epocha Ignota;https://i.ibb.co/bjgxB3kn/euskadi.png;0
864;Segura mueren muchos y pocos van al cielo;Segura multi moriuntur pauci ad caelum eunt;Segura asko hil eta gutxi zerura;Refrán Vasco;;Sententia Vasconica;Proverbios de la tradición oral vasca que reflejan la relación con la naturaleza, el trabajo y los valores comunitarios del pueblo vasco.;Collectio sententiarum Vasconicarum.;eu;Euskara;Lingua Vasconica;España;Hispania;Epoca Desconocida;Epocha Ignota;https://i.ibb.co/bjgxB3kn/euskadi.png;0
865;En casa del acordeonista todos bailarines;In domo organistrarii omnes saltatores;Soinugilearen etxean oro dantzari;Refrán Vasco;;Sententia Vasconica;Proverbios de la tradición oral vasca que reflejan la relación con la naturaleza, el trabajo y los valores comunitarios del pueblo vasco.;Collectio sententiarum Vasconicarum.;eu;Euskara;Lingua Vasconica;España;Hispania;Epoca Desconocida;Epocha Ignota;https://i.ibb.co/bjgxB3kn/euskadi.png;0
866;El que tiene dinero que lo cuente el que tenga alegría que cante;Qui pecuniam habet numeret qui laetitiam habet cantet;Sosa duenak kontatu poza duenak kantatu;Refrán Vasco;;Sententia Vasconica;Proverbios de la tradición oral vasca que reflejan la relación con la naturaleza, el trabajo y los valores comunitarios del pueblo vasco.;Collectio sententiarum Vasconicarum.;eu;Euskara;Lingua Vasconica;España;Hispania;Epoca Desconocida;Epocha Ignota;https://i.ibb.co/bjgxB3kn/euskadi.png;0
867;El fuego y el agua mejor de rodilla para abajo;Ignis et aqua melius a genu deorsum;Sua eta ura belaunetik behera;Refrán Vasco;;Sententia Vasconica;Proverbios de la tradición oral vasca que reflejan la relación con la naturaleza, el trabajo y los valores comunitarios del pueblo vasco.;Collectio sententiarum Vasconicarum.;eu;Euskara;Lingua Vasconica;España;Hispania;Epoca Desconocida;Epocha Ignota;https://i.ibb.co/bjgxB3kn/euskadi.png;0
868;No hay humo si no hay fuego;Non est fumus si non est ignis;Su gaberik ezta kerik;Refrán Vasco;;Sententia Vasconica;Proverbios de la tradición oral vasca que reflejan la relación con la naturaleza, el trabajo y los valores comunitarios del pueblo vasco.;Collectio sententiarum Vasconicarum.;eu;Euskara;Lingua Vasconica;España;Hispania;Epoca Desconocida;Epocha Ignota;https://i.ibb.co/bjgxB3kn/euskadi.png;0
869;Ese tiene menos cabeza que un petirrojo;Ille minus capitis habet quam rubecula;Txantxangorriak baino buru behiago ez dik horrek;Refrán Vasco;;Sententia Vasconica;Proverbios de la tradición oral vasca que reflejan la relación con la naturaleza, el trabajo y los valores comunitarios del pueblo vasco.;Collectio sententiarum Vasconicarum.;eu;Euskara;Lingua Vasconica;España;Hispania;Epoca Desconocida;Epocha Ignota;https://i.ibb.co/bjgxB3kn/euskadi.png;0
870;No poder cubrir dos cabezas con una boina;Non posse duo capita uno pilleo tegere;Txapel batekin bi buru ezin estali;Refrán Vasco;;Sententia Vasconica;Proverbios de la tradición oral vasca que reflejan la relación con la naturaleza, el trabajo y los valores comunitarios del pueblo vasco.;Collectio sententiarum Vasconicarum.;eu;Euskara;Lingua Vasconica;España;Hispania;Epoca Desconocida;Epocha Ignota;https://i.ibb.co/bjgxB3kn/euskadi.png;0
871;Con la boina en la cabeza y anda por el mundo;Cum pileo in capite et ambulat per mundum;Txapela buruan eta ibili munduan;Refrán Vasco;;Sententia Vasconica;Proverbios de la tradición oral vasca que reflejan la relación con la naturaleza, el trabajo y los valores comunitarios del pueblo vasco.;Collectio sententiarum Vasconicarum.;eu;Euskara;Lingua Vasconica;España;Hispania;Epoca Desconocida;Epocha Ignota;https://i.ibb.co/bjgxB3kn/euskadi.png;0
872;Cuanto más sube un mono por el árbol más al descubierto está su culo;Quo altius simia arborem ascendit eo magis podex eius apparet;Tximinoa arbolan gorago haren ipurdia ageriago;Refrán Vasco;;Sententia Vasconica;Proverbios de la tradición oral vasca que reflejan la relación con la naturaleza, el trabajo y los valores comunitarios del pueblo vasco.;Collectio sententiarum Vasconicarum.;eu;Euskara;Lingua Vasconica;España;Hispania;Epoca Desconocida;Epocha Ignota;https://i.ibb.co/bjgxB3kn/euskadi.png;0
873;Relámpago grande y poca lluvia;Fulmen magnum et pluvia parva;Tximist haundi eta euri gitxi;Refrán Vasco;;Sententia Vasconica;Proverbios de la tradición oral vasca que reflejan la relación con la naturaleza, el trabajo y los valores comunitarios del pueblo vasco.;Collectio sententiarum Vasconicarum.;eu;Euskara;Lingua Vasconica;España;Hispania;Epoca Desconocida;Epocha Ignota;https://i.ibb.co/bjgxB3kn/euskadi.png;0
874;El pájaro también da toda la sangre que tiene;Avis etiam omnem sanguinem quem habet dat;Txoriak ere duen hainbat odol ematen du;Refrán Vasco;;Sententia Vasconica;Proverbios de la tradición oral vasca que reflejan la relación con la naturaleza, el trabajo y los valores comunitarios del pueblo vasco.;Collectio sententiarum Vasconicarum.;eu;Euskara;Lingua Vasconica;España;Hispania;Epoca Desconocida;Epocha Ignota;https://i.ibb.co/bjgxB3kn/euskadi.png;0
875;Un trago dos tragos para cuando te das cuenta voltereta;Haustus unus haustus duo antequam scias eversio;Txurrut bat txurrut bi konturatzeke zilipurdi;Refrán Vasco;;Sententia Vasconica;Proverbios de la tradición oral vasca que reflejan la relación con la naturaleza, el trabajo y los valores comunitarios del pueblo vasco.;Collectio sententiarum Vasconicarum.;eu;Euskara;Lingua Vasconica;España;Hispania;Epoca Desconocida;Epocha Ignota;https://i.ibb.co/bjgxB3kn/euskadi.png;0
876;Pedir oro y dar poco;Aurum petere et parum dare;Urrea esan eta urria eman;Refrán Vasco;;Sententia Vasconica;Proverbios de la tradición oral vasca que reflejan la relación con la naturaleza, el trabajo y los valores comunitarios del pueblo vasco.;Collectio sententiarum Vasconicarum.;eu;Euskara;Lingua Vasconica;España;Hispania;Epoca Desconocida;Epocha Ignota;https://i.ibb.co/bjgxB3kn/euskadi.png;0
877;La olla lejana de oro tan pronto nos acercamos de tierra;Olla remota ex auro mox appropinquamus ex terra;Urruneko eltzea urrez gerturatu orduko lurrez;Refrán Vasco;;Sententia Vasconica;Proverbios de la tradición oral vasca que reflejan la relación con la naturaleza, el trabajo y los valores comunitarios del pueblo vasco.;Collectio sententiarum Vasconicarum.;eu;Euskara;Lingua Vasconica;España;Hispania;Epoca Desconocida;Epocha Ignota;https://i.ibb.co/bjgxB3kn/euskadi.png;0
878;Las nueces de lejos catorce acercarse y cuatro;Nuces remotae quattuordecim appropinquare et quattuor;Urrutiko intxaurrak hamalau gerturatu ta lau;Refrán Vasco;;Sententia Vasconica;Proverbios de la tradición oral vasca que reflejan la relación con la naturaleza, el trabajo y los valores comunitarios del pueblo vasco.;Collectio sententiarum Vasconicarum.;eu;Euskara;Lingua Vasconica;España;Hispania;Epoca Desconocida;Epocha Ignota;https://i.ibb.co/bjgxB3kn/euskadi.png;0
879;Por muchos años con la boina sobre la cabeza;Per multos annos cum pileo super capite;Urte askoan txapela kaskoan;Refrán Vasco;;Sententia Vasconica;Proverbios de la tradición oral vasca que reflejan la relación con la naturaleza, el trabajo y los valores comunitarios del pueblo vasco.;Collectio sententiarum Vasconicarum.;eu;Euskara;Lingua Vasconica;España;Hispania;Epoca Desconocida;Epocha Ignota;https://i.ibb.co/bjgxB3kn/euskadi.png;0
880;Las creencias no son certezas;Opiniones non sunt certitudines;Usteak erdia ustel;Refrán Vasco;;Sententia Vasconica;Proverbios de la tradición oral vasca que reflejan la relación con la naturaleza, el trabajo y los valores comunitarios del pueblo vasco.;Collectio sententiarum Vasconicarum.;eu;Euskara;Lingua Vasconica;España;Hispania;Epoca Desconocida;Epocha Ignota;https://i.ibb.co/bjgxB3kn/euskadi.png;0
881;Deja en paz al que está en paz;Sine in pace eum qui in pace est;Utzi bakean bakean dagoenari;Refrán Vasco;;Sententia Vasconica;Proverbios de la tradición oral vasca que reflejan la relación con la naturaleza, el trabajo y los valores comunitarios del pueblo vasco.;Collectio sententiarum Vasconicarum.;eu;Euskara;Lingua Vasconica;España;Hispania;Epoca Desconocida;Epocha Ignota;https://i.ibb.co/bjgxB3kn/euskadi.png;0
882;Palabra vieja palabra sabia;Verbum vetus verbum sapiens;Zahar hitz zuhur hitz;Refrán Vasco;;Sententia Vasconica;Proverbios de la tradición oral vasca que reflejan la relación con la naturaleza, el trabajo y los valores comunitarios del pueblo vasco.;Collectio sententiarum Vasconicarum.;eu;Euskara;Lingua Vasconica;España;Hispania;Epoca Desconocida;Epocha Ignota;https://i.ibb.co/bjgxB3kn/euskadi.png;0
883;Es lo mismo decir a un viejo que vaya rápido que a un niño que se esté quieto;Idem est dicere seni ut celeriter eat et puero ut quiescat;Zaharrari azkar joateko eta haurrari geldi egoteko esatea berdin da;Refrán Vasco;;Sententia Vasconica;Proverbios de la tradición oral vasca que reflejan la relación con la naturaleza, el trabajo y los valores comunitarios del pueblo vasco.;Collectio sententiarum Vasconicarum.;eu;Euskara;Lingua Vasconica;España;Hispania;Epoca Desconocida;Epocha Ignota;https://i.ibb.co/bjgxB3kn/euskadi.png;0
884;Irse caballo y volver mula;Ire equo et redire mulus;Zaldia joan ta mando etorri;Refrán Vasco;;Sententia Vasconica;Proverbios de la tradición oral vasca que reflejan la relación con la naturaleza, el trabajo y los valores comunitarios del pueblo vasco.;Collectio sententiarum Vasconicarum.;eu;Euskara;Lingua Vasconica;España;Hispania;Epoca Desconocida;Epocha Ignota;https://i.ibb.co/bjgxB3kn/euskadi.png;0
885;El mejor perro el de casa la mejor esposa la del vecino;Canis optimus domesticus uxor optima vicini;Zakurrik onena etxekoa emaztea auzokoa;Refrán Vasco;;Sententia Vasconica;Proverbios de la tradición oral vasca que reflejan la relación con la naturaleza, el trabajo y los valores comunitarios del pueblo vasco.;Collectio sententiarum Vasconicarum.;eu;Euskara;Lingua Vasconica;España;Hispania;Epoca Desconocida;Epocha Ignota;https://i.ibb.co/bjgxB3kn/euskadi.png;0
886;De zapatos blancos de papel cuando llueve no queda nada;Calcei albi ex papyro cum pluit nihil remanet;Zapata zuriak paperez euria denean batere ez;Refrán Vasco;;Sententia Vasconica;Proverbios de la tradición oral vasca que reflejan la relación con la naturaleza, el trabajo y los valores comunitarios del pueblo vasco.;Collectio sententiarum Vasconicarum.;eu;Euskara;Lingua Vasconica;España;Hispania;Epoca Desconocida;Epocha Ignota;https://i.ibb.co/bjgxB3kn/euskadi.png;0
887;En el diente en que hay dolor ahí está la lengua;In dente ubi dolor est ibi lingua est;Zein haginetan den mina han da mihina;Refrán Vasco;;Sententia Vasconica;Proverbios de la tradición oral vasca que reflejan la relación con la naturaleza, el trabajo y los valores comunitarios del pueblo vasco.;Collectio sententiarum Vasconicarum.;eu;Euskara;Lingua Vasconica;España;Hispania;Epoca Desconocida;Epocha Ignota;https://i.ibb.co/bjgxB3kn/euskadi.png;0
888;Cuanto más alto el culo más baja la cabeza;Quo altius podex eo humilior caput;Zenbat eta ipurdia gorago orduan eta burua beherago;Refrán Vasco;;Sententia Vasconica;Proverbios de la tradición oral vasca que reflejan la relación con la naturaleza, el trabajo y los valores comunitarios del pueblo vasco.;Collectio sententiarum Vasconicarum.;eu;Euskara;Lingua Vasconica;España;Hispania;Epoca Desconocida;Epocha Ignota;https://i.ibb.co/bjgxB3kn/euskadi.png;0
889;Hay tantas opiniones como cabezas;Tot sunt sententiae quot capita;Zenbat buru hainbat aburu;Refrán Vasco;;Sententia Vasconica;Proverbios de la tradición oral vasca que reflejan la relación con la naturaleza, el trabajo y los valores comunitarios del pueblo vasco.;Collectio sententiarum Vasconicarum.;eu;Euskara;Lingua Vasconica;España;Hispania;Epoca Desconocida;Epocha Ignota;https://i.ibb.co/bjgxB3kn/euskadi.png;0
890;Qué haremos pues Vivir hasta morir;Quid ergo faciemus Vivere usque ad mortem;Zer egingo diagu ba Hil arte bizi;Refrán Vasco;;Sententia Vasconica;Proverbios de la tradición oral vasca que reflejan la relación con la naturaleza, el trabajo y los valores comunitarios del pueblo vasco.;Collectio sententiarum Vasconicarum.;eu;Euskara;Lingua Vasconica;España;Hispania;Epoca Desconocida;Epocha Ignota;https://i.ibb.co/bjgxB3kn/euskadi.png;0
891;Qué tal estás Mejor están los curas;Quomodo vales Melius sacerdotes valent;Zer Moduz Apaizak hobeto;Refrán Vasco;;Sententia Vasconica;Proverbios de la tradición oral vasca que reflejan la relación con la naturaleza, el trabajo y los valores comunitarios del pueblo vasco.;Collectio sententiarum Vasconicarum.;eu;Euskara;Lingua Vasconica;España;Hispania;Epoca Desconocida;Epocha Ignota;https://i.ibb.co/bjgxB3kn/euskadi.png;0
892;El mirlo le llama al cuervo culonegro;Merula corvo podicem nigrum vocat;Zozoak beleari ipurbeltz;Refrán Vasco;;Sententia Vasconica;Proverbios de la tradición oral vasca que reflejan la relación con la naturaleza, el trabajo y los valores comunitarios del pueblo vasco.;Collectio sententiarum Vasconicarum.;eu;Euskara;Lingua Vasconica;España;Hispania;Epoca Desconocida;Epocha Ignota;https://i.ibb.co/bjgxB3kn/euskadi.png;0
893;Zugarramurdi pueblo de brujas;Zugarramurdi oppidum sagarum;Zugarramurdi sorgin herri;Refrán Vasco;;Sententia Vasconica;Proverbios de la tradición oral vasca que reflejan la relación con la naturaleza, el trabajo y los valores comunitarios del pueblo vasco.;Collectio sententiarum Vasconicarum.;eu;Euskara;Lingua Vasconica;España;Hispania;Epoca Desconocida;Epocha Ignota;https://i.ibb.co/bjgxB3kn/euskadi.png;0
894;Lo que tú digas y el renqueo de un perro valen igual;Quod tu dicas et claudicatio canis aeque valent;Zure esana eta txakurraren errena berdin;Refrán Vasco;;Sententia Vasconica;Proverbios de la tradición oral vasca que reflejan la relación con la naturaleza, el trabajo y los valores comunitarios del pueblo vasco.;Collectio sententiarum Vasconicarum.;eu;Euskara;Lingua Vasconica;España;Hispania;Epoca Desconocida;Epocha Ignota;https://i.ibb.co/bjgxB3kn/euskadi.png;0
895;Las fiestas la parte delantera más hermosa que la trasera;Festae pars anterior pulchrior quam posterior;Festak aurrea ederrago du atzea baino;Refrán Vasco;;Sententia Vasconica;Proverbios de la tradición oral vasca que reflejan la relación con la naturaleza, el trabajo y los valores comunitarios del pueblo vasco.;Collectio sententiarum Vasconicarum.;eu;Euskara;Lingua Vasconica;España;Hispania;Epoca Desconocida;Epocha Ignota;https://i.ibb.co/bjgxB3kn/euskadi.png;0
896;Más vale estar solo que mal acompañado;Melius est solum esse quam male comitatum;Más vale estar solo que mal acompañado;Refrán Español;;Sententia Hispanica;Refranes populares de la tradición oral hispana que expresan de forma breve y ingeniosa enseñanzas prácticas sobre la vida cotidiana.;Collectio sententiarum Hispanicarum.;es;Español;Lingua Hispanica;España;Hispania;Epoca Desconocida;Epocha Ignota;https://i.ibb.co/Y4f7TZWm/espa-a.png;0
897;Perro ladrador poco mordedor;Canis latrator parum mordax;Perro ladrador poco mordedor;Refrán Español;;Sententia Hispanica;Refranes populares de la tradición oral hispana que expresan de forma breve y ingeniosa enseñanzas prácticas sobre la vida cotidiana.;Collectio sententiarum Hispanicarum.;es;Español;Lingua Hispanica;España;Hispania;Epoca Desconocida;Epocha Ignota;https://i.ibb.co/Y4f7TZWm/espa-a.png;0
898;A lo hecho pecho;Factis pectus;A lo hecho pecho;Refrán Español;;Sententia Hispanica;Refranes populares de la tradición oral hispana que expresan de forma breve y ingeniosa enseñanzas prácticas sobre la vida cotidiana.;Collectio sententiarum Hispanicarum.;es;Español;Lingua Hispanica;España;Hispania;Epoca Desconocida;Epocha Ignota;https://i.ibb.co/Y4f7TZWm/espa-a.png;0
899;Al mal tiempo buena cara;Tempori malo facies bona;Al mal tiempo buena cara;Refrán Español;;Sententia Hispanica;Refranes populares de la tradición oral hispana que expresan de forma breve y ingeniosa enseñanzas prácticas sobre la vida cotidiana.;Collectio sententiarum Hispanicarum.;es;Español;Lingua Hispanica;España;Hispania;Epoca Desconocida;Epocha Ignota;https://i.ibb.co/Y4f7TZWm/espa-a.png;0
900;Cada loco con su tema;Unusquisque demens cum suo themate;Cada loco con su tema;Refrán Español;;Sententia Hispanica;Refranes populares de la tradición oral hispana que expresan de forma breve y ingeniosa enseñanzas prácticas sobre la vida cotidiana.;Collectio sententiarum Hispanicarum.;es;Español;Lingua Hispanica;España;Hispania;Epoca Desconocida;Epocha Ignota;https://i.ibb.co/Y4f7TZWm/espa-a.png;0
901;De tal palo tal astilla;De tali ligno talis assula;De tal palo tal astilla;Refrán Español;;Sententia Hispanica;Refranes populares de la tradición oral hispana que expresan de forma breve y ingeniosa enseñanzas prácticas sobre la vida cotidiana.;Collectio sententiarum Hispanicarum.;es;Español;Lingua Hispanica;España;Hispania;Epoca Desconocida;Epocha Ignota;https://i.ibb.co/Y4f7TZWm/espa-a.png;0
902;El que la hace la paga;Qui facit solvit;El que la hace la paga;Refrán Español;;Sententia Hispanica;Refranes populares de la tradición oral hispana que expresan de forma breve y ingeniosa enseñanzas prácticas sobre la vida cotidiana.;Collectio sententiarum Hispanicarum.;es;Español;Lingua Hispanica;España;Hispania;Epoca Desconocida;Epocha Ignota;https://i.ibb.co/Y4f7TZWm/espa-a.png;0
903;Dinero llama dinero;Pecunia pecuniam vocat;Dinero llama dinero;Refrán Español;;Sententia Hispanica;Refranes populares de la tradición oral hispana que expresan de forma breve y ingeniosa enseñanzas prácticas sobre la vida cotidiana.;Collectio sententiarum Hispanicarum.;es;Español;Lingua Hispanica;España;Hispania;Epoca Desconocida;Epocha Ignota;https://i.ibb.co/Y4f7TZWm/espa-a.png;0
904;El mundo es un pañuelo;Mundus mappula est;El mundo es un pañuelo;Refrán Español;;Sententia Hispanica;Refranes populares de la tradición oral hispana que expresan de forma breve y ingeniosa enseñanzas prácticas sobre la vida cotidiana.;Collectio sententiarum Hispanicarum.;es;Español;Lingua Hispanica;España;Hispania;Epoca Desconocida;Epocha Ignota;https://i.ibb.co/Y4f7TZWm/espa-a.png;0
905;A la tercera va la vencida;Tertio vice victoria;A la tercera va la vencida;Refrán Español;;Sententia Hispanica;Refranes populares de la tradición oral hispana que expresan de forma breve y ingeniosa enseñanzas prácticas sobre la vida cotidiana.;Collectio sententiarum Hispanicarum.;es;Español;Lingua Hispanica;España;Hispania;Epoca Desconocida;Epocha Ignota;https://i.ibb.co/Y4f7TZWm/espa-a.png;0
906;Cada oveja con su pareja;Unusquisque ovis cum suo pari;Cada oveja con su pareja;Refrán Español;;Sententia Hispanica;Refranes populares de la tradición oral hispana que expresan de forma breve y ingeniosa enseñanzas prácticas sobre la vida cotidiana.;Collectio sententiarum Hispanicarum.;es;Español;Lingua Hispanica;España;Hispania;Epoca Desconocida;Epocha Ignota;https://i.ibb.co/Y4f7TZWm/espa-a.png;0
907;Más vale prevenir que lamentar;Melius est praevenire quam lamentari;Más vale prevenir que lamentar;Refrán Español;;Sententia Hispanica;Refranes populares de la tradición oral hispana que expresan de forma breve y ingeniosa enseñanzas prácticas sobre la vida cotidiana.;Collectio sententiarum Hispanicarum.;es;Español;Lingua Hispanica;España;Hispania;Epoca Desconocida;Epocha Ignota;https://i.ibb.co/Y4f7TZWm/espa-a.png;0
908;Más vale tarde que nunca;Melius tarde quam numquam;Más vale tarde que nunca;Refrán Español;;Sententia Hispanica;Refranes populares de la tradición oral hispana que expresan de forma breve y ingeniosa enseñanzas prácticas sobre la vida cotidiana.;Collectio sententiarum Hispanicarum.;es;Español;Lingua Hispanica;España;Hispania;Epoca Desconocida;Epocha Ignota;https://i.ibb.co/Y4f7TZWm/espa-a.png;0
909;En boca cerrada no entran moscas;In ore clauso muscae non intrant;En boca cerrada no entran moscas;Refrán Español;;Sententia Hispanica;Refranes populares de la tradición oral hispana que expresan de forma breve y ingeniosa enseñanzas prácticas sobre la vida cotidiana.;Collectio sententiarum Hispanicarum.;es;Español;Lingua Hispanica;España;Hispania;Epoca Desconocida;Epocha Ignota;https://i.ibb.co/Y4f7TZWm/espa-a.png;0
910;Al que madruga Dios lo ayuda;Deus adiuvat qui mane surgit;Al que madruga Dios lo ayuda;Refrán Español;;Sententia Hispanica;Refranes populares de la tradición oral hispana que expresan de forma breve y ingeniosa enseñanzas prácticas sobre la vida cotidiana.;Collectio sententiarum Hispanicarum.;es;Español;Lingua Hispanica;España;Hispania;Epoca Desconocida;Epocha Ignota;https://i.ibb.co/Y4f7TZWm/espa-a.png;0
911;El que calla otorga;Qui tacet consentit;El que calla otorga;Refrán Español;;Sententia Hispanica;Refranes populares de la tradición oral hispana que expresan de forma breve y ingeniosa enseñanzas prácticas sobre la vida cotidiana.;Collectio sententiarum Hispanicarum.;es;Español;Lingua Hispanica;España;Hispania;Epoca Desconocida;Epocha Ignota;https://i.ibb.co/Y4f7TZWm/espa-a.png;0
912;Amor con hambre no dura;Amor cum fame non durat;Amor con hambre no dura;Refrán Español;;Sententia Hispanica;Refranes populares de la tradición oral hispana que expresan de forma breve y ingeniosa enseñanzas prácticas sobre la vida cotidiana.;Collectio sententiarum Hispanicarum.;es;Español;Lingua Hispanica;España;Hispania;Epoca Desconocida;Epocha Ignota;https://i.ibb.co/Y4f7TZWm/espa-a.png;0
913;Tira la piedra y esconde la mano;Lapidem iacit et manum occultat;Tira la piedra y esconde la mano;Refrán Español;;Sententia Hispanica;Refranes populares de la tradición oral hispana que expresan de forma breve y ingeniosa enseñanzas prácticas sobre la vida cotidiana.;Collectio sententiarum Hispanicarum.;es;Español;Lingua Hispanica;España;Hispania;Epoca Desconocida;Epocha Ignota;https://i.ibb.co/Y4f7TZWm/espa-a.png;0
914;El que ríe el último ríe mejor;Qui ultimus ridet melius ridet;El que ríe el último ríe mejor;Refrán Español;;Sententia Hispanica;Refranes populares de la tradición oral hispana que expresan de forma breve y ingeniosa enseñanzas prácticas sobre la vida cotidiana.;Collectio sententiarum Hispanicarum.;es;Español;Lingua Hispanica;España;Hispania;Epoca Desconocida;Epocha Ignota;https://i.ibb.co/Y4f7TZWm/espa-a.png;0
915;El hábito no hace al monje;Habitus monachum non facit;El hábito no hace al monje;Refrán Español;;Sententia Hispanica;Refranes populares de la tradición oral hispana que expresan de forma breve y ingeniosa enseñanzas prácticas sobre la vida cotidiana.;Collectio sententiarum Hispanicarum.;es;Español;Lingua Hispanica;España;Hispania;Epoca Desconocida;Epocha Ignota;https://i.ibb.co/Y4f7TZWm/espa-a.png;0
916;A palabras necias oídos sordos;Verbis stultis aures surdae;A palabras necias oídos sordos;Refrán Español;;Sententia Hispanica;Refranes populares de la tradición oral hispana que expresan de forma breve y ingeniosa enseñanzas prácticas sobre la vida cotidiana.;Collectio sententiarum Hispanicarum.;es;Español;Lingua Hispanica;España;Hispania;Epoca Desconocida;Epocha Ignota;https://i.ibb.co/Y4f7TZWm/espa-a.png;0
917;Crea fama y acuéstate a dormir;Famam crea et dormi;Crea fama y acuéstate a dormir;Refrán Español;;Sententia Hispanica;Refranes populares de la tradición oral hispana que expresan de forma breve y ingeniosa enseñanzas prácticas sobre la vida cotidiana.;Collectio sententiarum Hispanicarum.;es;Español;Lingua Hispanica;España;Hispania;Epoca Desconocida;Epocha Ignota;https://i.ibb.co/Y4f7TZWm/espa-a.png;0
918;Del dicho al hecho hay mucho trecho;A dicto ad factum multum spatium;Del dicho al hecho hay mucho trecho;Refrán Español;;Sententia Hispanica;Refranes populares de la tradición oral hispana que expresan de forma breve y ingeniosa enseñanzas prácticas sobre la vida cotidiana.;Collectio sententiarum Hispanicarum.;es;Español;Lingua Hispanica;España;Hispania;Epoca Desconocida;Epocha Ignota;https://i.ibb.co/Y4f7TZWm/espa-a.png;0
919;Dios aprieta pero no ahorca;Deus premit sed non strangulat;Dios aprieta pero no ahorca;Refrán Español;;Sententia Hispanica;Refranes populares de la tradición oral hispana que expresan de forma breve y ingeniosa enseñanzas prácticas sobre la vida cotidiana.;Collectio sententiarum Hispanicarum.;es;Español;Lingua Hispanica;España;Hispania;Epoca Desconocida;Epocha Ignota;https://i.ibb.co/Y4f7TZWm/espa-a.png;0
920;Donde fueres haz lo que vieres;Ubi fueris fac quod videris;Donde fueres haz lo que vieres;Refrán Español;;Sententia Hispanica;Refranes populares de la tradición oral hispana que expresan de forma breve y ingeniosa enseñanzas prácticas sobre la vida cotidiana.;Collectio sententiarum Hispanicarum.;es;Español;Lingua Hispanica;España;Hispania;Epoca Desconocida;Epocha Ignota;https://i.ibb.co/Y4f7TZWm/espa-a.png;0
921;Quien mucho abarca poco aprieta;Qui multum amplectitur parum stringit;Quien mucho abarca poco aprieta;Refrán Español;;Sententia Hispanica;Refranes populares de la tradición oral hispana que expresan de forma breve y ingeniosa enseñanzas prácticas sobre la vida cotidiana.;Collectio sententiarum Hispanicarum.;es;Español;Lingua Hispanica;España;Hispania;Epoca Desconocida;Epocha Ignota;https://i.ibb.co/Y4f7TZWm/espa-a.png;0
922;Hombre precavido vale por dos;Homo cautus valet pro duobus;Hombre precavido vale por dos;Refrán Español;;Sententia Hispanica;Refranes populares de la tradición oral hispana que expresan de forma breve y ingeniosa enseñanzas prácticas sobre la vida cotidiana.;Collectio sententiarum Hispanicarum.;es;Español;Lingua Hispanica;España;Hispania;Epoca Desconocida;Epocha Ignota;https://i.ibb.co/Y4f7TZWm/espa-a.png;0
923;Preguntando se llega a Roma;Interrogando Romam pervenitur;Preguntando se llega a Roma;Refrán Español;;Sententia Hispanica;Refranes populares de la tradición oral hispana que expresan de forma breve y ingeniosa enseñanzas prácticas sobre la vida cotidiana.;Collectio sententiarum Hispanicarum.;es;Español;Lingua Hispanica;España;Hispania;Epoca Desconocida;Epocha Ignota;https://i.ibb.co/Y4f7TZWm/espa-a.png;0
924;Zapatero a sus zapatos;Sutor ad sua calceos;Zapatero a sus zapatos;Refrán Español;;Sententia Hispanica;Refranes populares de la tradición oral hispana que expresan de forma breve y ingeniosa enseñanzas prácticas sobre la vida cotidiana.;Collectio sententiarum Hispanicarum.;es;Español;Lingua Hispanica;España;Hispania;Epoca Desconocida;Epocha Ignota;https://i.ibb.co/Y4f7TZWm/espa-a.png;0
925;Una golondrina no hace verano;Una hirundo non facit ver;Una golondrina no hace verano;Refrán Español;;Sententia Hispanica;Refranes populares de la tradición oral hispana que expresan de forma breve y ingeniosa enseñanzas prácticas sobre la vida cotidiana.;Collectio sententiarum Hispanicarum.;es;Español;Lingua Hispanica;España;Hispania;Epoca Desconocida;Epocha Ignota;https://i.ibb.co/Y4f7TZWm/espa-a.png;0
926;Obras son amores y no buenas razones;Opera sunt amores non bonae rationes;Obras son amores y no buenas razones;Refrán Español;;Sententia Hispanica;Refranes populares de la tradición oral hispana que expresan de forma breve y ingeniosa enseñanzas prácticas sobre la vida cotidiana.;Collectio sententiarum Hispanicarum.;es;Español;Lingua Hispanica;España;Hispania;Epoca Desconocida;Epocha Ignota;https://i.ibb.co/Y4f7TZWm/espa-a.png;0
927;Mucho ruido y pocas nueces;Multus strepitus et paucae nuces;Mucho ruido y pocas nueces;Refrán Español;;Sententia Hispanica;Refranes populares de la tradición oral hispana que expresan de forma breve y ingeniosa enseñanzas prácticas sobre la vida cotidiana.;Collectio sententiarum Hispanicarum.;es;Español;Lingua Hispanica;España;Hispania;Epoca Desconocida;Epocha Ignota;https://i.ibb.co/Y4f7TZWm/espa-a.png;0
928;En la variedad está el gusto;In varietate voluptas;En la variedad está el gusto;Refrán Español;;Sententia Hispanica;Refranes populares de la tradición oral hispana que expresan de forma breve y ingeniosa enseñanzas prácticas sobre la vida cotidiana.;Collectio sententiarum Hispanicarum.;es;Español;Lingua Hispanica;España;Hispania;Epoca Desconocida;Epocha Ignota;https://i.ibb.co/Y4f7TZWm/espa-a.png;0
929;Tanto tienes tanto vales;Quantum habes tantum vales;Tanto tienes tanto vales;Refrán Español;;Sententia Hispanica;Refranes populares de la tradición oral hispana que expresan de forma breve y ingeniosa enseñanzas prácticas sobre la vida cotidiana.;Collectio sententiarum Hispanicarum.;es;Español;Lingua Hispanica;España;Hispania;Epoca Desconocida;Epocha Ignota;https://i.ibb.co/Y4f7TZWm/espa-a.png;0
930;Nadie es profeta en su tierra;Nemo propheta in patria sua;Nadie es profeta en su tierra;Refrán Español;;Sententia Hispanica;Refranes populares de la tradición oral hispana que expresan de forma breve y ingeniosa enseñanzas prácticas sobre la vida cotidiana.;Collectio sententiarum Hispanicarum.;es;Español;Lingua Hispanica;España;Hispania;Epoca Desconocida;Epocha Ignota;https://i.ibb.co/Y4f7TZWm/espa-a.png;0
931;Dónde va Vicente Donde va la gente;Quo Vincentius it quo turba it;Dónde va Vicente Donde va la gente;Refrán Español;;Sententia Hispanica;Refranes populares de la tradición oral hispana que expresan de forma breve y ingeniosa enseñanzas prácticas sobre la vida cotidiana.;Collectio sententiarum Hispanicarum.;es;Español;Lingua Hispanica;España;Hispania;Epoca Desconocida;Epocha Ignota;https://i.ibb.co/Y4f7TZWm/espa-a.png;0
932;Dios los cría y ellos se juntan;Deus eos creat et ipsi se coniungunt;Dios los cría y ellos se juntan;Refrán Español;;Sententia Hispanica;Refranes populares de la tradición oral hispana que expresan de forma breve y ingeniosa enseñanzas prácticas sobre la vida cotidiana.;Collectio sententiarum Hispanicarum.;es;Español;Lingua Hispanica;España;Hispania;Epoca Desconocida;Epocha Ignota;https://i.ibb.co/Y4f7TZWm/espa-a.png;0
933;El que espera desespera;Qui exspectat desperat;El que espera desespera;Refrán Español;;Sententia Hispanica;Refranes populares de la tradición oral hispana que expresan de forma breve y ingeniosa enseñanzas prácticas sobre la vida cotidiana.;Collectio sententiarum Hispanicarum.;es;Español;Lingua Hispanica;España;Hispania;Epoca Desconocida;Epocha Ignota;https://i.ibb.co/Y4f7TZWm/espa-a.png;0
934;Escoba nueva barre bien;Scopa nova bene verrit;Escoba nueva barre bien;Refrán Español;;Sententia Hispanica;Refranes populares de la tradición oral hispana que expresan de forma breve y ingeniosa enseñanzas prácticas sobre la vida cotidiana.;Collectio sententiarum Hispanicarum.;es;Español;Lingua Hispanica;España;Hispania;Epoca Desconocida;Epocha Ignota;https://i.ibb.co/Y4f7TZWm/espa-a.png;0
935;No hay mal que dure cien años;Non est malum quod centum annos duret;No hay mal que dure cien años;Refrán Español;;Sententia Hispanica;Refranes populares de la tradición oral hispana que expresan de forma breve y ingeniosa enseñanzas prácticas sobre la vida cotidiana.;Collectio sententiarum Hispanicarum.;es;Español;Lingua Hispanica;España;Hispania;Epoca Desconocida;Epocha Ignota;https://i.ibb.co/Y4f7TZWm/espa-a.png;0
936;Guerra avisada no mata soldados;Bellum praemonitum milites non occidit;Guerra avisada no mata soldados;Refrán Español;;Sententia Hispanica;Refranes populares de la tradición oral hispana que expresan de forma breve y ingeniosa enseñanzas prácticas sobre la vida cotidiana.;Collectio sententiarum Hispanicarum.;es;Español;Lingua Hispanica;España;Hispania;Epoca Desconocida;Epocha Ignota;https://i.ibb.co/Y4f7TZWm/espa-a.png;0
937;La fe mueve montañas;Fides montes movet;La fe mueve montañas;Refrán Español;;Sententia Hispanica;Refranes populares de la tradición oral hispana que expresan de forma breve y ingeniosa enseñanzas prácticas sobre la vida cotidiana.;Collectio sententiarum Hispanicarum.;es;Español;Lingua Hispanica;España;Hispania;Epoca Desconocida;Epocha Ignota;https://i.ibb.co/Y4f7TZWm/espa-a.png;0
938;El que no la debe no la teme;Qui non debet non timet;El que no la debe no la teme;Refrán Español;;Sententia Hispanica;Refranes populares de la tradición oral hispana que expresan de forma breve y ingeniosa enseñanzas prácticas sobre la vida cotidiana.;Collectio sententiarum Hispanicarum.;es;Español;Lingua Hispanica;España;Hispania;Epoca Desconocida;Epocha Ignota;https://i.ibb.co/Y4f7TZWm/espa-a.png;0
939;Perro que ladra no muerde;Canis qui latrat non mordet;Perro que ladra no muerde;Refrán Español;;Sententia Hispanica;Refranes populares de la tradición oral hispana que expresan de forma breve y ingeniosa enseñanzas prácticas sobre la vida cotidiana.;Collectio sententiarum Hispanicarum.;es;Español;Lingua Hispanica;España;Hispania;Epoca Desconocida;Epocha Ignota;https://i.ibb.co/Y4f7TZWm/espa-a.png;0
940;Si te he visto no me acuerdo;Si te vidi non memini;Si te he visto no me acuerdo;Refrán Español;;Sententia Hispanica;Refranes populares de la tradición oral hispana que expresan de forma breve y ingeniosa enseñanzas prácticas sobre la vida cotidiana.;Collectio sententiarum Hispanicarum.;es;Español;Lingua Hispanica;España;Hispania;Epoca Desconocida;Epocha Ignota;https://i.ibb.co/Y4f7TZWm/espa-a.png;0
941;No hay mal que por bien no venga;Non est malum quod in bonum non veniat;No hay mal que por bien no venga;Refrán Español;;Sententia Hispanica;Refranes populares de la tradición oral hispana que expresan de forma breve y ingeniosa enseñanzas prácticas sobre la vida cotidiana.;Collectio sententiarum Hispanicarum.;es;Español;Lingua Hispanica;España;Hispania;Epoca Desconocida;Epocha Ignota;https://i.ibb.co/Y4f7TZWm/espa-a.png;0
942;Si así llueve que no escampe;Si sic pluit ne serenescat;Si así llueve que no escampe;Refrán Español;;Sententia Hispanica;Refranes populares de la tradición oral hispana que expresan de forma breve y ingeniosa enseñanzas prácticas sobre la vida cotidiana.;Collectio sententiarum Hispanicarum.;es;Español;Lingua Hispanica;España;Hispania;Epoca Desconocida;Epocha Ignota;https://i.ibb.co/Y4f7TZWm/espa-a.png;0
943;Querer es poder;Velle est posse;Querer es poder;Refrán Español;;Sententia Hispanica;Refranes populares de la tradición oral hispana que expresan de forma breve y ingeniosa enseñanzas prácticas sobre la vida cotidiana.;Collectio sententiarum Hispanicarum.;es;Español;Lingua Hispanica;España;Hispania;Epoca Desconocida;Epocha Ignota;https://i.ibb.co/Y4f7TZWm/espa-a.png;0
944;Loro viejo no aprende a hablar;Psittacus vetus loqui non discit;Loro viejo no aprende a hablar;Refrán Español;;Sententia Hispanica;Refranes populares de la tradición oral hispana que expresan de forma breve y ingeniosa enseñanzas prácticas sobre la vida cotidiana.;Collectio sententiarum Hispanicarum.;es;Español;Lingua Hispanica;España;Hispania;Epoca Desconocida;Epocha Ignota;https://i.ibb.co/Y4f7TZWm/espa-a.png;0
945;Más vale maña que fuerza;Melius ars quam vis;Más vale maña que fuerza;Refrán Español;;Sententia Hispanica;Refranes populares de la tradición oral hispana que expresan de forma breve y ingeniosa enseñanzas prácticas sobre la vida cotidiana.;Collectio sententiarum Hispanicarum.;es;Español;Lingua Hispanica;España;Hispania;Epoca Desconocida;Epocha Ignota;https://i.ibb.co/Y4f7TZWm/espa-a.png;0
946;El papel aguanta todo;Charta omnia sustinet;El papel aguanta todo;Refrán Español;;Sententia Hispanica;Refranes populares de la tradición oral hispana que expresan de forma breve y ingeniosa enseñanzas prácticas sobre la vida cotidiana.;Collectio sententiarum Hispanicarum.;es;Español;Lingua Hispanica;España;Hispania;Epoca Desconocida;Epocha Ignota;https://i.ibb.co/Y4f7TZWm/espa-a.png;0
947;Barriga llena corazón contento;Venter plenus cor contentum;Barriga llena corazón contento;Refrán Español;;Sententia Hispanica;Refranes populares de la tradición oral hispana que expresan de forma breve y ingeniosa enseñanzas prácticas sobre la vida cotidiana.;Collectio sententiarum Hispanicarum.;es;Español;Lingua Hispanica;España;Hispania;Epoca Desconocida;Epocha Ignota;https://i.ibb.co/Y4f7TZWm/espa-a.png;0
948;Casa de herrero cuchillo de palo;In domo fabri cultellus ligneus;Casa de herrero cuchillo de palo;Refrán Español;;Sententia Hispanica;Refranes populares de la tradición oral hispana que expresan de forma breve y ingeniosa enseñanzas prácticas sobre la vida cotidiana.;Collectio sententiarum Hispanicarum.;es;Español;Lingua Hispanica;España;Hispania;Epoca Desconocida;Epocha Ignota;https://i.ibb.co/Y4f7TZWm/espa-a.png;0
949;Poco a poco se anda lejos;Paulatim longe ambulatur;Poco a poco se anda lejos;Refrán Español;;Sententia Hispanica;Refranes populares de la tradición oral hispana que expresan de forma breve y ingeniosa enseñanzas prácticas sobre la vida cotidiana.;Collectio sententiarum Hispanicarum.;es;Español;Lingua Hispanica;España;Hispania;Epoca Desconocida;Epocha Ignota;https://i.ibb.co/Y4f7TZWm/espa-a.png;0
950;Malos ojos son cariño;Mali oculi sunt affectus;Malos ojos son cariño;Refrán Español;;Sententia Hispanica;Refranes populares de la tradición oral hispana que expresan de forma breve y ingeniosa enseñanzas prácticas sobre la vida cotidiana.;Collectio sententiarum Hispanicarum.;es;Español;Lingua Hispanica;España;Hispania;Epoca Desconocida;Epocha Ignota;https://i.ibb.co/Y4f7TZWm/espa-a.png;0
951;Lo cortés no quita lo valiente;Urbanitas fortitudinem non tollit;Lo cortés no quita lo valiente;Refrán Español;;Sententia Hispanica;Refranes populares de la tradición oral hispana que expresan de forma breve y ingeniosa enseñanzas prácticas sobre la vida cotidiana.;Collectio sententiarum Hispanicarum.;es;Español;Lingua Hispanica;España;Hispania;Epoca Desconocida;Epocha Ignota;https://i.ibb.co/Y4f7TZWm/espa-a.png;0
952;A otro perro con ese hueso;Alteri cani cum illo osse;A otro perro con ese hueso;Refrán Español;;Sententia Hispanica;Refranes populares de la tradición oral hispana que expresan de forma breve y ingeniosa enseñanzas prácticas sobre la vida cotidiana.;Collectio sententiarum Hispanicarum.;es;Español;Lingua Hispanica;España;Hispania;Epoca Desconocida;Epocha Ignota;https://i.ibb.co/Y4f7TZWm/espa-a.png;0
953;Contigo pan y cebolla;Tecum panis et cepa;Contigo pan y cebolla;Refrán Español;;Sententia Hispanica;Refranes populares de la tradición oral hispana que expresan de forma breve y ingeniosa enseñanzas prácticas sobre la vida cotidiana.;Collectio sententiarum Hispanicarum.;es;Español;Lingua Hispanica;España;Hispania;Epoca Desconocida;Epocha Ignota;https://i.ibb.co/Y4f7TZWm/espa-a.png;0
954;Jaula nueva pájaro muerto;Cavea nova avis mortua;Jaula nueva pájaro muerto;Refrán Español;;Sententia Hispanica;Refranes populares de la tradición oral hispana que expresan de forma breve y ingeniosa enseñanzas prácticas sobre la vida cotidiana.;Collectio sententiarum Hispanicarum.;es;Español;Lingua Hispanica;España;Hispania;Epoca Desconocida;Epocha Ignota;https://i.ibb.co/Y4f7TZWm/espa-a.png;0
955;Nunca es tarde si la dicha es buena;Numquam serum si felicitas bona est;Nunca es tarde si la dicha es buena;Refrán Español;;Sententia Hispanica;Refranes populares de la tradición oral hispana que expresan de forma breve y ingeniosa enseñanzas prácticas sobre la vida cotidiana.;Collectio sententiarum Hispanicarum.;es;Español;Lingua Hispanica;España;Hispania;Epoca Desconocida;Epocha Ignota;https://i.ibb.co/Y4f7TZWm/espa-a.png;0
956;Sarna con gusto no pica;Scabies cum voluptate non prurit;Sarna con gusto no pica;Refrán Español;;Sententia Hispanica;Refranes populares de la tradición oral hispana que expresan de forma breve y ingeniosa enseñanzas prácticas sobre la vida cotidiana.;Collectio sententiarum Hispanicarum.;es;Español;Lingua Hispanica;España;Hispania;Epoca Desconocida;Epocha Ignota;https://i.ibb.co/Y4f7TZWm/espa-a.png;0
957;Quien tiene boca se equivoca;Qui os habet errat;Quien tiene boca se equivoca;Refrán Español;;Sententia Hispanica;Refranes populares de la tradición oral hispana que expresan de forma breve y ingeniosa enseñanzas prácticas sobre la vida cotidiana.;Collectio sententiarum Hispanicarum.;es;Español;Lingua Hispanica;España;Hispania;Epoca Desconocida;Epocha Ignota;https://i.ibb.co/Y4f7TZWm/espa-a.png;0
958;El poeta nace no se hace;Poeta nascitur non fit;El poeta nace no se hace;Refrán Español;;Sententia Hispanica;Refranes populares de la tradición oral hispana que expresan de forma breve y ingeniosa enseñanzas prácticas sobre la vida cotidiana.;Collectio sententiarum Hispanicarum.;es;Español;Lingua Hispanica;España;Hispania;Epoca Desconocida;Epocha Ignota;https://i.ibb.co/Y4f7TZWm/espa-a.png;0
959;Haz bien y no mires a quien;Fac bene et non spectes cui;Haz bien y no mires a quien;Refrán Español;;Sententia Hispanica;Refranes populares de la tradición oral hispana que expresan de forma breve y ingeniosa enseñanzas prácticas sobre la vida cotidiana.;Collectio sententiarum Hispanicarum.;es;Español;Lingua Hispanica;España;Hispania;Epoca Desconocida;Epocha Ignota;https://i.ibb.co/Y4f7TZWm/espa-a.png;0
960;El que se excusa se acusa;Qui se excusat se accusat;El que se excusa se acusa;Refrán Español;;Sententia Hispanica;Refranes populares de la tradición oral hispana que expresan de forma breve y ingeniosa enseñanzas prácticas sobre la vida cotidiana.;Collectio sententiarum Hispanicarum.;es;Español;Lingua Hispanica;España;Hispania;Epoca Desconocida;Epocha Ignota;https://i.ibb.co/Y4f7TZWm/espa-a.png;0
961;El pez grande se come al chico;Piscis magnus parvum comedit;El pez grande se come al chico;Refrán Español;;Sententia Hispanica;Refranes populares de la tradición oral hispana que expresan de forma breve y ingeniosa enseñanzas prácticas sobre la vida cotidiana.;Collectio sententiarum Hispanicarum.;es;Español;Lingua Hispanica;España;Hispania;Epoca Desconocida;Epocha Ignota;https://i.ibb.co/Y4f7TZWm/espa-a.png;0
962;Lo barato sale caro;Vile caro exit;Lo barato sale caro;Refrán Español;;Sententia Hispanica;Refranes populares de la tradición oral hispana que expresan de forma breve y ingeniosa enseñanzas prácticas sobre la vida cotidiana.;Collectio sententiarum Hispanicarum.;es;Español;Lingua Hispanica;España;Hispania;Epoca Desconocida;Epocha Ignota;https://i.ibb.co/Y4f7TZWm/espa-a.png;0
963;A rey muerto rey puesto;Rege mortuo rex positus;A rey muerto rey puesto;Refrán Español;;Sententia Hispanica;Refranes populares de la tradición oral hispana que expresan de forma breve y ingeniosa enseñanzas prácticas sobre la vida cotidiana.;Collectio sententiarum Hispanicarum.;es;Español;Lingua Hispanica;España;Hispania;Epoca Desconocida;Epocha Ignota;https://i.ibb.co/Y4f7TZWm/espa-a.png;0
964;Para muestra un botón;Ad exemplum unus globulus;Para muestra un botón;Refrán Español;;Sententia Hispanica;Refranes populares de la tradición oral hispana que expresan de forma breve y ingeniosa enseñanzas prácticas sobre la vida cotidiana.;Collectio sententiarum Hispanicarum.;es;Español;Lingua Hispanica;España;Hispania;Epoca Desconocida;Epocha Ignota;https://i.ibb.co/Y4f7TZWm/espa-a.png;0
965;Se dice el pecado mas no el pecador;Dicitur peccatum sed non peccator;Se dice el pecado mas no el pecador;Refrán Español;;Sententia Hispanica;Refranes populares de la tradición oral hispana que expresan de forma breve y ingeniosa enseñanzas prácticas sobre la vida cotidiana.;Collectio sententiarum Hispanicarum.;es;Español;Lingua Hispanica;España;Hispania;Epoca Desconocida;Epocha Ignota;https://i.ibb.co/Y4f7TZWm/espa-a.png;0
966;Mucho donaire causa desaire;Multus lepor causat offensam;Mucho donaire causa desaire;Refrán Español;;Sententia Hispanica;Refranes populares de la tradición oral hispana que expresan de forma breve y ingeniosa enseñanzas prácticas sobre la vida cotidiana.;Collectio sententiarum Hispanicarum.;es;Español;Lingua Hispanica;España;Hispania;Epoca Desconocida;Epocha Ignota;https://i.ibb.co/Y4f7TZWm/espa-a.png;0
967;Hoy por ti mañana por mí;Hodie pro te cras pro me;Hoy por ti mañana por mí;Refrán Español;;Sententia Hispanica;Refranes populares de la tradición oral hispana que expresan de forma breve y ingeniosa enseñanzas prácticas sobre la vida cotidiana.;Collectio sententiarum Hispanicarum.;es;Español;Lingua Hispanica;España;Hispania;Epoca Desconocida;Epocha Ignota;https://i.ibb.co/Y4f7TZWm/espa-a.png;0
968;No hay rosa sin espinas;Non est rosa sine spinis;No hay rosa sin espinas;Refrán Español;;Sententia Hispanica;Refranes populares de la tradición oral hispana que expresan de forma breve y ingeniosa enseñanzas prácticas sobre la vida cotidiana.;Collectio sententiarum Hispanicarum.;es;Español;Lingua Hispanica;España;Hispania;Epoca Desconocida;Epocha Ignota;https://i.ibb.co/Y4f7TZWm/espa-a.png;0
969;El que busca encuentra;Qui quaerit invenit;El que busca encuentra;Refrán Español;;Sententia Hispanica;Refranes populares de la tradición oral hispana que expresan de forma breve y ingeniosa enseñanzas prácticas sobre la vida cotidiana.;Collectio sententiarum Hispanicarum.;es;Español;Lingua Hispanica;España;Hispania;Epoca Desconocida;Epocha Ignota;https://i.ibb.co/Y4f7TZWm/espa-a.png;0
970;Quien se pica ajos come;Qui se pungit allia comedit;Quien se pica ajos come;Refrán Español;;Sententia Hispanica;Refranes populares de la tradición oral hispana que expresan de forma breve y ingeniosa enseñanzas prácticas sobre la vida cotidiana.;Collectio sententiarum Hispanicarum.;es;Español;Lingua Hispanica;España;Hispania;Epoca Desconocida;Epocha Ignota;https://i.ibb.co/Y4f7TZWm/espa-a.png;0
971;Gota a gota la mar se agota;Gutta ad guttam mare exhaustum;Gota a gota la mar se agota;Refrán Español;;Sententia Hispanica;Refranes populares de la tradición oral hispana que expresan de forma breve y ingeniosa enseñanzas prácticas sobre la vida cotidiana.;Collectio sententiarum Hispanicarum.;es;Español;Lingua Hispanica;España;Hispania;Epoca Desconocida;Epocha Ignota;https://i.ibb.co/Y4f7TZWm/espa-a.png;0
972;Hierba mala nunca muere;Herba mala numquam moritur;Hierba mala nunca muere;Refrán Español;;Sententia Hispanica;Refranes populares de la tradición oral hispana que expresan de forma breve y ingeniosa enseñanzas prácticas sobre la vida cotidiana.;Collectio sententiarum Hispanicarum.;es;Español;Lingua Hispanica;España;Hispania;Epoca Desconocida;Epocha Ignota;https://i.ibb.co/Y4f7TZWm/espa-a.png;0
973;El tiempo es oro;Tempus aurum est;El tiempo es oro;Refrán Español;;Sententia Hispanica;Refranes populares de la tradición oral hispana que expresan de forma breve y ingeniosa enseñanzas prácticas sobre la vida cotidiana.;Collectio sententiarum Hispanicarum.;es;Español;Lingua Hispanica;España;Hispania;Epoca Desconocida;Epocha Ignota;https://i.ibb.co/Y4f7TZWm/espa-a.png;0
974;Ojo por ojo diente por diente;Oculus pro oculo dens pro dente;Ojo por ojo diente por diente;Refrán Español;;Sententia Hispanica;Refranes populares de la tradición oral hispana que expresan de forma breve y ingeniosa enseñanzas prácticas sobre la vida cotidiana.;Collectio sententiarum Hispanicarum.;es;Español;Lingua Hispanica;España;Hispania;Epoca Desconocida;Epocha Ignota;https://i.ibb.co/Y4f7TZWm/espa-a.png;0
975;Quien canta su mal espanta;Qui cantat malum suum fugat;Quien canta su mal espanta;Refrán Español;;Sententia Hispanica;Refranes populares de la tradición oral hispana que expresan de forma breve y ingeniosa enseñanzas prácticas sobre la vida cotidiana.;Collectio sententiarum Hispanicarum.;es;Español;Lingua Hispanica;España;Hispania;Epoca Desconocida;Epocha Ignota;https://i.ibb.co/Y4f7TZWm/espa-a.png;0
976;Del árbol caído todos hacen leña;De arbore cadente omnes ligna faciunt;Del árbol caído todos hacen leña;Refrán Español;;Sententia Hispanica;Refranes populares de la tradición oral hispana que expresan de forma breve y ingeniosa enseñanzas prácticas sobre la vida cotidiana.;Collectio sententiarum Hispanicarum.;es;Español;Lingua Hispanica;España;Hispania;Epoca Desconocida;Epocha Ignota;https://i.ibb.co/Y4f7TZWm/espa-a.png;0
977;El que a hierro mata a hierro muere;Qui ferro occidit ferro moritur;El que a hierro mata a hierro muere;Refrán Español;;Sententia Hispanica;Refranes populares de la tradición oral hispana que expresan de forma breve y ingeniosa enseñanzas prácticas sobre la vida cotidiana.;Collectio sententiarum Hispanicarum.;es;Español;Lingua Hispanica;España;Hispania;Epoca Desconocida;Epocha Ignota;https://i.ibb.co/Y4f7TZWm/espa-a.png;0
978;Piensa mal y acertarás;Cogita male et recte ages;Piensa mal y acertarás;Refrán Español;;Sententia Hispanica;Refranes populares de la tradición oral hispana que expresan de forma breve y ingeniosa enseñanzas prácticas sobre la vida cotidiana.;Collectio sententiarum Hispanicarum.;es;Español;Lingua Hispanica;España;Hispania;Epoca Desconocida;Epocha Ignota;https://i.ibb.co/Y4f7TZWm/espa-a.png;0
979;Por la boca muere el pez;Per os moritur piscis;Por la boca muere el pez;Refrán Español;;Sententia Hispanica;Refranes populares de la tradición oral hispana que expresan de forma breve y ingeniosa enseñanzas prácticas sobre la vida cotidiana.;Collectio sententiarum Hispanicarum.;es;Español;Lingua Hispanica;España;Hispania;Epoca Desconocida;Epocha Ignota;https://i.ibb.co/Y4f7TZWm/espa-a.png;0
980;Ojos que no ven corazón que no siente;Oculi qui non vident cor quod non sentit;Ojos que no ven corazón que no siente;Refrán Español;;Sententia Hispanica;Refranes populares de la tradición oral hispana que expresan de forma breve y ingeniosa enseñanzas prácticas sobre la vida cotidiana.;Collectio sententiarum Hispanicarum.;es;Español;Lingua Hispanica;España;Hispania;Epoca Desconocida;Epocha Ignota;https://i.ibb.co/Y4f7TZWm/espa-a.png;0
981;La excepción hace la regla;Exceptio regulam confirmat;La excepción hace la regla;Refrán Español;;Sententia Hispanica;Refranes populares de la tradición oral hispana que expresan de forma breve y ingeniosa enseñanzas prácticas sobre la vida cotidiana.;Collectio sententiarum Hispanicarum.;es;Español;Lingua Hispanica;España;Hispania;Epoca Desconocida;Epocha Ignota;https://i.ibb.co/Y4f7TZWm/espa-a.png;0
982;Como se vive se muere;Ut vivitur ita moritur;Como se vive se muere;Refrán Español;;Sententia Hispanica;Refranes populares de la tradición oral hispana que expresan de forma breve y ingeniosa enseñanzas prácticas sobre la vida cotidiana.;Collectio sententiarum Hispanicarum.;es;Español;Lingua Hispanica;España;Hispania;Epoca Desconocida;Epocha Ignota;https://i.ibb.co/Y4f7TZWm/espa-a.png;0
983;Un clavo saca otro clavo;Clavus clavum pellit;Un clavo saca otro clavo;Refrán Español;;Sententia Hispanica;Refranes populares de la tradición oral hispana que expresan de forma breve y ingeniosa enseñanzas prácticas sobre la vida cotidiana.;Collectio sententiarum Hispanicarum.;es;Español;Lingua Hispanica;España;Hispania;Epoca Desconocida;Epocha Ignota;https://i.ibb.co/Y4f7TZWm/espa-a.png;0
984;Mañana será otro día;Cras alius dies erit;Mañana será otro día;Refrán Español;;Sententia Hispanica;Refranes populares de la tradición oral hispana que expresan de forma breve y ingeniosa enseñanzas prácticas sobre la vida cotidiana.;Collectio sententiarum Hispanicarum.;es;Español;Lingua Hispanica;España;Hispania;Epoca Desconocida;Epocha Ignota;https://i.ibb.co/Y4f7TZWm/espa-a.png;0
985;Decir refranes es decir verdades;Proverbia dicere veritates dicere est;Decir refranes es decir verdades;Refrán Español;;Sententia Hispanica;Refranes populares de la tradición oral hispana que expresan de forma breve y ingeniosa enseñanzas prácticas sobre la vida cotidiana.;Collectio sententiarum Hispanicarum.;es;Español;Lingua Hispanica;España;Hispania;Epoca Desconocida;Epocha Ignota;https://i.ibb.co/Y4f7TZWm/espa-a.png;0
986;No hay quinto malo;Non est quintus malus;No hay quinto malo;Refrán Español;;Sententia Hispanica;Refranes populares de la tradición oral hispana que expresan de forma breve y ingeniosa enseñanzas prácticas sobre la vida cotidiana.;Collectio sententiarum Hispanicarum.;es;Español;Lingua Hispanica;España;Hispania;Epoca Desconocida;Epocha Ignota;https://i.ibb.co/Y4f7TZWm/espa-a.png;0
987;La intención es lo que cuenta;Intentio est quod valet;La intención es lo que cuenta;Refrán Español;;Sententia Hispanica;Refranes populares de la tradición oral hispana que expresan de forma breve y ingeniosa enseñanzas prácticas sobre la vida cotidiana.;Collectio sententiarum Hispanicarum.;es;Español;Lingua Hispanica;España;Hispania;Epoca Desconocida;Epocha Ignota;https://i.ibb.co/Y4f7TZWm/espa-a.png;0
988;La música amansa las fieras;Musica feras mansuefacit;La música amansa las fieras;Refrán Español;;Sententia Hispanica;Refranes populares de la tradición oral hispana que expresan de forma breve y ingeniosa enseñanzas prácticas sobre la vida cotidiana.;Collectio sententiarum Hispanicarum.;es;Español;Lingua Hispanica;España;Hispania;Epoca Desconocida;Epocha Ignota;https://i.ibb.co/Y4f7TZWm/espa-a.png;0
989;Más claro no canta un gallo;Clarius gallus non cantat;Más claro no canta un gallo;Refrán Español;;Sententia Hispanica;Refranes populares de la tradición oral hispana que expresan de forma breve y ingeniosa enseñanzas prácticas sobre la vida cotidiana.;Collectio sententiarum Hispanicarum.;es;Español;Lingua Hispanica;España;Hispania;Epoca Desconocida;Epocha Ignota;https://i.ibb.co/Y4f7TZWm/espa-a.png;0
990;El casado casa quiere;Coniugatus domum vult;El casado casa quiere;Refrán Español;;Sententia Hispanica;Refranes populares de la tradición oral hispana que expresan de forma breve y ingeniosa enseñanzas prácticas sobre la vida cotidiana.;Collectio sententiarum Hispanicarum.;es;Español;Lingua Hispanica;España;Hispania;Epoca Desconocida;Epocha Ignota;https://i.ibb.co/Y4f7TZWm/espa-a.png;0
991;A mala vida mala muerte;Ad malam vitam mala mors;A mala vida mala muerte;Refrán Español;;Sententia Hispanica;Refranes populares de la tradición oral hispana que expresan de forma breve y ingeniosa enseñanzas prácticas sobre la vida cotidiana.;Collectio sententiarum Hispanicarum.;es;Español;Lingua Hispanica;España;Hispania;Epoca Desconocida;Epocha Ignota;https://i.ibb.co/Y4f7TZWm/espa-a.png;0
992;Caras vemos corazones no sabemos;Facies videmus corda nescimus;Caras vemos corazones no sabemos;Refrán Español;;Sententia Hispanica;Refranes populares de la tradición oral hispana que expresan de forma breve y ingeniosa enseñanzas prácticas sobre la vida cotidiana.;Collectio sententiarum Hispanicarum.;es;Español;Lingua Hispanica;España;Hispania;Epoca Desconocida;Epocha Ignota;https://i.ibb.co/Y4f7TZWm/espa-a.png;0
993;Al pan pan y al vino vino;Panis panis vinum vinum;Al pan pan y al vino vino;Refrán Español;;Sententia Hispanica;Refranes populares de la tradición oral hispana que expresan de forma breve y ingeniosa enseñanzas prácticas sobre la vida cotidiana.;Collectio sententiarum Hispanicarum.;es;Español;Lingua Hispanica;España;Hispania;Epoca Desconocida;Epocha Ignota;https://i.ibb.co/Y4f7TZWm/espa-a.png;0
994;Cría cuervos y te sacarán los ojos;Nutri corvos et oculos tibi eruent;Cría cuervos y te sacarán los ojos;Refrán Español;;Sententia Hispanica;Refranes populares de la tradición oral hispana que expresan de forma breve y ingeniosa enseñanzas prácticas sobre la vida cotidiana.;Collectio sententiarum Hispanicarum.;es;Español;Lingua Hispanica;España;Hispania;Epoca Desconocida;Epocha Ignota;https://i.ibb.co/Y4f7TZWm/espa-a.png;0
995;Matar pulgas a balazos;Pulices bombardis occidere;Matar pulgas a balazos;Refrán Español;;Sententia Hispanica;Refranes populares de la tradición oral hispana que expresan de forma breve y ingeniosa enseñanzas prácticas sobre la vida cotidiana.;Collectio sententiarum Hispanicarum.;es;Español;Lingua Hispanica;España;Hispania;Epoca Desconocida;Epocha Ignota;https://i.ibb.co/Y4f7TZWm/espa-a.png;0
996;Más sabe el diablo por viejo que por diablo;Plus scit diabolus quia senex quam quia diabolus;Más sabe el diablo por viejo que por diablo;Refrán Español;;Sententia Hispanica;Refranes populares de la tradición oral hispana que expresan de forma breve y ingeniosa enseñanzas prácticas sobre la vida cotidiana.;Collectio sententiarum Hispanicarum.;es;Español;Lingua Hispanica;España;Hispania;Epoca Desconocida;Epocha Ignota;https://i.ibb.co/Y4f7TZWm/espa-a.png;0
997;Agua que no has de beber déjala correr;Aquam quam non bibes sine currere;Agua que no has de beber déjala correr;Refrán Español;;Sententia Hispanica;Refranes populares de la tradición oral hispana que expresan de forma breve y ingeniosa enseñanzas prácticas sobre la vida cotidiana.;Collectio sententiarum Hispanicarum.;es;Español;Lingua Hispanica;España;Hispania;Epoca Desconocida;Epocha Ignota;https://i.ibb.co/Y4f7TZWm/espa-a.png;0
998;No es oro todo lo que reluce;Non omne quod nitet aurum est;No es oro todo lo que reluce;Refrán Español;;Sententia Hispanica;Refranes populares de la tradición oral hispana que expresan de forma breve y ingeniosa enseñanzas prácticas sobre la vida cotidiana.;Collectio sententiarum Hispanicarum.;es;Español;Lingua Hispanica;España;Hispania;Epoca Desconocida;Epocha Ignota;https://i.ibb.co/Y4f7TZWm/espa-a.png;0
999;A falta de pan buenas son tortas;Defectu panis bonae sunt placentae;A falta de pan buenas son tortas;Refrán Español;;Sententia Hispanica;Refranes populares de la tradición oral hispana que expresan de forma breve y ingeniosa enseñanzas prácticas sobre la vida cotidiana.;Collectio sententiarum Hispanicarum.;es;Español;Lingua Hispanica;España;Hispania;Epoca Desconocida;Epocha Ignota;https://i.ibb.co/Y4f7TZWm/espa-a.png;0
1000;A llorar al valle;Ad plorandum ad vallem;A llorar al valle;Refrán Español;;Sententia Hispanica;Refranes populares de la tradición oral hispana que expresan de forma breve y ingeniosa enseñanzas prácticas sobre la vida cotidiana.;Collectio sententiarum Hispanicarum.;es;Español;Lingua Hispanica;España;Hispania;Epoca Desconocida;Epocha Ignota;https://i.ibb.co/Y4f7TZWm/espa-a.png;0
1001;La cabra siempre tira al monte;Capra semper ad montem tendit;La cabra siempre tira al monte;Refrán Español;;Sententia Hispanica;Refranes populares de la tradición oral hispana que expresan de forma breve y ingeniosa enseñanzas prácticas sobre la vida cotidiana.;Collectio sententiarum Hispanicarum.;es;Español;Lingua Hispanica;España;Hispania;Epoca Desconocida;Epocha Ignota;https://i.ibb.co/Y4f7TZWm/espa-a.png;0
1002;Vísteme despacio que tengo prisa;Vesti me tarde quia festino;Vísteme despacio que tengo prisa;Refrán Español;;Sententia Hispanica;Refranes populares de la tradición oral hispana que expresan de forma breve y ingeniosa enseñanzas prácticas sobre la vida cotidiana.;Collectio sententiarum Hispanicarum.;es;Español;Lingua Hispanica;España;Hispania;Epoca Desconocida;Epocha Ignota;https://i.ibb.co/Y4f7TZWm/espa-a.png;0
1003;Unos tienen la fama y otros cardan la lana;Alii famam habent alii lanam cardant;Unos tienen la fama y otros cardan la lana;Refrán Español;;Sententia Hispanica;Refranes populares de la tradición oral hispana que expresan de forma breve y ingeniosa enseñanzas prácticas sobre la vida cotidiana.;Collectio sententiarum Hispanicarum.;es;Español;Lingua Hispanica;España;Hispania;Epoca Desconocida;Epocha Ignota;https://i.ibb.co/Y4f7TZWm/espa-a.png;0
1004;Siempre pagan justos por pecadores;Semper iusti pro peccatoribus solvunt;Siempre pagan justos por pecadores;Refrán Español;;Sententia Hispanica;Refranes populares de la tradición oral hispana que expresan de forma breve y ingeniosa enseñanzas prácticas sobre la vida cotidiana.;Collectio sententiarum Hispanicarum.;es;Español;Lingua Hispanica;España;Hispania;Epoca Desconocida;Epocha Ignota;https://i.ibb.co/Y4f7TZWm/espa-a.png;0
1005;Primero es la obligación que la devoción;Prius est obligatio quam devotio;Primero es la obligación que la devoción;Refrán Español;;Sententia Hispanica;Refranes populares de la tradición oral hispana que expresan de forma breve y ingeniosa enseñanzas prácticas sobre la vida cotidiana.;Collectio sententiarum Hispanicarum.;es;Español;Lingua Hispanica;España;Hispania;Epoca Desconocida;Epocha Ignota;https://i.ibb.co/Y4f7TZWm/espa-a.png;0
1006;Por un perro que maté mataperros me llamaron;Pro uno cane quem occidi canioccisor vocatus sum;Por un perro que maté mataperros me llamaron;Refrán Español;;Sententia Hispanica;Refranes populares de la tradición oral hispana que expresan de forma breve y ingeniosa enseñanzas prácticas sobre la vida cotidiana.;Collectio sententiarum Hispanicarum.;es;Español;Lingua Hispanica;España;Hispania;Epoca Desconocida;Epocha Ignota;https://i.ibb.co/Y4f7TZWm/espa-a.png;0
1007;Nunca digas de este agua no beberé;Numquam dicas ex hac aqua non bibam;Nunca digas de este agua no beberé;Refrán Español;;Sententia Hispanica;Refranes populares de la tradición oral hispana que expresan de forma breve y ingeniosa enseñanzas prácticas sobre la vida cotidiana.;Collectio sententiarum Hispanicarum.;es;Español;Lingua Hispanica;España;Hispania;Epoca Desconocida;Epocha Ignota;https://i.ibb.co/Y4f7TZWm/espa-a.png;0
1008;No se hizo la miel para la boca del asno;Non facta est mel ori asini;No se hizo la miel para la boca del asno;Refrán Español;;Sententia Hispanica;Refranes populares de la tradición oral hispana que expresan de forma breve y ingeniosa enseñanzas prácticas sobre la vida cotidiana.;Collectio sententiarum Hispanicarum.;es;Español;Lingua Hispanica;España;Hispania;Epoca Desconocida;Epocha Ignota;https://i.ibb.co/Y4f7TZWm/espa-a.png;0
1009;No vendas la piel antes de cazar al oso;Ne vendas pellem antequam ursum capias;No vendas la piel antes de cazar al oso;Refrán Español;;Sententia Hispanica;Refranes populares de la tradición oral hispana que expresan de forma breve y ingeniosa enseñanzas prácticas sobre la vida cotidiana.;Collectio sententiarum Hispanicarum.;es;Español;Lingua Hispanica;España;Hispania;Epoca Desconocida;Epocha Ignota;https://i.ibb.co/Y4f7TZWm/espa-a.png;0
1010;El que roba a un ladrón tiene cien años de perdón;Qui furem spoliat centum annos veniae habet;El que roba a un ladrón tiene cien años de perdón;Refrán Español;;Sententia Hispanica;Refranes populares de la tradición oral hispana que expresan de forma breve y ingeniosa enseñanzas prácticas sobre la vida cotidiana.;Collectio sententiarum Hispanicarum.;es;Español;Lingua Hispanica;España;Hispania;Epoca Desconocida;Epocha Ignota;https://i.ibb.co/Y4f7TZWm/espa-a.png;0
1011;El que se pica ajos come;Qui se pungit allia comedit;El que se pica ajos come;Refrán Español;;Sententia Hispanica;Refranes populares de la tradición oral hispana que expresan de forma breve y ingeniosa enseñanzas prácticas sobre la vida cotidiana.;Collectio sententiarum Hispanicarum.;es;Español;Lingua Hispanica;España;Hispania;Epoca Desconocida;Epocha Ignota;https://i.ibb.co/Y4f7TZWm/espa-a.png;0
1012;Castellano fino el pan pan y el vino vino;Castellanus elegans panis panis vinum vinum;Castellano fino el pan pan y el vino vino;Refrán Español;;Sententia Hispanica;Refranes populares de la tradición oral hispana que expresan de forma breve y ingeniosa enseñanzas prácticas sobre la vida cotidiana.;Collectio sententiarum Hispanicarum.;es;Español;Lingua Hispanica;España;Hispania;Epoca Desconocida;Epocha Ignota;https://i.ibb.co/Y4f7TZWm/espa-a.png;0
1013;Cada maestrillo tiene su librillo;Unusquisque magister suum libellum habet;Cada maestrillo tiene su librillo;Refrán Español;;Sententia Hispanica;Refranes populares de la tradición oral hispana que expresan de forma breve y ingeniosa enseñanzas prácticas sobre la vida cotidiana.;Collectio sententiarum Hispanicarum.;es;Español;Lingua Hispanica;España;Hispania;Epoca Desconocida;Epocha Ignota;https://i.ibb.co/Y4f7TZWm/espa-a.png;0
1014;A grandes males grandes remedios;Magnis malis magna remedia;A grandes males grandes remedios;Refrán Español;;Sententia Hispanica;Refranes populares de la tradición oral hispana que expresan de forma breve y ingeniosa enseñanzas prácticas sobre la vida cotidiana.;Collectio sententiarum Hispanicarum.;es;Español;Lingua Hispanica;España;Hispania;Epoca Desconocida;Epocha Ignota;https://i.ibb.co/Y4f7TZWm/espa-a.png;0
1015;Agua que no has de beber déjala correr;Aquam quam non bibes sine currere;Agua que no has de beber déjala correr;Refrán Español;;Sententia Hispanica;Refranes populares de la tradición oral hispana que expresan de forma breve y ingeniosa enseñanzas prácticas sobre la vida cotidiana.;Collectio sententiarum Hispanicarum.;es;Español;Lingua Hispanica;España;Hispania;Epoca Desconocida;Epocha Ignota;https://i.ibb.co/Y4f7TZWm/espa-a.png;0
1016;A la chita callando hay quien se va aprovechando;Tacite quidam se proficit;A la chita callando hay quien se va aprovechando;Refrán Español;;Sententia Hispanica;Refranes populares de la tradición oral hispana que expresan de forma breve y ingeniosa enseñanzas prácticas sobre la vida cotidiana.;Collectio sententiarum Hispanicarum.;es;Español;Lingua Hispanica;España;Hispania;Epoca Desconocida;Epocha Ignota;https://i.ibb.co/Y4f7TZWm/espa-a.png;0
1017;A las diez en la cama estés y mejor antes que después;Ad decimam in lecto sis et melius ante quam post;A las diez en la cama estés y mejor antes que después;Refrán Español;;Sententia Hispanica;Refranes populares de la tradición oral hispana que expresan de forma breve y ingeniosa enseñanzas prácticas sobre la vida cotidiana.;Collectio sententiarum Hispanicarum.;es;Español;Lingua Hispanica;España;Hispania;Epoca Desconocida;Epocha Ignota;https://i.ibb.co/Y4f7TZWm/espa-a.png;0
1018;Cree el ladrón que todos son de su condición;Credit fur omnes esse suae conditionis;Cree el ladrón que todos son de su condición;Refrán Español;;Sententia Hispanica;Refranes populares de la tradición oral hispana que expresan de forma breve y ingeniosa enseñanzas prácticas sobre la vida cotidiana.;Collectio sententiarum Hispanicarum.;es;Español;Lingua Hispanica;España;Hispania;Epoca Desconocida;Epocha Ignota;https://i.ibb.co/Y4f7TZWm/espa-a.png;0
1019;Cuando el gato está ausente los ratones se divierten;Cum felis abest mures ludunt;Cuando el gato está ausente los ratones se divierten;Refrán Español;;Sententia Hispanica;Refranes populares de la tradición oral hispana que expresan de forma breve y ingeniosa enseñanzas prácticas sobre la vida cotidiana.;Collectio sententiarum Hispanicarum.;es;Español;Lingua Hispanica;España;Hispania;Epoca Desconocida;Epocha Ignota;https://i.ibb.co/Y4f7TZWm/espa-a.png;0
1020;Cuando el río suena agua lleva;Cum fluvius sonat aquam fert;Cuando el río suena agua lleva;Refrán Español;;Sententia Hispanica;Refranes populares de la tradición oral hispana que expresan de forma breve y ingeniosa enseñanzas prácticas sobre la vida cotidiana.;Collectio sententiarum Hispanicarum.;es;Español;Lingua Hispanica;España;Hispania;Epoca Desconocida;Epocha Ignota;https://i.ibb.co/Y4f7TZWm/espa-a.png;0
1021;Es siempre provechoso abrir cualquier libro;Semper utile est librum aperire;开卷有益;Proverbio Chino;;Proverbium Sinense;Conjunto de proverbios tradicionales de la cultura china que transmiten sabiduría popular, valores morales y enseñanzas prácticas transmitidas oralmente durante siglos.;Collectio sententiarum Sinensium, magnopere in cultura tradita.;zh;Chino;Lingua Sinica;China;Sinae;Epoca Desconocida;Epocha Ignota;https://i.ibb.co/qLfpZm6h/china.png;0
1022;Toda persona o cosa tiene su mérito y demérito;Omnis persona vel res meritum et demeritum habet;尺有所短寸有所长;Proverbio Chino;;Proverbium Sinense;Conjunto de proverbios tradicionales de la cultura china que transmiten sabiduría popular, valores morales y enseñanzas prácticas transmitidas oralmente durante siglos.;Collectio sententiarum Sinensium, magnopere in cultura tradita.;zh;Chino;Lingua Sinica;China;Sinae;Epoca Desconocida;Epocha Ignota;https://i.ibb.co/qLfpZm6h/china.png;0
1023;El que de joven no es acucioso llegado a viejo en vano se lamentará;Qui iuvenis non diligens est senex frustra dolebit;少壮不努力老大徒伤悲;Proverbio Chino;;Proverbium Sinense;Conjunto de proverbios tradicionales de la cultura china que transmiten sabiduría popular, valores morales y enseñanzas prácticas transmitidas oralmente durante siglos.;Collectio sententiarum Sinensium, magnopere in cultura tradita.;zh;Chino;Lingua Sinica;China;Sinae;Epoca Desconocida;Epocha Ignota;https://i.ibb.co/qLfpZm6h/china.png;0
1024;Una pulgada de tiempo es una pulgada de oro;Tempus pretiosum est sicut aurum;一寸光阴一寸金;Proverbio Chino;;Proverbium Sinense;Conjunto de proverbios tradicionales de la cultura china que transmiten sabiduría popular, valores morales y enseñanzas prácticas transmitidas oralmente durante siglos.;Collectio sententiarum Sinensium, magnopere in cultura tradita.;zh;Chino;Lingua Sinica;China;Sinae;Epoca Desconocida;Epocha Ignota;https://i.ibb.co/qLfpZm6h/china.png;0
1025;Lobos de la misma camada;Lupi eiusdem stirpis;一丘之貉;Proverbio Chino;;Proverbium Sinense;Conjunto de proverbios tradicionales de la cultura china que transmiten sabiduría popular, valores morales y enseñanzas prácticas transmitidas oralmente durante siglos.;Collectio sententiarum Sinensium, magnopere in cultura tradita.;zh;Chino;Lingua Sinica;China;Sinae;Epoca Desconocida;Epocha Ignota;https://i.ibb.co/qLfpZm6h/china.png;0
1026;Un paso en falso se hace deplorar toda la vida;Unus passus falsus totam vitam lamentatur;一失足成千古恨;Proverbio Chino;;Proverbium Sinense;Conjunto de proverbios tradicionales de la cultura china que transmiten sabiduría popular, valores morales y enseñanzas prácticas transmitidas oralmente durante siglos.;Collectio sententiarum Sinensium, magnopere in cultura tradita.;zh;Chino;Lingua Sinica;China;Sinae;Epoca Desconocida;Epocha Ignota;https://i.ibb.co/qLfpZm6h/china.png;0
1027;Una hoja ante los ojos impide ver la montaña;Folium ante oculos montem videre impedit;一叶障目不见泰山;Proverbio Chino;;Proverbium Sinense;Conjunto de proverbios tradicionales de la cultura china que transmiten sabiduría popular, valores morales y enseñanzas prácticas transmitidas oralmente durante siglos.;Collectio sententiarum Sinensium, magnopere in cultura tradita.;zh;Chino;Lingua Sinica;China;Sinae;Epoca Desconocida;Epocha Ignota;https://i.ibb.co/qLfpZm6h/china.png;0
1028;Quien un día fue picado por la víbora siente temor a una soga enroscada durante diez años;Qui semel a vipera punctus est decem annos funem timet;一朝被蛇咬十年怕井绳;Proverbio Chino;;Proverbium Sinense;Conjunto de proverbios tradicionales de la cultura china que transmiten sabiduría popular, valores morales y enseñanzas prácticas transmitidas oralmente durante siglos.;Collectio sententiarum Sinensium, magnopere in cultura tradita.;zh;Chino;Lingua Sinica;China;Sinae;Epoca Desconocida;Epocha Ignota;https://i.ibb.co/qLfpZm6h/china.png;0
1029;El trabajo entero de un año depende de un buen comienzo en primavera;Labor totius anni a bono principio veris pendet;一年之计在于春;Proverbio Chino;;Proverbium Sinense;Conjunto de proverbios tradicionales de la cultura china que transmiten sabiduría popular, valores morales y enseñanzas prácticas transmitidas oralmente durante siglos.;Collectio sententiarum Sinensium, magnopere in cultura tradita.;zh;Chino;Lingua Sinica;China;Sinae;Epoca Desconocida;Epocha Ignota;https://i.ibb.co/qLfpZm6h/china.png;0
1030;Ser pobre como si hubiera sido lavado;Pauper esse quasi lotus;一贫如洗;Proverbio Chino;;Proverbium Sinense;Conjunto de proverbios tradicionales de la cultura china que transmiten sabiduría popular, valores morales y enseñanzas prácticas transmitidas oralmente durante siglos.;Collectio sententiarum Sinensium, magnopere in cultura tradita.;zh;Chino;Lingua Sinica;China;Sinae;Epoca Desconocida;Epocha Ignota;https://i.ibb.co/qLfpZm6h/china.png;0
1031;Matar dos águilas con una sola flecha;Duas aquilas una sagitta occidere;一箭双雕;Proverbio Chino;;Proverbium Sinense;Conjunto de proverbios tradicionales de la cultura china que transmiten sabiduría popular, valores morales y enseñanzas prácticas transmitidas oralmente durante siglos.;Collectio sententiarum Sinensium, magnopere in cultura tradita.;zh;Chino;Lingua Sinica;China;Sinae;Epoca Desconocida;Epocha Ignota;https://i.ibb.co/qLfpZm6h/china.png;0
1032;Ni cuatro caballos galopando pueden recuperar la palabra empeñada;Nec quattuor equi currentes verbum datum recuperare possunt;一言既出驷马难追;Proverbio Chino;;Proverbium Sinense;Conjunto de proverbios tradicionales de la cultura china que transmiten sabiduría popular, valores morales y enseñanzas prácticas transmitidas oralmente durante siglos.;Collectio sententiarum Sinensium, magnopere in cultura tradita.;zh;Chino;Lingua Sinica;China;Sinae;Epoca Desconocida;Epocha Ignota;https://i.ibb.co/qLfpZm6h/china.png;0
1033;A un hombre no se le puede juzgar por las apariencias;Homo ex specie iudicari non potest;人不可貌相;Proverbio Chino;;Proverbium Sinense;Conjunto de proverbios tradicionales de la cultura china que transmiten sabiduría popular, valores morales y enseñanzas prácticas transmitidas oralmente durante siglos.;Collectio sententiarum Sinensium, magnopere in cultura tradita.;zh;Chino;Lingua Sinica;China;Sinae;Epoca Desconocida;Epocha Ignota;https://i.ibb.co/qLfpZm6h/china.png;0
1034;El gorrión a pesar de su pequeñez tiene todas las vísceras;Passer quamvis parvus omnia viscera habet;麻雀虽小五脏俱全;Proverbio Chino;;Proverbium Sinense;Conjunto de proverbios tradicionales de la cultura china que transmiten sabiduría popular, valores morales y enseñanzas prácticas transmitidas oralmente durante siglos.;Collectio sententiarum Sinensium, magnopere in cultura tradita.;zh;Chino;Lingua Sinica;China;Sinae;Epoca Desconocida;Epocha Ignota;https://i.ibb.co/qLfpZm6h/china.png;0
1035;Mientras haya montes verdes no hay por qué inquietarse por la leña;Dum montes virides sunt de lignis non sollicitandum;留得青山在不怕没柴烧;Proverbio Chino;;Proverbium Sinense;Conjunto de proverbios tradicionales de la cultura china que transmiten sabiduría popular, valores morales y enseñanzas prácticas transmitidas oralmente durante siglos.;Collectio sententiarum Sinensium, magnopere in cultura tradita.;zh;Chino;Lingua Sinica;China;Sinae;Epoca Desconocida;Epocha Ignota;https://i.ibb.co/qLfpZm6h/china.png;0
1036;La experiencia del pasado si no cae en el olvido sirve de guía para el futuro;Experientia praeteriti si non oblivioni traditur futuri dux est;前事不忘后事之师;Proverbio Chino;;Proverbium Sinense;Conjunto de proverbios tradicionales de la cultura china que transmiten sabiduría popular, valores morales y enseñanzas prácticas transmitidas oralmente durante siglos.;Collectio sententiarum Sinensium, magnopere in cultura tradita.;zh;Chino;Lingua Sinica;China;Sinae;Epoca Desconocida;Epocha Ignota;https://i.ibb.co/qLfpZm6h/china.png;0
1037;La generación anterior planta árboles y la posterior se cobija a su sombra;Generatio prior arbores plantat posterior umbra fruitur;前人栽树后人乘凉;Proverbio Chino;;Proverbium Sinense;Conjunto de proverbios tradicionales de la cultura china que transmiten sabiduría popular, valores morales y enseñanzas prácticas transmitidas oralmente durante siglos.;Collectio sententiarum Sinensium, magnopere in cultura tradita.;zh;Chino;Lingua Sinica;China;Sinae;Epoca Desconocida;Epocha Ignota;https://i.ibb.co/qLfpZm6h/china.png;0
1038;Los verdaderos amigos se conocen en la adversidad;Veri amici in adversitate cognoscuntur;患难见真情;Proverbio Chino;;Proverbium Sinense;Conjunto de proverbios tradicionales de la cultura china que transmiten sabiduría popular, valores morales y enseñanzas prácticas transmitidas oralmente durante siglos.;Collectio sententiarum Sinensium, magnopere in cultura tradita.;zh;Chino;Lingua Sinica;China;Sinae;Epoca Desconocida;Epocha Ignota;https://i.ibb.co/qLfpZm6h/china.png;0
1039;El vuelco del carro delantero puede servir de aviso al que va detrás;Eversio currus prioris monimentum posteriori esse potest;前车之覆后车之鉴;Proverbio Chino;;Proverbium Sinense;Conjunto de proverbios tradicionales de la cultura china que transmiten sabiduría popular, valores morales y enseñanzas prácticas transmitidas oralmente durante siglos.;Collectio sententiarum Sinensium, magnopere in cultura tradita.;zh;Chino;Lingua Sinica;China;Sinae;Epoca Desconocida;Epocha Ignota;https://i.ibb.co/qLfpZm6h/china.png;0
1040;Sin tigres en el monte el mono es rey;Sine tigribus in monte simia rex est;山中无老虎猴子称大王;Proverbio Chino;;Proverbium Sinense;Conjunto de proverbios tradicionales de la cultura china que transmiten sabiduría popular, valores morales y enseñanzas prácticas transmitidas oralmente durante siglos.;Collectio sententiarum Sinensium, magnopere in cultura tradita.;zh;Chino;Lingua Sinica;China;Sinae;Epoca Desconocida;Epocha Ignota;https://i.ibb.co/qLfpZm6h/china.png;0
1041;Un regalo tan insignificante como una pluma de ganso enviada desde lejos tiene mucho sentido;Donum quamvis exile ut pluma anseris e longinquo missum magnum sensum habet;千里送鹅毛礼轻情意重;Proverbio Chino;;Proverbium Sinense;Conjunto de proverbios tradicionales de la cultura china que transmiten sabiduría popular, valores morales y enseñanzas prácticas transmitidas oralmente durante siglos.;Collectio sententiarum Sinensium, magnopere in cultura tradita.;zh;Chino;Lingua Sinica;China;Sinae;Epoca Desconocida;Epocha Ignota;https://i.ibb.co/qLfpZm6h/china.png;0
1042;En cielo despejado puede desatarse de repente una tempestad;In caelo sereno subito tempestas oriri potest;天有不测风云;Proverbio Chino;;Proverbium Sinense;Conjunto de proverbios tradicionales de la cultura china que transmiten sabiduría popular, valores morales y enseñanzas prácticas transmitidas oralmente durante siglos.;Collectio sententiarum Sinensium, magnopere in cultura tradita.;zh;Chino;Lingua Sinica;China;Sinae;Epoca Desconocida;Epocha Ignota;https://i.ibb.co/qLfpZm6h/china.png;0
1043;La red justiciera tendida por los cielos es omnipresente y sus mallas aunque ralas no dejan escapar a nadie;Rete iustitiae a caelo extensum ubique est et maculae eius quamvis rarae neminem effugere sinunt;天网恢恢疏而不漏;Proverbio Chino;;Proverbium Sinense;Conjunto de proverbios tradicionales de la cultura china que transmiten sabiduría popular, valores morales y enseñanzas prácticas transmitidas oralmente durante siglos.;Collectio sententiarum Sinensium, magnopere in cultura tradita.;zh;Chino;Lingua Sinica;China;Sinae;Epoca Desconocida;Epocha Ignota;https://i.ibb.co/qLfpZm6h/china.png;0
1044;El cielo no cierra completamente el camino a los hombres;Caelum viam hominibus omnino non claudit;天无绝人之路;Proverbio Chino;;Proverbium Sinense;Conjunto de proverbios tradicionales de la cultura china que transmiten sabiduría popular, valores morales y enseñanzas prácticas transmitidas oralmente durante siglos.;Collectio sententiarum Sinensium, magnopere in cultura tradita.;zh;Chino;Lingua Sinica;China;Sinae;Epoca Desconocida;Epocha Ignota;https://i.ibb.co/qLfpZm6h/china.png;0
1045;En el mundo no hay banquete que no tenga fin;In mundo non est convivium quod finem non habeat;天下没有不散的筵席;Proverbio Chino;;Proverbium Sinense;Conjunto de proverbios tradicionales de la cultura china que transmiten sabiduría popular, valores morales y enseñanzas prácticas transmitidas oralmente durante siglos.;Collectio sententiarum Sinensium, magnopere in cultura tradita.;zh;Chino;Lingua Sinica;China;Sinae;Epoca Desconocida;Epocha Ignota;https://i.ibb.co/qLfpZm6h/china.png;0
1046;En el mundo no hay nada difícil siempre que el hombre tenga asiduidad;In mundo nihil difficile est si homo assiduus sit;世上无难事只怕有心人;Proverbio Chino;;Proverbium Sinense;Conjunto de proverbios tradicionales de la cultura china que transmiten sabiduría popular, valores morales y enseñanzas prácticas transmitidas oralmente durante siglos.;Collectio sententiarum Sinensium, magnopere in cultura tradita.;zh;Chino;Lingua Sinica;China;Sinae;Epoca Desconocida;Epocha Ignota;https://i.ibb.co/qLfpZm6h/china.png;0
1047;No renunciar a sus esperanzas hasta llegar al río Huanghe;Non spes deserere donec ad flumen Huanghe perveniatur;不到黄河心不死;Proverbio Chino;;Proverbium Sinense;Conjunto de proverbios tradicionales de la cultura china que transmiten sabiduría popular, valores morales y enseñanzas prácticas transmitidas oralmente durante siglos.;Collectio sententiarum Sinensium, magnopere in cultura tradita.;zh;Chino;Lingua Sinica;China;Sinae;Epoca Desconocida;Epocha Ignota;https://i.ibb.co/qLfpZm6h/china.png;0
1048;O bien no emprender nada o bien asombrar a todo el mundo con cuanto emprende;Aut nihil incipere aut mundum totum stupefacere;不鸣则已一鸣惊人;Proverbio Chino;;Proverbium Sinense;Conjunto de proverbios tradicionales de la cultura china que transmiten sabiduría popular, valores morales y enseñanzas prácticas transmitidas oralmente durante siglos.;Collectio sententiarum Sinensium, magnopere in cultura tradita.;zh;Chino;Lingua Sinica;China;Sinae;Epoca Desconocida;Epocha Ignota;https://i.ibb.co/qLfpZm6h/china.png;0
1049;Si uno no entra en la guarida del tigre cómo podrá apoderarse de sus cachorros;Si quis in speluncam tigris non intrat quomodo catulos eius capere poterit;不入虎穴焉得虎子;Proverbio Chino;;Proverbium Sinense;Conjunto de proverbios tradicionales de la cultura china que transmiten sabiduría popular, valores morales y enseñanzas prácticas transmitidas oralmente durante siglos.;Collectio sententiarum Sinensium, magnopere in cultura tradita.;zh;Chino;Lingua Sinica;China;Sinae;Epoca Desconocida;Epocha Ignota;https://i.ibb.co/qLfpZm6h/china.png;0
1050;Una maja de hierro a fuerza de ser afilada puede convertirse en una aguja;Massa ferri vi acuendi in acum converti potest;铁杵磨成针;Proverbio Chino;;Proverbium Sinense;Conjunto de proverbios tradicionales de la cultura china que transmiten sabiduría popular, valores morales y enseñanzas prácticas transmitidas oralmente durante siglos.;Collectio sententiarum Sinensium, magnopere in cultura tradita.;zh;Chino;Lingua Sinica;China;Sinae;Epoca Desconocida;Epocha Ignota;https://i.ibb.co/qLfpZm6h/china.png;0
1051;La flor de loto asoma inmaculada del fango;Flos loti immaculatus e limo emergit;出淤泥而不染;Proverbio Chino;;Proverbium Sinense;Conjunto de proverbios tradicionales de la cultura china que transmiten sabiduría popular, valores morales y enseñanzas prácticas transmitidas oralmente durante siglos.;Collectio sententiarum Sinensium, magnopere in cultura tradita.;zh;Chino;Lingua Sinica;China;Sinae;Epoca Desconocida;Epocha Ignota;https://i.ibb.co/qLfpZm6h/china.png;0
1052;Lo que se pierde a la salida del sol se recupera a su puesta;Quod oriente sole perditur occidente recuperatur;失之东隅收之桑榆;Proverbio Chino;;Proverbium Sinense;Conjunto de proverbios tradicionales de la cultura china que transmiten sabiduría popular, valores morales y enseñanzas prácticas transmitidas oralmente durante siglos.;Collectio sententiarum Sinensium, magnopere in cultura tradita.;zh;Chino;Lingua Sinica;China;Sinae;Epoca Desconocida;Epocha Ignota;https://i.ibb.co/qLfpZm6h/china.png;0
1053;Lo que comienza siendo una pequeña diferencia termina en una desigualdad descomunal;Quod parva differentia incipit in inaequalitatem ingentem terminat;差之毫厘谬以千里;Proverbio Chino;;Proverbium Sinense;Conjunto de proverbios tradicionales de la cultura china que transmiten sabiduría popular, valores morales y enseñanzas prácticas transmitidas oralmente durante siglos.;Collectio sententiarum Sinensium, magnopere in cultura tradita.;zh;Chino;Lingua Sinica;China;Sinae;Epoca Desconocida;Epocha Ignota;https://i.ibb.co/qLfpZm6h/china.png;0
1054;Es fácil cambiar el curso de los ríos y las montañas pero difícil cambiar la naturaleza de un hombre;Facile est cursum fluminum et montium mutare difficile naturam hominis;江山易改本性难移;Proverbio Chino;;Proverbium Sinense;Conjunto de proverbios tradicionales de la cultura china que transmiten sabiduría popular, valores morales y enseñanzas prácticas transmitidas oralmente durante siglos.;Collectio sententiarum Sinensium, magnopere in cultura tradita.;zh;Chino;Lingua Sinica;China;Sinae;Epoca Desconocida;Epocha Ignota;https://i.ibb.co/qLfpZm6h/china.png;0
1055;Un solo día de frío no basta para congelar el río a tres pies de profundidad;Unus dies frigoris non sufficit ad flumen tres pedes profundum congelandum;冰冻三尺非一日之寒;Proverbio Chino;;Proverbium Sinense;Conjunto de proverbios tradicionales de la cultura china que transmiten sabiduría popular, valores morales y enseñanzas prácticas transmitidas oralmente durante siglos.;Collectio sententiarum Sinensium, magnopere in cultura tradita.;zh;Chino;Lingua Sinica;China;Sinae;Epoca Desconocida;Epocha Ignota;https://i.ibb.co/qLfpZm6h/china.png;0
1056;No hay que dejar escapar una oportunidad que nunca va a presentarse otra vez;Occasio non dimittenda est quae numquam iterum se offeret;机不可失时不再来;Proverbio Chino;;Proverbium Sinense;Conjunto de proverbios tradicionales de la cultura china que transmiten sabiduría popular, valores morales y enseñanzas prácticas transmitidas oralmente durante siglos.;Collectio sententiarum Sinensium, magnopere in cultura tradita.;zh;Chino;Lingua Sinica;China;Sinae;Epoca Desconocida;Epocha Ignota;https://i.ibb.co/qLfpZm6h/china.png;0
1057;En tanto que la flor cae amorosa el arroyo corre impasible;Dum flos amore cadit rivus impassibilis currit;落花有意流水无情;Proverbio Chino;;Proverbium Sinense;Conjunto de proverbios tradicionales de la cultura china que transmiten sabiduría popular, valores morales y enseñanzas prácticas transmitidas oralmente durante siglos.;Collectio sententiarum Sinensium, magnopere in cultura tradita.;zh;Chino;Lingua Sinica;China;Sinae;Epoca Desconocida;Epocha Ignota;https://i.ibb.co/qLfpZm6h/china.png;0
1058;Tres simples zapateros hacen un sabio Zhuge Liang;Tres simplices sutores sapientem Zhuge Liang faciunt;三个臭皮匠顶个诸葛亮;Proverbio Chino;;Proverbium Sinense;Conjunto de proverbios tradicionales de la cultura china que transmiten sabiduría popular, valores morales y enseñanzas prácticas transmitidas oralmente durante siglos.;Collectio sententiarum Sinensium, magnopere in cultura tradita.;zh;Chino;Lingua Sinica;China;Sinae;Epoca Desconocida;Epocha Ignota;https://i.ibb.co/qLfpZm6h/china.png;0
1059;El primer paso siempre cuesta;Primus passus semper difficilis est;万事开头难;Proverbio Chino;;Proverbium Sinense;Conjunto de proverbios tradicionales de la cultura china que transmiten sabiduría popular, valores morales y enseñanzas prácticas transmitidas oralmente durante siglos.;Collectio sententiarum Sinensium, magnopere in cultura tradita.;zh;Chino;Lingua Sinica;China;Sinae;Epoca Desconocida;Epocha Ignota;https://i.ibb.co/qLfpZm6h/china.png;0
1060;No hagas a otros lo que no quieres que hagan contigo;Ne facias aliis quod tibi fieri non vis;己所不欲勿施于人;Proverbio Chino;;Proverbium Sinense;Conjunto de proverbios tradicionales de la cultura china que transmiten sabiduría popular, valores morales y enseñanzas prácticas transmitidas oralmente durante siglos.;Collectio sententiarum Sinensium, magnopere in cultura tradita.;zh;Chino;Lingua Sinica;China;Sinae;Epoca Desconocida;Epocha Ignota;https://i.ibb.co/qLfpZm6h/china.png;0
1061;El agua corriente no se corrompe y a los goznes de la puerta no los carcomen los gusanos;Aqua currens non corrumpitur et cardines portae vermes non rodunt;流水不腐户枢不蠹;Proverbio Chino;;Proverbium Sinense;Conjunto de proverbios tradicionales de la cultura china que transmiten sabiduría popular, valores morales y enseñanzas prácticas transmitidas oralmente durante siglos.;Collectio sententiarum Sinensium, magnopere in cultura tradita.;zh;Chino;Lingua Sinica;China;Sinae;Epoca Desconocida;Epocha Ignota;https://i.ibb.co/qLfpZm6h/china.png;0
1062;El oro legítimo no teme al fuego;Aurum legitimum ignem non timet;真金不怕火炼;Proverbio Chino;;Proverbium Sinense;Conjunto de proverbios tradicionales de la cultura china que transmiten sabiduría popular, valores morales y enseñanzas prácticas transmitidas oralmente durante siglos.;Collectio sententiarum Sinensium, magnopere in cultura tradita.;zh;Chino;Lingua Sinica;China;Sinae;Epoca Desconocida;Epocha Ignota;https://i.ibb.co/qLfpZm6h/china.png;0
1063;Sin viento no hay oleaje;Sine vento non est fluctus;无风不起浪;Proverbio Chino;;Proverbium Sinense;Conjunto de proverbios tradicionales de la cultura china que transmiten sabiduría popular, valores morales y enseñanzas prácticas transmitidas oralmente durante siglos.;Collectio sententiarum Sinensium, magnopere in cultura tradita.;zh;Chino;Lingua Sinica;China;Sinae;Epoca Desconocida;Epocha Ignota;https://i.ibb.co/qLfpZm6h/china.png;0
1064;Soplar la pelusa de un abrigo de pieles para descubrir el menor defecto;Sufflare pilos vestimenti pellicei ut minimum defectum inveniat;吹毛求疵;Proverbio Chino;;Proverbium Sinense;Conjunto de proverbios tradicionales de la cultura china que transmiten sabiduría popular, valores morales y enseñanzas prácticas transmitidas oralmente durante siglos.;Collectio sententiarum Sinensium, magnopere in cultura tradita.;zh;Chino;Lingua Sinica;China;Sinae;Epoca Desconocida;Epocha Ignota;https://i.ibb.co/qLfpZm6h/china.png;0
1065;Las llamas se elevan más cuando cada uno les echa leña;Flammae altius surgunt cum unusquisque ligna iacit;众人拾柴火焰高;Proverbio Chino;;Proverbium Sinense;Conjunto de proverbios tradicionales de la cultura china que transmiten sabiduría popular, valores morales y enseñanzas prácticas transmitidas oralmente durante siglos.;Collectio sententiarum Sinensium, magnopere in cultura tradita.;zh;Chino;Lingua Sinica;China;Sinae;Epoca Desconocida;Epocha Ignota;https://i.ibb.co/qLfpZm6h/china.png;0
1066;La lluvia de primavera es tan preciosa como el aceite;Pluvia veris tam pretiosa est quam oleum;春雨贵如油;Proverbio Chino;;Proverbium Sinense;Conjunto de proverbios tradicionales de la cultura china que transmiten sabiduría popular, valores morales y enseñanzas prácticas transmitidas oralmente durante siglos.;Collectio sententiarum Sinensium, magnopere in cultura tradita.;zh;Chino;Lingua Sinica;China;Sinae;Epoca Desconocida;Epocha Ignota;https://i.ibb.co/qLfpZm6h/china.png;0
1067;Escapar del lago del dragón y caer en la guarida del tigre;E lacu draconis effugere et in speluncam tigris cadere;逃出龙潭又入虎穴;Proverbio Chino;;Proverbium Sinense;Conjunto de proverbios tradicionales de la cultura china que transmiten sabiduría popular, valores morales y enseñanzas prácticas transmitidas oralmente durante siglos.;Collectio sententiarum Sinensium, magnopere in cultura tradita.;zh;Chino;Lingua Sinica;China;Sinae;Epoca Desconocida;Epocha Ignota;https://i.ibb.co/qLfpZm6h/china.png;0
1068;Si uno pierde los labios tendrá los dientes fríos;Si quis labra amittit dentes frigidos habebit;唇亡齿寒;Proverbio Chino;;Proverbium Sinense;Conjunto de proverbios tradicionales de la cultura china que transmiten sabiduría popular, valores morales y enseñanzas prácticas transmitidas oralmente durante siglos.;Collectio sententiarum Sinensium, magnopere in cultura tradita.;zh;Chino;Lingua Sinica;China;Sinae;Epoca Desconocida;Epocha Ignota;https://i.ibb.co/qLfpZm6h/china.png;0
1069;Una hábil ama de casa sin arroz no puede preparar una comida;Domina peritus sine oryza prandium parare non potest;巧妇难为无米之炊;Proverbio Chino;;Proverbium Sinense;Conjunto de proverbios tradicionales de la cultura china que transmiten sabiduría popular, valores morales y enseñanzas prácticas transmitidas oralmente durante siglos.;Collectio sententiarum Sinensium, magnopere in cultura tradita.;zh;Chino;Lingua Sinica;China;Sinae;Epoca Desconocida;Epocha Ignota;https://i.ibb.co/qLfpZm6h/china.png;0
1070;Colgar una cabeza de cordero y vender carne de perro;Caput agni suspendere et carnem canis vendere;挂羊头卖狗肉;Proverbio Chino;;Proverbium Sinense;Conjunto de proverbios tradicionales de la cultura china que transmiten sabiduría popular, valores morales y enseñanzas prácticas transmitidas oralmente durante siglos.;Collectio sententiarum Sinensium, magnopere in cultura tradita.;zh;Chino;Lingua Sinica;China;Sinae;Epoca Desconocida;Epocha Ignota;https://i.ibb.co/qLfpZm6h/china.png;0
1071;El tiempo es como una flecha que vuela;Tempus est sicut sagitta quae volat;光阴似箭;Proverbio Chino;;Proverbium Sinense;Conjunto de proverbios tradicionales de la cultura china que transmiten sabiduría popular, valores morales y enseñanzas prácticas transmitidas oralmente durante siglos.;Collectio sententiarum Sinensium, magnopere in cultura tradita.;zh;Chino;Lingua Sinica;China;Sinae;Epoca Desconocida;Epocha Ignota;https://i.ibb.co/qLfpZm6h/china.png;0
1072;Siempre que haya amigos íntimos estarán tan cerca como vecinos aunque se encuentren en confines remotos;Dum amici intimi sint tam prope erunt quam vicini quamvis in finibus remotis sint;海内存知己天涯若比邻;Proverbio Chino;;Proverbium Sinense;Conjunto de proverbios tradicionales de la cultura china que transmiten sabiduría popular, valores morales y enseñanzas prácticas transmitidas oralmente durante siglos.;Collectio sententiarum Sinensium, magnopere in cultura tradita.;zh;Chino;Lingua Sinica;China;Sinae;Epoca Desconocida;Epocha Ignota;https://i.ibb.co/qLfpZm6h/china.png;0
1073;Caballo que es bueno no ha de menester mucho sonar de su timbre;Equus qui bonus est multum tinnire non debet;好马不用多加鞭;Proverbio Chino;;Proverbium Sinense;Conjunto de proverbios tradicionales de la cultura china que transmiten sabiduría popular, valores morales y enseñanzas prácticas transmitidas oralmente durante siglos.;Collectio sententiarum Sinensium, magnopere in cultura tradita.;zh;Chino;Lingua Sinica;China;Sinae;Epoca Desconocida;Epocha Ignota;https://i.ibb.co/qLfpZm6h/china.png;0
1074;El bien no se sabe fuera del hogar mientras que el mal se transmite a la lejanía;Bonum extra domum non scitur malum vero ad longinquum transmittitur;好事不出门坏事传千里;Proverbio Chino;;Proverbium Sinense;Conjunto de proverbios tradicionales de la cultura china que transmiten sabiduría popular, valores morales y enseñanzas prácticas transmitidas oralmente durante siglos.;Collectio sententiarum Sinensium, magnopere in cultura tradita.;zh;Chino;Lingua Sinica;China;Sinae;Epoca Desconocida;Epocha Ignota;https://i.ibb.co/qLfpZm6h/china.png;0
1075;Siendo tan bellas las flores de loto solo con el verdor de las hojas resalta su hermosura;Cum flores loti tam pulchri sint tantum cum viriditate foliorum pulchritudo eorum eminet;红花还需绿叶扶;Proverbio Chino;;Proverbium Sinense;Conjunto de proverbios tradicionales de la cultura china que transmiten sabiduría popular, valores morales y enseñanzas prácticas transmitidas oralmente durante siglos.;Collectio sententiarum Sinensium, magnopere in cultura tradita.;zh;Chino;Lingua Sinica;China;Sinae;Epoca Desconocida;Epocha Ignota;https://i.ibb.co/qLfpZm6h/china.png;0
1076;Convertir las lanzas y escudos en jades y telas;Hastas et scuta in iades et telas convertere;化干戈为玉帛;Proverbio Chino;;Proverbium Sinense;Conjunto de proverbios tradicionales de la cultura china que transmiten sabiduría popular, valores morales y enseñanzas prácticas transmitidas oralmente durante siglos.;Collectio sententiarum Sinensium, magnopere in cultura tradita.;zh;Chino;Lingua Sinica;China;Sinae;Epoca Desconocida;Epocha Ignota;https://i.ibb.co/qLfpZm6h/china.png;0
1077;La flor no se conserva roja cien días;Flos ruber centum dies non conservatur;花无百日红;Proverbio Chino;;Proverbium Sinense;Conjunto de proverbios tradicionales de la cultura china que transmiten sabiduría popular, valores morales y enseñanzas prácticas transmitidas oralmente durante siglos.;Collectio sententiarum Sinensium, magnopere in cultura tradita.;zh;Chino;Lingua Sinica;China;Sinae;Epoca Desconocida;Epocha Ignota;https://i.ibb.co/qLfpZm6h/china.png;0
1078;Dibujar pasteles para matar el hambre;Placentas pingere ut famem necare;画饼充饥;Proverbio Chino;;Proverbium Sinense;Conjunto de proverbios tradicionales de la cultura china que transmiten sabiduría popular, valores morales y enseñanzas prácticas transmitidas oralmente durante siglos.;Collectio sententiarum Sinensium, magnopere in cultura tradita.;zh;Chino;Lingua Sinica;China;Sinae;Epoca Desconocida;Epocha Ignota;https://i.ibb.co/qLfpZm6h/china.png;0
1079;De un tigre solo se dibuja la piel y no los huesos de una persona solo se conoce la cara y no el corazón;De tigride tantum pellis pingitur non ossa de homine tantum facies cognoscitur non cor;画虎画皮难画骨知人知面不知心;Proverbio Chino;;Proverbium Sinense;Conjunto de proverbios tradicionales de la cultura china que transmiten sabiduría popular, valores morales y enseñanzas prácticas transmitidas oralmente durante siglos.;Collectio sententiarum Sinensium, magnopere in cultura tradita.;zh;Chino;Lingua Sinica;China;Sinae;Epoca Desconocida;Epocha Ignota;https://i.ibb.co/qLfpZm6h/china.png;0
1080;Dibujar una serpiente añadiéndole patas;Serpentem pingere pedes addendo;画蛇添足;Proverbio Chino;;Proverbium Sinense;Conjunto de proverbios tradicionales de la cultura china que transmiten sabiduría popular, valores morales y enseñanzas prácticas transmitidas oralmente durante siglos.;Collectio sententiarum Sinensium, magnopere in cultura tradita.;zh;Chino;Lingua Sinica;China;Sinae;Epoca Desconocida;Epocha Ignota;https://i.ibb.co/qLfpZm6h/china.png;0
1081;Quien se acerca al bermellón enrojece quien se acerca a la tinta ennegrece;Qui cinnaberem accedit rubescit qui atrum accedit nigrescit;近朱者赤近墨者黑;Proverbio Chino;;Proverbium Sinense;Conjunto de proverbios tradicionales de la cultura china que transmiten sabiduría popular, valores morales y enseñanzas prácticas transmitidas oralmente durante siglos.;Collectio sententiarum Sinensium, magnopere in cultura tradita.;zh;Chino;Lingua Sinica;China;Sinae;Epoca Desconocida;Epocha Ignota;https://i.ibb.co/qLfpZm6h/china.png;0
1082;El azul es extraído del índigo y es más azul que él;Caeruleum ex indico extrahitur et caeruleus quam illud est;青出于蓝胜于蓝;Proverbio Chino;;Proverbium Sinense;Conjunto de proverbios tradicionales de la cultura china que transmiten sabiduría popular, valores morales y enseñanzas prácticas transmitidas oralmente durante siglos.;Collectio sententiarum Sinensium, magnopere in cultura tradita.;zh;Chino;Lingua Sinica;China;Sinae;Epoca Desconocida;Epocha Ignota;https://i.ibb.co/qLfpZm6h/china.png;0
1083;Cuando los montes están lejanos resultan bajos cuando el agua es profunda se ve clara;Cum montes remoti sunt humiles videntur cum aqua profunda est clara videtur;远山低近水清;Proverbio Chino;;Proverbium Sinense;Conjunto de proverbios tradicionales de la cultura china que transmiten sabiduría popular, valores morales y enseñanzas prácticas transmitidas oralmente durante siglos.;Collectio sententiarum Sinensium, magnopere in cultura tradita.;zh;Chino;Lingua Sinica;China;Sinae;Epoca Desconocida;Epocha Ignota;https://i.ibb.co/qLfpZm6h/china.png;0
1084;Caminar con pasos de paloma;Ambulare passibus columbae;鸽行;Proverbio Chino;;Proverbium Sinense;Conjunto de proverbios tradicionales de la cultura china que transmiten sabiduría popular, valores morales y enseñanzas prácticas transmitidas oralmente durante siglos.;Collectio sententiarum Sinensium, magnopere in cultura tradita.;zh;Chino;Lingua Sinica;China;Sinae;Epoca Desconocida;Epocha Ignota;https://i.ibb.co/qLfpZm6h/china.png;0
1085;El camino es conocido por la fuerza del caballo y el tiempo revela el corazón del hombre;Via vi equi cognoscitur et tempus cor hominis revelat;路遥知马力日久见人心;Proverbio Chino;;Proverbium Sinense;Conjunto de proverbios tradicionales de la cultura china que transmiten sabiduría popular, valores morales y enseñanzas prácticas transmitidas oralmente durante siglos.;Collectio sententiarum Sinensium, magnopere in cultura tradita.;zh;Chino;Lingua Sinica;China;Sinae;Epoca Desconocida;Epocha Ignota;https://i.ibb.co/qLfpZm6h/china.png;0
1086;El que tiene dos amos pasa hambre el que tiene dos casas pierde todo;Qui duos dominos habet famem patitur qui duas domos habet omnia perdit;一仆二主饿肚皮一人二房空房子;Proverbio Chino;;Proverbium Sinense;Conjunto de proverbios tradicionales de la cultura china que transmiten sabiduría popular, valores morales y enseñanzas prácticas transmitidas oralmente durante siglos.;Collectio sententiarum Sinensium, magnopere in cultura tradita.;zh;Chino;Lingua Sinica;China;Sinae;Epoca Desconocida;Epocha Ignota;https://i.ibb.co/qLfpZm6h/china.png;0
1087;Buscando al médico de urgencia sin reparar si es bueno o malo;Medicum urgenter quaerens non curans utrum bonus an malus sit;急不择医;Proverbio Chino;;Proverbium Sinense;Conjunto de proverbios tradicionales de la cultura china que transmiten sabiduría popular, valores morales y enseñanzas prácticas transmitidas oralmente durante siglos.;Collectio sententiarum Sinensium, magnopere in cultura tradita.;zh;Chino;Lingua Sinica;China;Sinae;Epoca Desconocida;Epocha Ignota;https://i.ibb.co/qLfpZm6h/china.png;0
1088;Lucha cada una de las jóvenes familias en las fiestas de primavera por colgar sus columpios;Unaquaeque familia iuvenum in festis vernis contendit ut columnia sua suspendant;千门万户曈曈日总把新桃换旧符;Proverbio Chino;;Proverbium Sinense;Conjunto de proverbios tradicionales de la cultura china que transmiten sabiduría popular, valores morales y enseñanzas prácticas transmitidas oralmente durante siglos.;Collectio sententiarum Sinensium, magnopere in cultura tradita.;zh;Chino;Lingua Sinica;China;Sinae;Epoca Desconocida;Epocha Ignota;https://i.ibb.co/qLfpZm6h/china.png;0
1089;No hay banquete bueno que tenga fin;Non est convivium bonum quod finem habeat;天下无不散之筵席;Proverbio Chino;;Proverbium Sinense;Conjunto de proverbios tradicionales de la cultura china que transmiten sabiduría popular, valores morales y enseñanzas prácticas transmitidas oralmente durante siglos.;Collectio sententiarum Sinensium, magnopere in cultura tradita.;zh;Chino;Lingua Sinica;China;Sinae;Epoca Desconocida;Epocha Ignota;https://i.ibb.co/qLfpZm6h/china.png;0
1090;Un árbol no puede convertirse en bosque;Arbor una silvam fieri non potest;独木不成林;Proverbio Chino;;Proverbium Sinense;Conjunto de proverbios tradicionales de la cultura china que transmiten sabiduría popular, valores morales y enseñanzas prácticas transmitidas oralmente durante siglos.;Collectio sententiarum Sinensium, magnopere in cultura tradita.;zh;Chino;Lingua Sinica;China;Sinae;Epoca Desconocida;Epocha Ignota;https://i.ibb.co/qLfpZm6h/china.png;0
1091;Las manos se calientan con el roce constante;Manus frictu constanti calefactae sunt;手摩擦生热;Proverbio Chino;;Proverbium Sinense;Conjunto de proverbios tradicionales de la cultura china que transmiten sabiduría popular, valores morales y enseñanzas prácticas transmitidas oralmente durante siglos.;Collectio sententiarum Sinensium, magnopere in cultura tradita.;zh;Chino;Lingua Sinica;China;Sinae;Epoca Desconocida;Epocha Ignota;https://i.ibb.co/qLfpZm6h/china.png;0
1092;Cuando pones el pie en el bote ya estás en la mitad del río;Cum pedem in scapham ponis iam in medio fluminis es;上船容易下船难;Proverbio Chino;;Proverbium Sinense;Conjunto de proverbios tradicionales de la cultura china que transmiten sabiduría popular, valores morales y enseñanzas prácticas transmitidas oralmente durante siglos.;Collectio sententiarum Sinensium, magnopere in cultura tradita.;zh;Chino;Lingua Sinica;China;Sinae;Epoca Desconocida;Epocha Ignota;https://i.ibb.co/qLfpZm6h/china.png;0
1093;El maestro abre la puerta pero cada uno debe entrar por sí mismo;Magister portam aperit sed unusquisque per se intrare debet;师傅领进门修行在个人;Proverbio Chino;;Proverbium Sinense;Conjunto de proverbios tradicionales de la cultura china que transmiten sabiduría popular, valores morales y enseñanzas prácticas transmitidas oralmente durante siglos.;Collectio sententiarum Sinensium, magnopere in cultura tradita.;zh;Chino;Lingua Sinica;China;Sinae;Epoca Desconocida;Epocha Ignota;https://i.ibb.co/qLfpZm6h/china.png;0
1094;Ni el cangrejo de río puede escalar cielo ni el dragón puede llegar al fondo del mar;Nec cancer fluvialis caelum scandere nec draco fundum maris attingere potest;龙游浅滩遭虾戏;Proverbio Chino;;Proverbium Sinense;Conjunto de proverbios tradicionales de la cultura china que transmiten sabiduría popular, valores morales y enseñanzas prácticas transmitidas oralmente durante siglos.;Collectio sententiarum Sinensium, magnopere in cultura tradita.;zh;Chino;Lingua Sinica;China;Sinae;Epoca Desconocida;Epocha Ignota;https://i.ibb.co/qLfpZm6h/china.png;0
1095;Esperar al conejo bajo el árbol;Sub arbore cuniculum exspectare;守株待兔;Proverbio Chino;;Proverbium Sinense;Conjunto de proverbios tradicionales de la cultura china que transmiten sabiduría popular, valores morales y enseñanzas prácticas transmitidas oralmente durante siglos.;Collectio sententiarum Sinensium, magnopere in cultura tradita.;zh;Chino;Lingua Sinica;China;Sinae;Epoca Desconocida;Epocha Ignota;https://i.ibb.co/qLfpZm6h/china.png;0
1096;Preferir ser cabeza de gallo a cola de fénix;Malle caput galli esse quam caudam phoenicis;宁为鸡头不为凤尾;Proverbio Chino;;Proverbium Sinense;Conjunto de proverbios tradicionales de la cultura china que transmiten sabiduría popular, valores morales y enseñanzas prácticas transmitidas oralmente durante siglos.;Collectio sententiarum Sinensium, magnopere in cultura tradita.;zh;Chino;Lingua Sinica;China;Sinae;Epoca Desconocida;Epocha Ignota;https://i.ibb.co/qLfpZm6h/china.png;0
1097;El que anda con lobos a aullar aprende;Qui cum lupis ambulat ululare discit;与狼共舞学嚎叫;Proverbio Chino;;Proverbium Sinense;Conjunto de proverbios tradicionales de la cultura china que transmiten sabiduría popular, valores morales y enseñanzas prácticas transmitidas oralmente durante siglos.;Collectio sententiarum Sinensium, magnopere in cultura tradita.;zh;Chino;Lingua Sinica;China;Sinae;Epoca Desconocida;Epocha Ignota;https://i.ibb.co/qLfpZm6h/china.png;0
1098;Medir con su propio corazón el corazón de los otros;Suo corde cor aliorum metiri;以小人之心度君子之腹;Proverbio Chino;;Proverbium Sinense;Conjunto de proverbios tradicionales de la cultura china que transmiten sabiduría popular, valores morales y enseñanzas prácticas transmitidas oralmente durante siglos.;Collectio sententiarum Sinensium, magnopere in cultura tradita.;zh;Chino;Lingua Sinica;China;Sinae;Epoca Desconocida;Epocha Ignota;https://i.ibb.co/qLfpZm6h/china.png;0
1099;Si quieres conocer a una persona observa a sus amigos;Si vis hominem cognoscere amicos eius observa;欲知其人先观其友;Proverbio Chino;;Proverbium Sinense;Conjunto de proverbios tradicionales de la cultura china que transmiten sabiduría popular, valores morales y enseñanzas prácticas transmitidas oralmente durante siglos.;Collectio sententiarum Sinensium, magnopere in cultura tradita.;zh;Chino;Lingua Sinica;China;Sinae;Epoca Desconocida;Epocha Ignota;https://i.ibb.co/qLfpZm6h/china.png;0
1100;Una gota de agua en tiempo de necesidad vale más que un tonel en tiempo de abundancia;Una gutta aquae tempore necessitatis plus valet quam dolium tempore abundantiae;滴水之恩当涌泉相报;Proverbio Chino;;Proverbium Sinense;Conjunto de proverbios tradicionales de la cultura china que transmiten sabiduría popular, valores morales y enseñanzas prácticas transmitidas oralmente durante siglos.;Collectio sententiarum Sinensium, magnopere in cultura tradita.;zh;Chino;Lingua Sinica;China;Sinae;Epoca Desconocida;Epocha Ignota;https://i.ibb.co/qLfpZm6h/china.png;0
1101;La barca por sí sola va derecha hacia el arco al llegar al puente;Scapha per se recta ad arcum vadit cum ad pontem pervenerit;船到桥头自然直;Proverbio Chino;;Proverbium Sinense;Conjunto de proverbios tradicionales de la cultura china que transmiten sabiduría popular, valores morales y enseñanzas prácticas transmitidas oralmente durante siglos.;Collectio sententiarum Sinensium, magnopere in cultura tradita.;zh;Chino;Lingua Sinica;China;Sinae;Epoca Desconocida;Epocha Ignota;https://i.ibb.co/qLfpZm6h/china.png;0
1102;Mantener en vista el conjunto y tomar los trabajos diarios en las manos;Coniunctum in visu tenere et labores diurnos in manibus capere;胸怀全局抓住日常工作;Proverbio Chino;;Proverbium Sinense;Conjunto de proverbios tradicionales de la cultura china que transmiten sabiduría popular, valores morales y enseñanzas prácticas transmitidas oralmente durante siglos.;Collectio sententiarum Sinensium, magnopere in cultura tradita.;zh;Chino;Lingua Sinica;China;Sinae;Epoca Desconocida;Epocha Ignota;https://i.ibb.co/qLfpZm6h/china.png;0
1103;Una persona de gran sabiduría suele parecer torpe;Homo magnae sapientiae saepe stupidus videtur;大智若愚;Proverbio Chino;;Proverbium Sinense;Conjunto de proverbios tradicionales de la cultura china que transmiten sabiduría popular, valores morales y enseñanzas prácticas transmitidas oralmente durante siglos.;Collectio sententiarum Sinensium, magnopere in cultura tradita.;zh;Chino;Lingua Sinica;China;Sinae;Epoca Desconocida;Epocha Ignota;https://i.ibb.co/qLfpZm6h/china.png;0
1104;Quien ha leído hasta diez mil volúmenes escribirá con espontánea inspiración;Qui decem milia volumina legit spontanea inspiratione scribet;读书破万卷下笔如有神;Proverbio Chino;;Proverbium Sinense;Conjunto de proverbios tradicionales de la cultura china que transmiten sabiduría popular, valores morales y enseñanzas prácticas transmitidas oralmente durante siglos.;Collectio sententiarum Sinensium, magnopere in cultura tradita.;zh;Chino;Lingua Sinica;China;Sinae;Epoca Desconocida;Epocha Ignota;https://i.ibb.co/qLfpZm6h/china.png;0
1105;La mariposa nocturna se precipita al fuego;Papilio nocturnus in ignem se praecipitat;飞蛾扑火;Proverbio Chino;;Proverbium Sinense;Conjunto de proverbios tradicionales de la cultura china que transmiten sabiduría popular, valores morales y enseñanzas prácticas transmitidas oralmente durante siglos.;Collectio sententiarum Sinensium, magnopere in cultura tradita.;zh;Chino;Lingua Sinica;China;Sinae;Epoca Desconocida;Epocha Ignota;https://i.ibb.co/qLfpZm6h/china.png;0
1106;Quitar la leña debajo de la caldera;Ligna sub caldario removere;釜底抽薪;Proverbio Chino;;Proverbium Sinense;Conjunto de proverbios tradicionales de la cultura china que transmiten sabiduría popular, valores morales y enseñanzas prácticas transmitidas oralmente durante siglos.;Collectio sententiarum Sinensium, magnopere in cultura tradita.;zh;Chino;Lingua Sinica;China;Sinae;Epoca Desconocida;Epocha Ignota;https://i.ibb.co/qLfpZm6h/china.png;0
1107;El agua derramada es difícil recogerla;Aqua effusa difficilis colligere;覆水难收;Proverbio Chino;;Proverbium Sinense;Conjunto de proverbios tradicionales de la cultura china que transmiten sabiduría popular, valores morales y enseñanzas prácticas transmitidas oralmente durante siglos.;Collectio sententiarum Sinensium, magnopere in cultura tradita.;zh;Chino;Lingua Sinica;China;Sinae;Epoca Desconocida;Epocha Ignota;https://i.ibb.co/qLfpZm6h/china.png;0
1108;Acarrear leña para apagar un incendio;Ligna portare ut incendium extinguere;抱薪救火;Proverbio Chino;;Proverbium Sinense;Conjunto de proverbios tradicionales de la cultura china que transmiten sabiduría popular, valores morales y enseñanzas prácticas transmitidas oralmente durante siglos.;Collectio sententiarum Sinensium, magnopere in cultura tradita.;zh;Chino;Lingua Sinica;China;Sinae;Epoca Desconocida;Epocha Ignota;https://i.ibb.co/qLfpZm6h/china.png;0
1109;Cada uno limpia la nieve delante de su casa sin preocuparse de la escarcha en el tejado ajeno;Unusquisque nivem ante domum suam purgat de pruina in tecto alieno non sollicitus;各人自扫门前雪莫管他人瓦上霜;Proverbio Chino;;Proverbium Sinense;Conjunto de proverbios tradicionales de la cultura china que transmiten sabiduría popular, valores morales y enseñanzas prácticas transmitidas oralmente durante siglos.;Collectio sententiarum Sinensium, magnopere in cultura tradita.;zh;Chino;Lingua Sinica;China;Sinae;Epoca Desconocida;Epocha Ignota;https://i.ibb.co/qLfpZm6h/china.png;0
1110;Muchos pocos hacen un mucho muchos granos de arena forman una pagoda;Multa parva faciunt multum multi grani arenae pagodam formant;积少成多集腋成裘;Proverbio Chino;;Proverbium Sinense;Conjunto de proverbios tradicionales de la cultura china que transmiten sabiduría popular, valores morales y enseñanzas prácticas transmitidas oralmente durante siglos.;Collectio sententiarum Sinensium, magnopere in cultura tradita.;zh;Chino;Lingua Sinica;China;Sinae;Epoca Desconocida;Epocha Ignota;https://i.ibb.co/qLfpZm6h/china.png;0
1111;Obsequiar a Buda con flores regaladas;Buddha floribus donatis munerare;借花献佛;Proverbio Chino;;Proverbium Sinense;Conjunto de proverbios tradicionales de la cultura china que transmiten sabiduría popular, valores morales y enseñanzas prácticas transmitidas oralmente durante siglos.;Collectio sententiarum Sinensium, magnopere in cultura tradita.;zh;Chino;Lingua Sinica;China;Sinae;Epoca Desconocida;Epocha Ignota;https://i.ibb.co/qLfpZm6h/china.png;0
1112;El agua del pozo no fluye en el agua del río;Aqua putei in aquam fluminis non fluit;井水不犯河水;Proverbio Chino;;Proverbium Sinense;Conjunto de proverbios tradicionales de la cultura china que transmiten sabiduría popular, valores morales y enseñanzas prácticas transmitidas oralmente durante siglos.;Collectio sententiarum Sinensium, magnopere in cultura tradita.;zh;Chino;Lingua Sinica;China;Sinae;Epoca Desconocida;Epocha Ignota;https://i.ibb.co/qLfpZm6h/china.png;0
1113;Rana en el fondo del pozo;Rana in fundo putei;井底之蛙;Proverbio Chino;;Proverbium Sinense;Conjunto de proverbios tradicionales de la cultura china que transmiten sabiduría popular, valores morales y enseñanzas prácticas transmitidas oralmente durante siglos.;Collectio sententiarum Sinensium, magnopere in cultura tradita.;zh;Chino;Lingua Sinica;China;Sinae;Epoca Desconocida;Epocha Ignota;https://i.ibb.co/qLfpZm6h/china.png;0
1114;Si el vino es fragante no importa que se venda al fondo de un largo callejón;Si vinum fragrans est non refert quod in fundo longi vici vendatur;酒香不怕巷子深;Proverbio Chino;;Proverbium Sinense;Conjunto de proverbios tradicionales de la cultura china que transmiten sabiduría popular, valores morales y enseñanzas prácticas transmitidas oralmente durante siglos.;Collectio sententiarum Sinensium, magnopere in cultura tradita.;zh;Chino;Lingua Sinica;China;Sinae;Epoca Desconocida;Epocha Ignota;https://i.ibb.co/qLfpZm6h/china.png;0
1115;Gota a gota se forma el río;Gutta ad guttam flumen formatur;滴水成河;Proverbio Chino;;Proverbium Sinense;Conjunto de proverbios tradicionales de la cultura china que transmiten sabiduría popular, valores morales y enseñanzas prácticas transmitidas oralmente durante siglos.;Collectio sententiarum Sinensium, magnopere in cultura tradita.;zh;Chino;Lingua Sinica;China;Sinae;Epoca Desconocida;Epocha Ignota;https://i.ibb.co/qLfpZm6h/china.png;0
1116;Un buen caballo viejo encerrado en el establo aún aspira a galopar mil li;Equus bonus senex in stabulo clausus adhuc mille li currere aspirat;老骥伏枥志在千里;Proverbio Chino;;Proverbium Sinense;Conjunto de proverbios tradicionales de la cultura china que transmiten sabiduría popular, valores morales y enseñanzas prácticas transmitidas oralmente durante siglos.;Collectio sententiarum Sinensium, magnopere in cultura tradita.;zh;Chino;Lingua Sinica;China;Sinae;Epoca Desconocida;Epocha Ignota;https://i.ibb.co/qLfpZm6h/china.png;0
1117;Hay momentos en que hasta el tigre dormita;Sunt momenta cum etiam tigris dormitet;虎也有打盹儿的时候;Proverbio Chino;;Proverbium Sinense;Conjunto de proverbios tradicionales de la cultura china que transmiten sabiduría popular, valores morales y enseñanzas prácticas transmitidas oralmente durante siglos.;Collectio sententiarum Sinensium, magnopere in cultura tradita.;zh;Chino;Lingua Sinica;China;Sinae;Epoca Desconocida;Epocha Ignota;https://i.ibb.co/qLfpZm6h/china.png;0
1118;El caballo viejo conoce bien el camino;Equus vetus viam bene novit;老马识途;Proverbio Chino;;Proverbium Sinense;Conjunto de proverbios tradicionales de la cultura china que transmiten sabiduría popular, valores morales y enseñanzas prácticas transmitidas oralmente durante siglos.;Collectio sententiarum Sinensium, magnopere in cultura tradita.;zh;Chino;Lingua Sinica;China;Sinae;Epoca Desconocida;Epocha Ignota;https://i.ibb.co/qLfpZm6h/china.png;0
1119;Así como un medicamento amargo cura la enfermedad las palabras sinceras que hieren los oídos benefician el comportamiento;Sicut medicamentum amarum morbum sanat verba sincera quae aures laedunt mores iuvant;良药苦口利于病忠言逆耳利于行;Proverbio Chino;;Proverbium Sinense;Conjunto de proverbios tradicionales de la cultura china que transmiten sabiduría popular, valores morales y enseñanzas prácticas transmitidas oralmente durante siglos.;Collectio sententiarum Sinensium, magnopere in cultura tradita.;zh;Chino;Lingua Sinica;China;Sinae;Epoca Desconocida;Epocha Ignota;https://i.ibb.co/qLfpZm6h/china.png;0
1120;Mientras haya montes verdes no hay por qué preocuparse por la leña;Dum montes virides sint de lignis non sollicitandum;留得青山在不愁没柴烧;Proverbio Chino;;Proverbium Sinense;Conjunto de proverbios tradicionales de la cultura china que transmiten sabiduría popular, valores morales y enseñanzas prácticas transmitidas oralmente durante siglos.;Collectio sententiarum Sinensium, magnopere in cultura tradita.;zh;Chino;Lingua Sinica;China;Sinae;Epoca Desconocida;Epocha Ignota;https://i.ibb.co/qLfpZm6h/china.png;0
1121;El dragón da a luz al dragón el fénix al fénix;Draco draconem gignit phoenix phoenicem;龙生龙凤生凤;Proverbio Chino;;Proverbium Sinense;Conjunto de proverbios tradicionales de la cultura china que transmiten sabiduría popular, valores morales y enseñanzas prácticas transmitidas oralmente durante siglos.;Collectio sententiarum Sinensium, magnopere in cultura tradita.;zh;Chino;Lingua Sinica;China;Sinae;Epoca Desconocida;Epocha Ignota;https://i.ibb.co/qLfpZm6h/china.png;0
1122;El camino se hace al andar;Via faciendo fit;路是走出来的;Proverbio Chino;;Proverbium Sinense;Conjunto de proverbios tradicionales de la cultura china que transmiten sabiduría popular, valores morales y enseñanzas prácticas transmitidas oralmente durante siglos.;Collectio sententiarum Sinensium, magnopere in cultura tradita.;zh;Chino;Lingua Sinica;China;Sinae;Epoca Desconocida;Epocha Ignota;https://i.ibb.co/qLfpZm6h/china.png;0
1123;No hay cosa que no tenga su revés;Non est res quae aversam partem non habeat;没有不倒翁;Proverbio Chino;;Proverbium Sinense;Conjunto de proverbios tradicionales de la cultura china que transmiten sabiduría popular, valores morales y enseñanzas prácticas transmitidas oralmente durante siglos.;Collectio sententiarum Sinensium, magnopere in cultura tradita.;zh;Chino;Lingua Sinica;China;Sinae;Epoca Desconocida;Epocha Ignota;https://i.ibb.co/qLfpZm6h/china.png;0
1124;Si no hay nube cómo puede llover;Si nubes non sunt quomodo pluere potest;无云不雨;Proverbio Chino;;Proverbium Sinense;Conjunto de proverbios tradicionales de la cultura china que transmiten sabiduría popular, valores morales y enseñanzas prácticas transmitidas oralmente durante siglos.;Collectio sententiarum Sinensium, magnopere in cultura tradita.;zh;Chino;Lingua Sinica;China;Sinae;Epoca Desconocida;Epocha Ignota;https://i.ibb.co/qLfpZm6h/china.png;0
1125;Vendedor de melones alaba sus melones;Venditor melonum melones suos laudat;卖瓜的说瓜甜;Proverbio Chino;;Proverbium Sinense;Conjunto de proverbios tradicionales de la cultura china que transmiten sabiduría popular, valores morales y enseñanzas prácticas transmitidas oralmente durante siglos.;Collectio sententiarum Sinensium, magnopere in cultura tradita.;zh;Chino;Lingua Sinica;China;Sinae;Epoca Desconocida;Epocha Ignota;https://i.ibb.co/qLfpZm6h/china.png;0
1126;Cada uno suda para su pan;Unusquisque pro pane suo sudat;各人顾各人;Proverbio Chino;;Proverbium Sinense;Conjunto de proverbios tradicionales de la cultura china que transmiten sabiduría popular, valores morales y enseñanzas prácticas transmitidas oralmente durante siglos.;Collectio sententiarum Sinensium, magnopere in cultura tradita.;zh;Chino;Lingua Sinica;China;Sinae;Epoca Desconocida;Epocha Ignota;https://i.ibb.co/qLfpZm6h/china.png;0
1127;El secreto entre dos ya no es secreto;Secretum inter duos iam secretum non est;两个人的秘密不是秘密;Proverbio Chino;;Proverbium Sinense;Conjunto de proverbios tradicionales de la cultura china que transmiten sabiduría popular, valores morales y enseñanzas prácticas transmitidas oralmente durante siglos.;Collectio sententiarum Sinensium, magnopere in cultura tradita.;zh;Chino;Lingua Sinica;China;Sinae;Epoca Desconocida;Epocha Ignota;https://i.ibb.co/qLfpZm6h/china.png;0
1128;Más vale llegar tarde que no llegar;Melius tarde pervenire quam non pervenire;迟到总比不到好;Proverbio Chino;;Proverbium Sinense;Conjunto de proverbios tradicionales de la cultura china que transmiten sabiduría popular, valores morales y enseñanzas prácticas transmitidas oralmente durante siglos.;Collectio sententiarum Sinensium, magnopere in cultura tradita.;zh;Chino;Lingua Sinica;China;Sinae;Epoca Desconocida;Epocha Ignota;https://i.ibb.co/qLfpZm6h/china.png;0
1129;Una hormiga puede hacer caer un muro;Formica murum cadere facere potest;蚁穴虽小可溃堤;Proverbio Chino;;Proverbium Sinense;Conjunto de proverbios tradicionales de la cultura china que transmiten sabiduría popular, valores morales y enseñanzas prácticas transmitidas oralmente durante siglos.;Collectio sententiarum Sinensium, magnopere in cultura tradita.;zh;Chino;Lingua Sinica;China;Sinae;Epoca Desconocida;Epocha Ignota;https://i.ibb.co/qLfpZm6h/china.png;0
1130;Cavar un pozo cuando se tiene sed;Puteum fodere cum sitis est;临渴掘井;Proverbio Chino;;Proverbium Sinense;Conjunto de proverbios tradicionales de la cultura china que transmiten sabiduría popular, valores morales y enseñanzas prácticas transmitidas oralmente durante siglos.;Collectio sententiarum Sinensium, magnopere in cultura tradita.;zh;Chino;Lingua Sinica;China;Sinae;Epoca Desconocida;Epocha Ignota;https://i.ibb.co/qLfpZm6h/china.png;0
1131;Buscar un caballo teniendo uno bajo las piernas;Equum quaerere equo sub cruribus habito;骑驴找驴;Proverbio Chino;;Proverbium Sinense;Conjunto de proverbios tradicionales de la cultura china que transmiten sabiduría popular, valores morales y enseñanzas prácticas transmitidas oralmente durante siglos.;Collectio sententiarum Sinensium, magnopere in cultura tradita.;zh;Chino;Lingua Sinica;China;Sinae;Epoca Desconocida;Epocha Ignota;https://i.ibb.co/qLfpZm6h/china.png;0
1132;Aprender de los errores;Ex erroribus discere;从错误中学习;Proverbio Chino;;Proverbium Sinense;Conjunto de proverbios tradicionales de la cultura china que transmiten sabiduría popular, valores morales y enseñanzas prácticas transmitidas oralmente durante siglos.;Collectio sententiarum Sinensium, magnopere in cultura tradita.;zh;Chino;Lingua Sinica;China;Sinae;Epoca Desconocida;Epocha Ignota;https://i.ibb.co/qLfpZm6h/china.png;0
1133;El tiempo todo lo cura;Tempus omnia sanat;时间治愈一切;Proverbio Chino;;Proverbium Sinense;Conjunto de proverbios tradicionales de la cultura china que transmiten sabiduría popular, valores morales y enseñanzas prácticas transmitidas oralmente durante siglos.;Collectio sententiarum Sinensium, magnopere in cultura tradita.;zh;Chino;Lingua Sinica;China;Sinae;Epoca Desconocida;Epocha Ignota;https://i.ibb.co/qLfpZm6h/china.png;0
1134;Hablar es fácil hacer es difícil;Loqui facile est facere difficile;说易行难;Proverbio Chino;;Proverbium Sinense;Conjunto de proverbios tradicionales de la cultura china que transmiten sabiduría popular, valores morales y enseñanzas prácticas transmitidas oralmente durante siglos.;Collectio sententiarum Sinensium, magnopere in cultura tradita.;zh;Chino;Lingua Sinica;China;Sinae;Epoca Desconocida;Epocha Ignota;https://i.ibb.co/qLfpZm6h/china.png;0
1135;El que mucho habla mucho yerra;Qui multum loquitur multum errat;言多必失;Proverbio Chino;;Proverbium Sinense;Conjunto de proverbios tradicionales de la cultura china que transmiten sabiduría popular, valores morales y enseñanzas prácticas transmitidas oralmente durante siglos.;Collectio sententiarum Sinensium, magnopere in cultura tradita.;zh;Chino;Lingua Sinica;China;Sinae;Epoca Desconocida;Epocha Ignota;https://i.ibb.co/qLfpZm6h/china.png;0
1136;La práctica hace al maestro;Usus magister est;熟能生巧;Proverbio Chino;;Proverbium Sinense;Conjunto de proverbios tradicionales de la cultura china que transmiten sabiduría popular, valores morales y enseñanzas prácticas transmitidas oralmente durante siglos.;Collectio sententiarum Sinensium, magnopere in cultura tradita.;zh;Chino;Lingua Sinica;China;Sinae;Epoca Desconocida;Epocha Ignota;https://i.ibb.co/qLfpZm6h/china.png;0
1137;No juzgues un libro por su cubierta;Librum ex tegumento ne iudices;不可以貌取人;Proverbio Chino;;Proverbium Sinense;Conjunto de proverbios tradicionales de la cultura china que transmiten sabiduría popular, valores morales y enseñanzas prácticas transmitidas oralmente durante siglos.;Collectio sententiarum Sinensium, magnopere in cultura tradita.;zh;Chino;Lingua Sinica;China;Sinae;Epoca Desconocida;Epocha Ignota;https://i.ibb.co/qLfpZm6h/china.png;0
1138;La paciencia es amarga pero su fruto es dulce;Patientia amara est sed fructus eius dulcis;忍耐是苦的但果实是甜的;Proverbio Chino;;Proverbium Sinense;Conjunto de proverbios tradicionales de la cultura china que transmiten sabiduría popular, valores morales y enseñanzas prácticas transmitidas oralmente durante siglos.;Collectio sententiarum Sinensium, magnopere in cultura tradita.;zh;Chino;Lingua Sinica;China;Sinae;Epoca Desconocida;Epocha Ignota;https://i.ibb.co/qLfpZm6h/china.png;0
1139;El que no arriesga no gana;Qui non audit non lucrat;不入虎穴焉得虎子;Proverbio Chino;;Proverbium Sinense;Conjunto de proverbios tradicionales de la cultura china que transmiten sabiduría popular, valores morales y enseñanzas prácticas transmitidas oralmente durante siglos.;Collectio sententiarum Sinensium, magnopere in cultura tradita.;zh;Chino;Lingua Sinica;China;Sinae;Epoca Desconocida;Epocha Ignota;https://i.ibb.co/qLfpZm6h/china.png;0
1140;Donde hay voluntad hay un camino;Ubi voluntas ibi via;有志者事竟成;Proverbio Chino;;Proverbium Sinense;Conjunto de proverbios tradicionales de la cultura china que transmiten sabiduría popular, valores morales y enseñanzas prácticas transmitidas oralmente durante siglos.;Collectio sententiarum Sinensium, magnopere in cultura tradita.;zh;Chino;Lingua Sinica;China;Sinae;Epoca Desconocida;Epocha Ignota;https://i.ibb.co/qLfpZm6h/china.png;0
1141;Queda sin compañeros el hombre exigente hasta en los últimos detalles;Homo minutiis nimis deditus sine sociis remanet;求全责备孤家寡人;Proverbio Chino;;Proverbium Sinense;Conjunto de proverbios tradicionales de la cultura china que transmiten sabiduría popular, valores morales y enseñanzas prácticas transmitidas oralmente durante siglos.;Collectio sententiarum Sinensium, magnopere in cultura tradita.;zh;Chino;Lingua Sinica;China;Sinae;Epoca Desconocida;Epocha Ignota;https://i.ibb.co/qLfpZm6h/china.png;0
1142;El hombre siempre pugna por ir arriba y el agua abajo;Homo semper sursum tendit aqua deorsum;人往高处走水往低处流;Proverbio Chino;;Proverbium Sinense;Conjunto de proverbios tradicionales de la cultura china que transmiten sabiduría popular, valores morales y enseñanzas prácticas transmitidas oralmente durante siglos.;Collectio sententiarum Sinensium, magnopere in cultura tradita.;zh;Chino;Lingua Sinica;China;Sinae;Epoca Desconocida;Epocha Ignota;https://i.ibb.co/qLfpZm6h/china.png;0
1143;El benévolo ve benevolencia el sabio ve sabiduría;Benevolus benignitatem videt sapiens sapientiam;仁者见仁智者见智;Proverbio Chino;;Proverbium Sinense;Conjunto de proverbios tradicionales de la cultura china que transmiten sabiduría popular, valores morales y enseñanzas prácticas transmitidas oralmente durante siglos.;Collectio sententiarum Sinensium, magnopere in cultura tradita.;zh;Chino;Lingua Sinica;China;Sinae;Epoca Desconocida;Epocha Ignota;https://i.ibb.co/qLfpZm6h/china.png;0
1144;La nieve presagia una buena cosecha;Nix bonum proventum praesagit;瑞雪兆丰年;Proverbio Chino;;Proverbium Sinense;Conjunto de proverbios tradicionales de la cultura china que transmiten sabiduría popular, valores morales y enseñanzas prácticas transmitidas oralmente durante siglos.;Collectio sententiarum Sinensium, magnopere in cultura tradita.;zh;Chino;Lingua Sinica;China;Sinae;Epoca Desconocida;Epocha Ignota;https://i.ibb.co/qLfpZm6h/china.png;0
1145;Si no quieres que lo sepan los demás no lo hagas;Si nolis alios scire ne facias;若要人不知除非己莫为;Proverbio Chino;;Proverbium Sinense;Conjunto de proverbios tradicionales de la cultura china que transmiten sabiduría popular, valores morales y enseñanzas prácticas transmitidas oralmente durante siglos.;Collectio sententiarum Sinensium, magnopere in cultura tradita.;zh;Chino;Lingua Sinica;China;Sinae;Epoca Desconocida;Epocha Ignota;https://i.ibb.co/qLfpZm6h/china.png;0
1146;El que el viejo de la frontera haya perdido su caballo acaso no puede ser causa de buena suerte;Senex ad fines equum amisit nonne causa fortunae bonae esse potest;塞翁失马焉知非福;Proverbio Chino;;Proverbium Sinense;Conjunto de proverbios tradicionales de la cultura china que transmiten sabiduría popular, valores morales y enseñanzas prácticas transmitidas oralmente durante siglos.;Collectio sententiarum Sinensium, magnopere in cultura tradita.;zh;Chino;Lingua Sinica;China;Sinae;Epoca Desconocida;Epocha Ignota;https://i.ibb.co/qLfpZm6h/china.png;0
1147;Reflexionar tres veces antes de obrar;Ter cogitare antequam agere;三思而后行;Proverbio Chino;;Proverbium Sinense;Conjunto de proverbios tradicionales de la cultura china que transmiten sabiduría popular, valores morales y enseñanzas prácticas transmitidas oralmente durante siglos.;Collectio sententiarum Sinensium, magnopere in cultura tradita.;zh;Chino;Lingua Sinica;China;Sinae;Epoca Desconocida;Epocha Ignota;https://i.ibb.co/qLfpZm6h/china.png;0
1148;El arroz ya está cocido;Oryza iam cocta est;生米煮成熟饭;Proverbio Chino;;Proverbium Sinense;Conjunto de proverbios tradicionales de la cultura china que transmiten sabiduría popular, valores morales y enseñanzas prácticas transmitidas oralmente durante siglos.;Collectio sententiarum Sinensium, magnopere in cultura tradita.;zh;Chino;Lingua Sinica;China;Sinae;Epoca Desconocida;Epocha Ignota;https://i.ibb.co/qLfpZm6h/china.png;0
1149;No tener ni una teja encima de la cabeza ni una pulgada de tierra bajo los pies;Nec teguam super caput nec unciam terrae sub pedibus habere;上无片瓦下无立锥之地;Proverbio Chino;;Proverbium Sinense;Conjunto de proverbios tradicionales de la cultura china que transmiten sabiduría popular, valores morales y enseñanzas prácticas transmitidas oralmente durante siglos.;Collectio sententiarum Sinensium, magnopere in cultura tradita.;zh;Chino;Lingua Sinica;China;Sinae;Epoca Desconocida;Epocha Ignota;https://i.ibb.co/qLfpZm6h/china.png;0
1150;Victoria y derrota son moneda corriente en la guerra;Victoria et clades res communes belli sunt;胜败乃兵家常事;Proverbio Chino;;Proverbium Sinense;Conjunto de proverbios tradicionales de la cultura china que transmiten sabiduría popular, valores morales y enseñanzas prácticas transmitidas oralmente durante siglos.;Collectio sententiarum Sinensium, magnopere in cultura tradita.;zh;Chino;Lingua Sinica;China;Sinae;Epoca Desconocida;Epocha Ignota;https://i.ibb.co/qLfpZm6h/china.png;0
1151;Difícilmente estar a la altura de la fama de que uno goza;Difficile est famae suae dignum esse;盛名之下其实难副;Proverbio Chino;;Proverbium Sinense;Conjunto de proverbios tradicionales de la cultura china que transmiten sabiduría popular, valores morales y enseñanzas prácticas transmitidas oralmente durante siglos.;Collectio sententiarum Sinensium, magnopere in cultura tradita.;zh;Chino;Lingua Sinica;China;Sinae;Epoca Desconocida;Epocha Ignota;https://i.ibb.co/qLfpZm6h/china.png;0
1152;Nada en el mundo es difícil para el que se propone hacerlo;Nihil in mundo difficile est ei qui proponit facere;世上无难事只怕有心人;Proverbio Chino;;Proverbium Sinense;Conjunto de proverbios tradicionales de la cultura china que transmiten sabiduría popular, valores morales y enseñanzas prácticas transmitidas oralmente durante siglos.;Collectio sententiarum Sinensium, magnopere in cultura tradita.;zh;Chino;Lingua Sinica;China;Sinae;Epoca Desconocida;Epocha Ignota;https://i.ibb.co/qLfpZm6h/china.png;0
1153;Mostrarse indiferente a las cosas que no le conciernen;Se indifferentem praebere rebus quae ad se non pertinent;事不关己高高挂起;Proverbio Chino;;Proverbium Sinense;Conjunto de proverbios tradicionales de la cultura china que transmiten sabiduría popular, valores morales y enseñanzas prácticas transmitidas oralmente durante siglos.;Collectio sententiarum Sinensium, magnopere in cultura tradita.;zh;Chino;Lingua Sinica;China;Sinae;Epoca Desconocida;Epocha Ignota;https://i.ibb.co/qLfpZm6h/china.png;0
1154;Hasta del árbol más alto caen sus hojas a las raíces;Etiam ex arbore altissima folia ad radices cadunt;树高千丈叶落归根;Proverbio Chino;;Proverbium Sinense;Conjunto de proverbios tradicionales de la cultura china que transmiten sabiduría popular, valores morales y enseñanzas prácticas transmitidas oralmente durante siglos.;Collectio sententiarum Sinensium, magnopere in cultura tradita.;zh;Chino;Lingua Sinica;China;Sinae;Epoca Desconocida;Epocha Ignota;https://i.ibb.co/qLfpZm6h/china.png;0
1155;El árbol preferiría la calma pero el viento no cesa;Arbor quietem praeferat sed ventus non cessat;树欲静而风不止;Proverbio Chino;;Proverbium Sinense;Conjunto de proverbios tradicionales de la cultura china que transmiten sabiduría popular, valores morales y enseñanzas prácticas transmitidas oralmente durante siglos.;Collectio sententiarum Sinensium, magnopere in cultura tradita.;zh;Chino;Lingua Sinica;China;Sinae;Epoca Desconocida;Epocha Ignota;https://i.ibb.co/qLfpZm6h/china.png;0
1156;Atrapar la luna en el agua;Lunam in aqua capere;水中捞月;Proverbio Chino;;Proverbium Sinense;Conjunto de proverbios tradicionales de la cultura china que transmiten sabiduría popular, valores morales y enseñanzas prácticas transmitidas oralmente durante siglos.;Collectio sententiarum Sinensium, magnopere in cultura tradita.;zh;Chino;Lingua Sinica;China;Sinae;Epoca Desconocida;Epocha Ignota;https://i.ibb.co/qLfpZm6h/china.png;0
1157;Lo que no se encuentra buscándolo hasta dejar desgastados unos zapatos de hierro resulta que viene a mano sin el menor esfuerzo;Quod quaerendo usque ad calceos ferreos detritos non invenitur sine labore ad manum venit;踏破铁鞋无觅处得来全不费工夫;Proverbio Chino;;Proverbium Sinense;Conjunto de proverbios tradicionales de la cultura china que transmiten sabiduría popular, valores morales y enseñanzas prácticas transmitidas oralmente durante siglos.;Collectio sententiarum Sinensium, magnopere in cultura tradita.;zh;Chino;Lingua Sinica;China;Sinae;Epoca Desconocida;Epocha Ignota;https://i.ibb.co/qLfpZm6h/china.png;0
1158;Cuando la manta religiosa acosa a la cigarra detrás la acecha el canario;Cum mantis cicadam insequitur a tergo canarius insidiatur;螳螂捕蝉黄雀在后;Proverbio Chino;;Proverbium Sinense;Conjunto de proverbios tradicionales de la cultura china que transmiten sabiduría popular, valores morales y enseñanzas prácticas transmitidas oralmente durante siglos.;Collectio sententiarum Sinensium, magnopere in cultura tradita.;zh;Chino;Lingua Sinica;China;Sinae;Epoca Desconocida;Epocha Ignota;https://i.ibb.co/qLfpZm6h/china.png;0
1159;La santateresa intenta parar un carro con sus patas;Mantis currum pedibus suis sistere conatur;螳臂当车;Proverbio Chino;;Proverbium Sinense;Conjunto de proverbios tradicionales de la cultura china que transmiten sabiduría popular, valores morales y enseñanzas prácticas transmitidas oralmente durante siglos.;Collectio sententiarum Sinensium, magnopere in cultura tradita.;zh;Chino;Lingua Sinica;China;Sinae;Epoca Desconocida;Epocha Ignota;https://i.ibb.co/qLfpZm6h/china.png;0
1160;Quien todo lo quiere todo lo pierde;Qui omnia vult omnia perdit;贪多嚼不烂;Proverbio Chino;;Proverbium Sinense;Conjunto de proverbios tradicionales de la cultura china que transmiten sabiduría popular, valores morales y enseñanzas prácticas transmitidas oralmente durante siglos.;Collectio sententiarum Sinensium, magnopere in cultura tradita.;zh;Chino;Lingua Sinica;China;Sinae;Epoca Desconocida;Epocha Ignota;https://i.ibb.co/qLfpZm6h/china.png;0
1161;El cielo sin fisuras no deja caer regalos;Caelum sine fissuris dona cadere non sinit;天上不会掉馅饼;Proverbio Chino;;Proverbium Sinense;Conjunto de proverbios tradicionales de la cultura china que transmiten sabiduría popular, valores morales y enseñanzas prácticas transmitidas oralmente durante siglos.;Collectio sententiarum Sinensium, magnopere in cultura tradita.;zh;Chino;Lingua Sinica;China;Sinae;Epoca Desconocida;Epocha Ignota;https://i.ibb.co/qLfpZm6h/china.png;0
1162;Cada profesión produce su campeón;Quaeque professio suum principem producit;三百六十行行行出状元;Proverbio Chino;;Proverbium Sinense;Conjunto de proverbios tradicionales de la cultura china que transmiten sabiduría popular, valores morales y enseñanzas prácticas transmitidas oralmente durante siglos.;Collectio sententiarum Sinensium, magnopere in cultura tradita.;zh;Chino;Lingua Sinica;China;Sinae;Epoca Desconocida;Epocha Ignota;https://i.ibb.co/qLfpZm6h/china.png;0
1163;Mirar las flores desde el lomo de un caballo galopante;Flores ex dorso equi currentis spectare;走马观花;Proverbio Chino;;Proverbium Sinense;Conjunto de proverbios tradicionales de la cultura china que transmiten sabiduría popular, valores morales y enseñanzas prácticas transmitidas oralmente durante siglos.;Collectio sententiarum Sinensium, magnopere in cultura tradita.;zh;Chino;Lingua Sinica;China;Sinae;Epoca Desconocida;Epocha Ignota;https://i.ibb.co/qLfpZm6h/china.png;0
1164;El conejo no come la hierba del borde de su madriguera;Cuniculus herbam marginis suae cavae non edit;兔子不吃窝边草;Proverbio Chino;;Proverbium Sinense;Conjunto de proverbios tradicionales de la cultura china que transmiten sabiduría popular, valores morales y enseñanzas prácticas transmitidas oralmente durante siglos.;Collectio sententiarum Sinensium, magnopere in cultura tradita.;zh;Chino;Lingua Sinica;China;Sinae;Epoca Desconocida;Epocha Ignota;https://i.ibb.co/qLfpZm6h/china.png;0
1165;Tender una trampa para caer en ella uno mismo;Laqueum tendere ut in eum ipse cadat;作茧自缚;Proverbio Chino;;Proverbium Sinense;Conjunto de proverbios tradicionales de la cultura china que transmiten sabiduría popular, valores morales y enseñanzas prácticas transmitidas oralmente durante siglos.;Collectio sententiarum Sinensium, magnopere in cultura tradita.;zh;Chino;Lingua Sinica;China;Sinae;Epoca Desconocida;Epocha Ignota;https://i.ibb.co/qLfpZm6h/china.png;0
1166;Golpear la hierba para asustar a la serpiente;Herbam percutere ut serpentem terreat;打草惊蛇;Proverbio Chino;;Proverbium Sinense;Conjunto de proverbios tradicionales de la cultura china que transmiten sabiduría popular, valores morales y enseñanzas prácticas transmitidas oralmente durante siglos.;Collectio sententiarum Sinensium, magnopere in cultura tradita.;zh;Chino;Lingua Sinica;China;Sinae;Epoca Desconocida;Epocha Ignota;https://i.ibb.co/qLfpZm6h/china.png;0
1167;Salir airoso del primer encuentro;Ex primo congressu felicem evadere;旗开得胜;Proverbio Chino;;Proverbium Sinense;Conjunto de proverbios tradicionales de la cultura china que transmiten sabiduría popular, valores morales y enseñanzas prácticas transmitidas oralmente durante siglos.;Collectio sententiarum Sinensium, magnopere in cultura tradita.;zh;Chino;Lingua Sinica;China;Sinae;Epoca Desconocida;Epocha Ignota;https://i.ibb.co/qLfpZm6h/china.png;0
1168;Matar la gallina para sacar los huevos;Gallinam occidere ut ova capere;杀鸡取卵;Proverbio Chino;;Proverbium Sinense;Conjunto de proverbios tradicionales de la cultura china que transmiten sabiduría popular, valores morales y enseñanzas prácticas transmitidas oralmente durante siglos.;Collectio sententiarum Sinensium, magnopere in cultura tradita.;zh;Chino;Lingua Sinica;China;Sinae;Epoca Desconocida;Epocha Ignota;https://i.ibb.co/qLfpZm6h/china.png;0
1169;Hay que tener paciencia para pescar peces grandes;Patientia opus est ad magnos pisces capiendos;钓大鱼需要耐心;Proverbio Chino;;Proverbium Sinense;Conjunto de proverbios tradicionales de la cultura china que transmiten sabiduría popular, valores morales y enseñanzas prácticas transmitidas oralmente durante siglos.;Collectio sententiarum Sinensium, magnopere in cultura tradita.;zh;Chino;Lingua Sinica;China;Sinae;Epoca Desconocida;Epocha Ignota;https://i.ibb.co/qLfpZm6h/china.png;0
1170;Lo que comienza mal acaba mal;Quod male incipit male finitur;好的开始是成功的一半;Proverbio Chino;;Proverbium Sinense;Conjunto de proverbios tradicionales de la cultura china que transmiten sabiduría popular, valores morales y enseñanzas prácticas transmitidas oralmente durante siglos.;Collectio sententiarum Sinensium, magnopere in cultura tradita.;zh;Chino;Lingua Sinica;China;Sinae;Epoca Desconocida;Epocha Ignota;https://i.ibb.co/qLfpZm6h/china.png;0
1171;No hay atajo sin trabajo;Non est compendium sine labore;没有捷径不劳而获;Proverbio Chino;;Proverbium Sinense;Conjunto de proverbios tradicionales de la cultura china que transmiten sabiduría popular, valores morales y enseñanzas prácticas transmitidas oralmente durante siglos.;Collectio sententiarum Sinensium, magnopere in cultura tradita.;zh;Chino;Lingua Sinica;China;Sinae;Epoca Desconocida;Epocha Ignota;https://i.ibb.co/qLfpZm6h/china.png;0
1172;El que tiene prisa no come caliente;Qui festinat calidum non edit;心急吃不了热豆腐;Proverbio Chino;;Proverbium Sinense;Conjunto de proverbios tradicionales de la cultura china que transmiten sabiduría popular, valores morales y enseñanzas prácticas transmitidas oralmente durante siglos.;Collectio sententiarum Sinensium, magnopere in cultura tradita.;zh;Chino;Lingua Sinica;China;Sinae;Epoca Desconocida;Epocha Ignota;https://i.ibb.co/qLfpZm6h/china.png;0
1173;La paciencia todo lo alcanza;Patientia omnia consequitur;坚持就是胜利;Proverbio Chino;;Proverbium Sinense;Conjunto de proverbios tradicionales de la cultura china que transmiten sabiduría popular, valores morales y enseñanzas prácticas transmitidas oralmente durante siglos.;Collectio sententiarum Sinensium, magnopere in cultura tradita.;zh;Chino;Lingua Sinica;China;Sinae;Epoca Desconocida;Epocha Ignota;https://i.ibb.co/qLfpZm6h/china.png;0
1174;Aprender sin pensar es inútil pensar sin aprender es peligroso;Discere sine cogitare inutile est cogitare sine discere periculosum;学而不思则罔思而不学则殆;Proverbio Chino;;Proverbium Sinense;Conjunto de proverbios tradicionales de la cultura china que transmiten sabiduría popular, valores morales y enseñanzas prácticas transmitidas oralmente durante siglos.;Collectio sententiarum Sinensium, magnopere in cultura tradita.;zh;Chino;Lingua Sinica;China;Sinae;Epoca Desconocida;Epocha Ignota;https://i.ibb.co/qLfpZm6h/china.png;0
1175;El que pregunta puede parecer tonto cinco minutos pero el que no pregunta será tonto toda su vida;Qui interrogat stultus quinque minutos videri potest qui non interrogat stultus tota vita erit;不耻下问;Proverbio Chino;;Proverbium Sinense;Conjunto de proverbios tradicionales de la cultura china que transmiten sabiduría popular, valores morales y enseñanzas prácticas transmitidas oralmente durante siglos.;Collectio sententiarum Sinensium, magnopere in cultura tradita.;zh;Chino;Lingua Sinica;China;Sinae;Epoca Desconocida;Epocha Ignota;https://i.ibb.co/qLfpZm6h/china.png;0
1176;Dar un paso atrás para ver mejor el panorama;Passum retro facere ut melius prospectum videat;退一步海阔天空;Proverbio Chino;;Proverbium Sinense;Conjunto de proverbios tradicionales de la cultura china que transmiten sabiduría popular, valores morales y enseñanzas prácticas transmitidas oralmente durante siglos.;Collectio sententiarum Sinensium, magnopere in cultura tradita.;zh;Chino;Lingua Sinica;China;Sinae;Epoca Desconocida;Epocha Ignota;https://i.ibb.co/qLfpZm6h/china.png;0
1177;El hombre propone y el cielo dispone;Homo proponit et caelum disponit;谋事在人成事在天;Proverbio Chino;;Proverbium Sinense;Conjunto de proverbios tradicionales de la cultura china que transmiten sabiduría popular, valores morales y enseñanzas prácticas transmitidas oralmente durante siglos.;Collectio sententiarum Sinensium, magnopere in cultura tradita.;zh;Chino;Lingua Sinica;China;Sinae;Epoca Desconocida;Epocha Ignota;https://i.ibb.co/qLfpZm6h/china.png;0
1178;Más vale encender una vela que maldecir la oscuridad;Melius est candelam accendere quam tenebras maledicere;与其诅咒黑暗不如点燃蜡烛;Proverbio Chino;;Proverbium Sinense;Conjunto de proverbios tradicionales de la cultura china que transmiten sabiduría popular, valores morales y enseñanzas prácticas transmitidas oralmente durante siglos.;Collectio sententiarum Sinensium, magnopere in cultura tradita.;zh;Chino;Lingua Sinica;China;Sinae;Epoca Desconocida;Epocha Ignota;https://i.ibb.co/qLfpZm6h/china.png;0
1179;Una imagen vale más que mil palabras;Imago plus quam mille verba valet;一图胜千言;Proverbio Chino;;Proverbium Sinense;Conjunto de proverbios tradicionales de la cultura china que transmiten sabiduría popular, valores morales y enseñanzas prácticas transmitidas oralmente durante siglos.;Collectio sententiarum Sinensium, magnopere in cultura tradita.;zh;Chino;Lingua Sinica;China;Sinae;Epoca Desconocida;Epocha Ignota;https://i.ibb.co/qLfpZm6h/china.png;0
1180;Si quieres ir rápido ve solo si quieres llegar lejos ve acompañado;Si vis celeriter ire vade solus si vis longe pervenire vade comitatus;欲速则不达;Proverbio Chino;;Proverbium Sinense;Conjunto de proverbios tradicionales de la cultura china que transmiten sabiduría popular, valores morales y enseñanzas prácticas transmitidas oralmente durante siglos.;Collectio sententiarum Sinensium, magnopere in cultura tradita.;zh;Chino;Lingua Sinica;China;Sinae;Epoca Desconocida;Epocha Ignota;https://i.ibb.co/qLfpZm6h/china.png;0
1181;El maestro enseña pero es el alumno quien aprende;Magister docet sed discipulus est qui discit;师父领进门修行在个人;Proverbio Chino;;Proverbium Sinense;Conjunto de proverbios tradicionales de la cultura china que transmiten sabiduría popular, valores morales y enseñanzas prácticas transmitidas oralmente durante siglos.;Collectio sententiarum Sinensium, magnopere in cultura tradita.;zh;Chino;Lingua Sinica;China;Sinae;Epoca Desconocida;Epocha Ignota;https://i.ibb.co/qLfpZm6h/china.png;0
1182;No hay mal que dure cien años ni cuerpo que lo resista;Non est malum quod centum annos duret nec corpus quod resistat;没有过不去的坎;Proverbio Chino;;Proverbium Sinense;Conjunto de proverbios tradicionales de la cultura china que transmiten sabiduría popular, valores morales y enseñanzas prácticas transmitidas oralmente durante siglos.;Collectio sententiarum Sinensium, magnopere in cultura tradita.;zh;Chino;Lingua Sinica;China;Sinae;Epoca Desconocida;Epocha Ignota;https://i.ibb.co/qLfpZm6h/china.png;0
1183;Cuando soplan vientos de cambio unos construyen muros otros molinos;Cum venti mutationis spirant alii muros aedificant alii molendina;风来了有人筑墙有人造风车;Proverbio Chino;;Proverbium Sinense;Conjunto de proverbios tradicionales de la cultura china que transmiten sabiduría popular, valores morales y enseñanzas prácticas transmitidas oralmente durante siglos.;Collectio sententiarum Sinensium, magnopere in cultura tradita.;zh;Chino;Lingua Sinica;China;Sinae;Epoca Desconocida;Epocha Ignota;https://i.ibb.co/qLfpZm6h/china.png;0
1184;La gota horada la piedra;Gutta cavat lapidem;滴水穿石;Proverbio Chino;;Proverbium Sinense;Conjunto de proverbios tradicionales de la cultura china que transmiten sabiduría popular, valores morales y enseñanzas prácticas transmitidas oralmente durante siglos.;Collectio sententiarum Sinensium, magnopere in cultura tradita.;zh;Chino;Lingua Sinica;China;Sinae;Epoca Desconocida;Epocha Ignota;https://i.ibb.co/qLfpZm6h/china.png;0
1185;Mejor un pájaro en mano que cien volando;Melius avis in manu quam centum volantes;双鸟在林不如一鸟在手;Proverbio Chino;;Proverbium Sinense;Conjunto de proverbios tradicionales de la cultura china que transmiten sabiduría popular, valores morales y enseñanzas prácticas transmitidas oralmente durante siglos.;Collectio sententiarum Sinensium, magnopere in cultura tradita.;zh;Chino;Lingua Sinica;China;Sinae;Epoca Desconocida;Epocha Ignota;https://i.ibb.co/qLfpZm6h/china.png;0
1186;El que teme sufrir ya sufre de temor;Qui pati timet iam ex timore patitur;杞人忧天;Proverbio Chino;;Proverbium Sinense;Conjunto de proverbios tradicionales de la cultura china que transmiten sabiduría popular, valores morales y enseñanzas prácticas transmitidas oralmente durante siglos.;Collectio sententiarum Sinensium, magnopere in cultura tradita.;zh;Chino;Lingua Sinica;China;Sinae;Epoca Desconocida;Epocha Ignota;https://i.ibb.co/qLfpZm6h/china.png;0
1187;La experiencia es la madre de la ciencia;Experientia mater scientiae est;实践出真知;Proverbio Chino;;Proverbium Sinense;Conjunto de proverbios tradicionales de la cultura china que transmiten sabiduría popular, valores morales y enseñanzas prácticas transmitidas oralmente durante siglos.;Collectio sententiarum Sinensium, magnopere in cultura tradita.;zh;Chino;Lingua Sinica;China;Sinae;Epoca Desconocida;Epocha Ignota;https://i.ibb.co/qLfpZm6h/china.png;0
1188;Sembrar vientos y recoger tempestades;Ventos serere et tempestates metere;种瓜得瓜种豆得豆;Proverbio Chino;;Proverbium Sinense;Conjunto de proverbios tradicionales de la cultura china que transmiten sabiduría popular, valores morales y enseñanzas prácticas transmitidas oralmente durante siglos.;Collectio sententiarum Sinensium, magnopere in cultura tradita.;zh;Chino;Lingua Sinica;China;Sinae;Epoca Desconocida;Epocha Ignota;https://i.ibb.co/qLfpZm6h/china.png;0
1189;El que mucho abarca poco aprieta;Qui multum amplectitur parum stringit;贪多嚼不烂;Proverbio Chino;;Proverbium Sinense;Conjunto de proverbios tradicionales de la cultura china que transmiten sabiduría popular, valores morales y enseñanzas prácticas transmitidas oralmente durante siglos.;Collectio sententiarum Sinensium, magnopere in cultura tradita.;zh;Chino;Lingua Sinica;China;Sinae;Epoca Desconocida;Epocha Ignota;https://i.ibb.co/qLfpZm6h/china.png;0
1190;No vendas la piel del oso antes de cazarlo;Ne vendas pellem ursi antequam eum capias;别高兴太早;Proverbio Chino;;Proverbium Sinense;Conjunto de proverbios tradicionales de la cultura china que transmiten sabiduría popular, valores morales y enseñanzas prácticas transmitidas oralmente durante siglos.;Collectio sententiarum Sinensium, magnopere in cultura tradita.;zh;Chino;Lingua Sinica;China;Sinae;Epoca Desconocida;Epocha Ignota;https://i.ibb.co/qLfpZm6h/china.png;0
1191;El silencio es oro;Silentium aurum est;沉默是金;Proverbio Chino;;Proverbium Sinense;Conjunto de proverbios tradicionales de la cultura china que transmiten sabiduría popular, valores morales y enseñanzas prácticas transmitidas oralmente durante siglos.;Collectio sententiarum Sinensium, magnopere in cultura tradita.;zh;Chino;Lingua Sinica;China;Sinae;Epoca Desconocida;Epocha Ignota;https://i.ibb.co/qLfpZm6h/china.png;0
1192;El hombre sabio cambia de opinión el necio nunca;Homo sapiens sententiam mutat stultus numquam;智者千虑必有一失愚者千虑必有一得;Proverbio Chino;;Proverbium Sinense;Conjunto de proverbios tradicionales de la cultura china que transmiten sabiduría popular, valores morales y enseñanzas prácticas transmitidas oralmente durante siglos.;Collectio sententiarum Sinensium, magnopere in cultura tradita.;zh;Chino;Lingua Sinica;China;Sinae;Epoca Desconocida;Epocha Ignota;https://i.ibb.co/qLfpZm6h/china.png;0
1193;Roma no se construyó en un día;Roma uno die aedificata non est;罗马不是一天建成的;Proverbio Chino;;Proverbium Sinense;Conjunto de proverbios tradicionales de la cultura china que transmiten sabiduría popular, valores morales y enseñanzas prácticas transmitidas oralmente durante siglos.;Collectio sententiarum Sinensium, magnopere in cultura tradita.;zh;Chino;Lingua Sinica;China;Sinae;Epoca Desconocida;Epocha Ignota;https://i.ibb.co/qLfpZm6h/china.png;0
1194;Cuando el gato no está los ratones bailan;Cum felis abest mures saltant;山中无老虎猴子称大王;Proverbio Chino;;Proverbium Sinense;Conjunto de proverbios tradicionales de la cultura china que transmiten sabiduría popular, valores morales y enseñanzas prácticas transmitidas oralmente durante siglos.;Collectio sententiarum Sinensium, magnopere in cultura tradita.;zh;Chino;Lingua Sinica;China;Sinae;Epoca Desconocida;Epocha Ignota;https://i.ibb.co/qLfpZm6h/china.png;0
1195;El que ríe último ríe mejor;Qui ultimus ridet melius ridet;谁笑到最后谁笑得最好;Proverbio Chino;;Proverbium Sinense;Conjunto de proverbios tradicionales de la cultura china que transmiten sabiduría popular, valores morales y enseñanzas prácticas transmitidas oralmente durante siglos.;Collectio sententiarum Sinensium, magnopere in cultura tradita.;zh;Chino;Lingua Sinica;China;Sinae;Epoca Desconocida;Epocha Ignota;https://i.ibb.co/qLfpZm6h/china.png;0
1196;Más vale tarde que nunca;Melius tarde quam numquam;亡羊补牢为时未晚;Proverbio Chino;;Proverbium Sinense;Conjunto de proverbios tradicionales de la cultura china que transmiten sabiduría popular, valores morales y enseñanzas prácticas transmitidas oralmente durante siglos.;Collectio sententiarum Sinensium, magnopere in cultura tradita.;zh;Chino;Lingua Sinica;China;Sinae;Epoca Desconocida;Epocha Ignota;https://i.ibb.co/qLfpZm6h/china.png;0
1197;Hijo de tigre sale pintado;Filius tigris pictus exit;虎父无犬子;Proverbio Chino;;Proverbium Sinense;Conjunto de proverbios tradicionales de la cultura china que transmiten sabiduría popular, valores morales y enseñanzas prácticas transmitidas oralmente durante siglos.;Collectio sententiarum Sinensium, magnopere in cultura tradita.;zh;Chino;Lingua Sinica;China;Sinae;Epoca Desconocida;Epocha Ignota;https://i.ibb.co/qLfpZm6h/china.png;0
1198;Antes de hablar escucha antes de escribir piensa;Antequam loqueris audi antequam scribas cogita;言多必失;Proverbio Chino;;Proverbium Sinense;Conjunto de proverbios tradicionales de la cultura china que transmiten sabiduría popular, valores morales y enseñanzas prácticas transmitidas oralmente durante siglos.;Collectio sententiarum Sinensium, magnopere in cultura tradita.;zh;Chino;Lingua Sinica;China;Sinae;Epoca Desconocida;Epocha Ignota;https://i.ibb.co/qLfpZm6h/china.png;0
1199;Si las vigas de arriba están mal las de abajo otro tal;Si trabes superiores pravae inferiores etiam pravae;上梁不正下梁歪;Proverbio Chino;;Proverbium Sinense;Conjunto de proverbios tradicionales de la cultura china que transmiten sabiduría popular, valores morales y enseñanzas prácticas transmitidas oralmente durante siglos.;Collectio sententiarum Sinensium, magnopere in cultura tradita.;zh;Chino;Lingua Sinica;China;Sinae;Epoca Desconocida;Epocha Ignota;https://i.ibb.co/qLfpZm6h/china.png;0
1200;Más vale ver una sola vez que oír cien veces;Melius semel videre quam centum audire;百闻不如一见;Proverbio Chino;;Proverbium Sinense;Conjunto de proverbios tradicionales de la cultura china que transmiten sabiduría popular, valores morales y enseñanzas prácticas transmitidas oralmente durante siglos.;Collectio sententiarum Sinensium, magnopere in cultura tradita.;zh;Chino;Lingua Sinica;China;Sinae;Epoca Desconocida;Epocha Ignota;https://i.ibb.co/qLfpZm6h/china.png;0
1201;Con firme voluntad se llega al triunfo;Firma voluntate ad victoriam pervenitur;有志者事竟成;Proverbio Chino;;Proverbium Sinense;Conjunto de proverbios tradicionales de la cultura china que transmiten sabiduría popular, valores morales y enseñanzas prácticas transmitidas oralmente durante siglos.;Collectio sententiarum Sinensium, magnopere in cultura tradita.;zh;Chino;Lingua Sinica;China;Sinae;Epoca Desconocida;Epocha Ignota;https://i.ibb.co/qLfpZm6h/china.png;0
1202;Precaverse contra un posible percance;Contra possibile periculum praecavere;防患于未然;Proverbio Chino;;Proverbium Sinense;Conjunto de proverbios tradicionales de la cultura china que transmiten sabiduría popular, valores morales y enseñanzas prácticas transmitidas oralmente durante siglos.;Collectio sententiarum Sinensium, magnopere in cultura tradita.;zh;Chino;Lingua Sinica;China;Sinae;Epoca Desconocida;Epocha Ignota;https://i.ibb.co/qLfpZm6h/china.png;0
1203;Cada fracaso nos hace más listos;Unusquisque casus nos prudentiores facit;吃一堑长一智;Proverbio Chino;;Proverbium Sinense;Conjunto de proverbios tradicionales de la cultura china que transmiten sabiduría popular, valores morales y enseñanzas prácticas transmitidas oralmente durante siglos.;Collectio sententiarum Sinensium, magnopere in cultura tradita.;zh;Chino;Lingua Sinica;China;Sinae;Epoca Desconocida;Epocha Ignota;https://i.ibb.co/qLfpZm6h/china.png;0
1204;Quien comete muchas injusticias busca su propia ruina;Qui multas iniustitias committit propriam ruinam quaerit;多行不义必自毙;Proverbio Chino;;Proverbium Sinense;Conjunto de proverbios tradicionales de la cultura china que transmiten sabiduría popular, valores morales y enseñanzas prácticas transmitidas oralmente durante siglos.;Collectio sententiarum Sinensium, magnopere in cultura tradita.;zh;Chino;Lingua Sinica;China;Sinae;Epoca Desconocida;Epocha Ignota;https://i.ibb.co/qLfpZm6h/china.png;0
1205;La promesa debe ser cumplida y la acción debe tener resultado;Promissio implenda est et actio effectum habere debet;言必信行必果;Proverbio Chino;;Proverbium Sinense;Conjunto de proverbios tradicionales de la cultura china que transmiten sabiduría popular, valores morales y enseñanzas prácticas transmitidas oralmente durante siglos.;Collectio sententiarum Sinensium, magnopere in cultura tradita.;zh;Chino;Lingua Sinica;China;Sinae;Epoca Desconocida;Epocha Ignota;https://i.ibb.co/qLfpZm6h/china.png;0
1206;El ternero recental no teme al tigre;Vitulus recens tigrem non timet;初生牛犊不怕虎;Proverbio Chino;;Proverbium Sinense;Conjunto de proverbios tradicionales de la cultura china que transmiten sabiduría popular, valores morales y enseñanzas prácticas transmitidas oralmente durante siglos.;Collectio sententiarum Sinensium, magnopere in cultura tradita.;zh;Chino;Lingua Sinica;China;Sinae;Epoca Desconocida;Epocha Ignota;https://i.ibb.co/qLfpZm6h/china.png;0
1207;La cortesía exige reciprocidad;Urbanitas reciprocationem exigit;来而不往非礼也;Proverbio Chino;;Proverbium Sinense;Conjunto de proverbios tradicionales de la cultura china que transmiten sabiduría popular, valores morales y enseñanzas prácticas transmitidas oralmente durante siglos.;Collectio sententiarum Sinensium, magnopere in cultura tradita.;zh;Chino;Lingua Sinica;China;Sinae;Epoca Desconocida;Epocha Ignota;https://i.ibb.co/qLfpZm6h/china.png;0
1208;Un vecino cercano es mejor que un pariente lejano;Vicinus propinquus melior est quam cognatus remotus;远亲不如近邻;Proverbio Chino;;Proverbium Sinense;Conjunto de proverbios tradicionales de la cultura china que transmiten sabiduría popular, valores morales y enseñanzas prácticas transmitidas oralmente durante siglos.;Collectio sententiarum Sinensium, magnopere in cultura tradita.;zh;Chino;Lingua Sinica;China;Sinae;Epoca Desconocida;Epocha Ignota;https://i.ibb.co/qLfpZm6h/china.png;0
1209;Acudir a las palabras y no a los puños como es propio del caballero;Ad verba non ad pugnas accurrere ut decet equitem;君子动口不动手;Proverbio Chino;;Proverbium Sinense;Conjunto de proverbios tradicionales de la cultura china que transmiten sabiduría popular, valores morales y enseñanzas prácticas transmitidas oralmente durante siglos.;Collectio sententiarum Sinensium, magnopere in cultura tradita.;zh;Chino;Lingua Sinica;China;Sinae;Epoca Desconocida;Epocha Ignota;https://i.ibb.co/qLfpZm6h/china.png;0
1210;Internarse en una montaña infestada de tigres a sabiendas de que los hay;In montem tigribus infestum intrare cum sciatur;明知山有虎偏向虎山行;Proverbio Chino;;Proverbium Sinense;Conjunto de proverbios tradicionales de la cultura china que transmiten sabiduría popular, valores morales y enseñanzas prácticas transmitidas oralmente durante siglos.;Collectio sententiarum Sinensium, magnopere in cultura tradita.;zh;Chino;Lingua Sinica;China;Sinae;Epoca Desconocida;Epocha Ignota;https://i.ibb.co/qLfpZm6h/china.png;0
1211;Conoce a tu adversario y conócete a ti mismo y vencerás en cien batallas;Cognosce adversarium tuum et te ipsum et in centum proeliis vinces;知己知彼百战不殆;Proverbio Chino;;Proverbium Sinense;Conjunto de proverbios tradicionales de la cultura china que transmiten sabiduría popular, valores morales y enseñanzas prácticas transmitidas oralmente durante siglos.;Collectio sententiarum Sinensium, magnopere in cultura tradita.;zh;Chino;Lingua Sinica;China;Sinae;Epoca Desconocida;Epocha Ignota;https://i.ibb.co/qLfpZm6h/china.png;0
1212;Se conoce la cara de una persona pero no su corazón;Facies hominis cognoscitur sed non cor;知人知面不知心;Proverbio Chino;;Proverbium Sinense;Conjunto de proverbios tradicionales de la cultura china que transmiten sabiduría popular, valores morales y enseñanzas prácticas transmitidas oralmente durante siglos.;Collectio sententiarum Sinensium, magnopere in cultura tradita.;zh;Chino;Lingua Sinica;China;Sinae;Epoca Desconocida;Epocha Ignota;https://i.ibb.co/qLfpZm6h/china.png;0
1213;Lo raro es caro;Rarum carum est;物以稀为贵;Proverbio Chino;;Proverbium Sinense;Conjunto de proverbios tradicionales de la cultura china que transmiten sabiduría popular, valores morales y enseñanzas prácticas transmitidas oralmente durante siglos.;Collectio sententiarum Sinensium, magnopere in cultura tradita.;zh;Chino;Lingua Sinica;China;Sinae;Epoca Desconocida;Epocha Ignota;https://i.ibb.co/qLfpZm6h/china.png;0
1214;Oro y jade por fuera y algodón podrido por dentro;Aurum et iadis foris gossypium putridum intus;金玉其外败絮其中;Proverbio Chino;;Proverbium Sinense;Conjunto de proverbios tradicionales de la cultura china que transmiten sabiduría popular, valores morales y enseñanzas prácticas transmitidas oralmente durante siglos.;Collectio sententiarum Sinensium, magnopere in cultura tradita.;zh;Chino;Lingua Sinica;China;Sinae;Epoca Desconocida;Epocha Ignota;https://i.ibb.co/qLfpZm6h/china.png;0
1215;Siembra melones y recogerás melones siembra habas y recogerás habas;Sere melones et melones metes sere fabas et fabas metes;种瓜得瓜种豆得豆;Proverbio Chino;;Proverbium Sinense;Conjunto de proverbios tradicionales de la cultura china que transmiten sabiduría popular, valores morales y enseñanzas prácticas transmitidas oralmente durante siglos.;Collectio sententiarum Sinensium, magnopere in cultura tradita.;zh;Chino;Lingua Sinica;China;Sinae;Epoca Desconocida;Epocha Ignota;https://i.ibb.co/qLfpZm6h/china.png;0
1216;Una receta que cambia el agua pero no la medicina;Receptum quod aquam mutat sed non medicinam;换汤不换药;Proverbio Chino;;Proverbium Sinense;Conjunto de proverbios tradicionales de la cultura china que transmiten sabiduría popular, valores morales y enseñanzas prácticas transmitidas oralmente durante siglos.;Collectio sententiarum Sinensium, magnopere in cultura tradita.;zh;Chino;Lingua Sinica;China;Sinae;Epoca Desconocida;Epocha Ignota;https://i.ibb.co/qLfpZm6h/china.png;0
1217;Las dichas no vienen a pares una desgracia no llega sola;Felicitates non binae veniunt calamitas non sola advenit;福无双至祸不单行;Proverbio Chino;;Proverbium Sinense;Conjunto de proverbios tradicionales de la cultura china que transmiten sabiduría popular, valores morales y enseñanzas prácticas transmitidas oralmente durante siglos.;Collectio sententiarum Sinensium, magnopere in cultura tradita.;zh;Chino;Lingua Sinica;China;Sinae;Epoca Desconocida;Epocha Ignota;https://i.ibb.co/qLfpZm6h/china.png;0
1218;Con el viento fuerte se conoce la resistencia de la hierba;Vento forti firmitas herbae cognoscitur;疾风知劲草;Proverbio Chino;;Proverbium Sinense;Conjunto de proverbios tradicionales de la cultura china que transmiten sabiduría popular, valores morales y enseñanzas prácticas transmitidas oralmente durante siglos.;Collectio sententiarum Sinensium, magnopere in cultura tradita.;zh;Chino;Lingua Sinica;China;Sinae;Epoca Desconocida;Epocha Ignota;https://i.ibb.co/qLfpZm6h/china.png;0
1219;Los escándalos de familia no deben trascender para afuera;Scandala domestica foris transcendere non debent;家丑不可外扬;Proverbio Chino;;Proverbium Sinense;Conjunto de proverbios tradicionales de la cultura china que transmiten sabiduría popular, valores morales y enseñanzas prácticas transmitidas oralmente durante siglos.;Collectio sententiarum Sinensium, magnopere in cultura tradita.;zh;Chino;Lingua Sinica;China;Sinae;Epoca Desconocida;Epocha Ignota;https://i.ibb.co/qLfpZm6h/china.png;0
1220;Recoger las semillas de sésamo pasando por alto las sandías;Semina sesami colligere cucurbitas praeterire;捡了芝麻丢了西瓜;Proverbio Chino;;Proverbium Sinense;Conjunto de proverbios tradicionales de la cultura china que transmiten sabiduría popular, valores morales y enseñanzas prácticas transmitidas oralmente durante siglos.;Collectio sententiarum Sinensium, magnopere in cultura tradita.;zh;Chino;Lingua Sinica;China;Sinae;Epoca Desconocida;Epocha Ignota;https://i.ibb.co/qLfpZm6h/china.png;0
1221;Quien ha atado el cascabel al cuello del tigre debe quitárselo por sí mismo;Qui tintinnabulum collo tigris alligavit per se removere debet;解铃还须系铃人;Proverbio Chino;;Proverbium Sinense;Conjunto de proverbios tradicionales de la cultura china que transmiten sabiduría popular, valores morales y enseñanzas prácticas transmitidas oralmente durante siglos.;Collectio sententiarum Sinensium, magnopere in cultura tradita.;zh;Chino;Lingua Sinica;China;Sinae;Epoca Desconocida;Epocha Ignota;https://i.ibb.co/qLfpZm6h/china.png;0
1222;La enfermedad entra por la boca y la desgracia sale de la boca;Morbus per os intrat calamitas per os exit;病从口入祸从口出;Proverbio Chino;;Proverbium Sinense;Conjunto de proverbios tradicionales de la cultura china que transmiten sabiduría popular, valores morales y enseñanzas prácticas transmitidas oralmente durante siglos.;Collectio sententiarum Sinensium, magnopere in cultura tradita.;zh;Chino;Lingua Sinica;China;Sinae;Epoca Desconocida;Epocha Ignota;https://i.ibb.co/qLfpZm6h/china.png;0
1223;En la desgracia habita la felicidad y en la felicidad se oculta la desgracia;In calamitate felicitas habitat in felicitate calamitas latet;祸兮福所倚福兮祸所伏;Proverbio Chino;;Proverbium Sinense;Conjunto de proverbios tradicionales de la cultura china que transmiten sabiduría popular, valores morales y enseñanzas prácticas transmitidas oralmente durante siglos.;Collectio sententiarum Sinensium, magnopere in cultura tradita.;zh;Chino;Lingua Sinica;China;Sinae;Epoca Desconocida;Epocha Ignota;https://i.ibb.co/qLfpZm6h/china.png;0
1224;Si escuchas a ambas partes se hará en ti la luz si escuchas a una sola permanecerás en las tinieblas;Si utramque partem audis lux in te fiet si unam tantum audis in tenebris manebis;兼听则明偏信则暗;Proverbio Chino;;Proverbium Sinense;Conjunto de proverbios tradicionales de la cultura china que transmiten sabiduría popular, valores morales y enseñanzas prácticas transmitidas oralmente durante siglos.;Collectio sententiarum Sinensium, magnopere in cultura tradita.;zh;Chino;Lingua Sinica;China;Sinae;Epoca Desconocida;Epocha Ignota;https://i.ibb.co/qLfpZm6h/china.png;0
1225;El soldado que ha huido cincuenta pasos se ríe del que lo ha hecho en cien pasos;Miles qui quinquaginta passus fugit de eo qui centum fugit ridet;五十步笑百步;Proverbio Chino;;Proverbium Sinense;Conjunto de proverbios tradicionales de la cultura china que transmiten sabiduría popular, valores morales y enseñanzas prácticas transmitidas oralmente durante siglos.;Collectio sententiarum Sinensium, magnopere in cultura tradita.;zh;Chino;Lingua Sinica;China;Sinae;Epoca Desconocida;Epocha Ignota;https://i.ibb.co/qLfpZm6h/china.png;0
1226;Llegado el carro al pie de la montaña se encontrará infaliblemente el camino;Curru ad pedem montis pervento via infallibiliter invenietur;车到山前必有路;Proverbio Chino;;Proverbium Sinense;Conjunto de proverbios tradicionales de la cultura china que transmiten sabiduría popular, valores morales y enseñanzas prácticas transmitidas oralmente durante siglos.;Collectio sententiarum Sinensium, magnopere in cultura tradita.;zh;Chino;Lingua Sinica;China;Sinae;Epoca Desconocida;Epocha Ignota;https://i.ibb.co/qLfpZm6h/china.png;0
1227;Con el tiempo que pasa se conoce el corazón del hombre;Tempore progrediente cor hominis cognoscitur;日久见人心;Proverbio Chino;;Proverbium Sinense;Conjunto de proverbios tradicionales de la cultura china que transmiten sabiduría popular, valores morales y enseñanzas prácticas transmitidas oralmente durante siglos.;Collectio sententiarum Sinensium, magnopere in cultura tradita.;zh;Chino;Lingua Sinica;China;Sinae;Epoca Desconocida;Epocha Ignota;https://i.ibb.co/qLfpZm6h/china.png;0
1228;En aguas de extrema limpidez no puede haber peces y hombre extremadamente exigente no puede tener compañeros;In aquis extremae puritatis pisces esse non possunt homo nimis exigens socios habere non potest;水至清则无鱼人至察则无徒;Proverbio Chino;;Proverbium Sinense;Conjunto de proverbios tradicionales de la cultura china que transmiten sabiduría popular, valores morales y enseñanzas prácticas transmitidas oralmente durante siglos.;Collectio sententiarum Sinensium, magnopere in cultura tradita.;zh;Chino;Lingua Sinica;China;Sinae;Epoca Desconocida;Epocha Ignota;https://i.ibb.co/qLfpZm6h/china.png;0
1229;Tratar a los demás tal como lo tratan;Alios tractare sicut tractatur;以其人之道还治其人之身;Proverbio Chino;;Proverbium Sinense;Conjunto de proverbios tradicionales de la cultura china que transmiten sabiduría popular, valores morales y enseñanzas prácticas transmitidas oralmente durante siglos.;Collectio sententiarum Sinensium, magnopere in cultura tradita.;zh;Chino;Lingua Sinica;China;Sinae;Epoca Desconocida;Epocha Ignota;https://i.ibb.co/qLfpZm6h/china.png;0
1230;Preferir ser jade en añicos antes que una teja entera;Malle iadem in fragmenta esse quam tegulam integram;宁为玉碎不为瓦全;Proverbio Chino;;Proverbium Sinense;Conjunto de proverbios tradicionales de la cultura china que transmiten sabiduría popular, valores morales y enseñanzas prácticas transmitidas oralmente durante siglos.;Collectio sententiarum Sinensium, magnopere in cultura tradita.;zh;Chino;Lingua Sinica;China;Sinae;Epoca Desconocida;Epocha Ignota;https://i.ibb.co/qLfpZm6h/china.png;0
1231;Si el jade no es pulido resulta inútil;Si iadis non politur inutilis est;玉不琢不成器;Proverbio Chino;;Proverbium Sinense;Conjunto de proverbios tradicionales de la cultura china que transmiten sabiduría popular, valores morales y enseñanzas prácticas transmitidas oralmente durante siglos.;Collectio sententiarum Sinensium, magnopere in cultura tradita.;zh;Chino;Lingua Sinica;China;Sinae;Epoca Desconocida;Epocha Ignota;https://i.ibb.co/qLfpZm6h/china.png;0
1232;Uso tu propia lanza contra tu propio escudo;Lancea tua contra scutum tuum utor;以子之矛攻子之盾;Proverbio Chino;;Proverbium Sinense;Conjunto de proverbios tradicionales de la cultura china que transmiten sabiduría popular, valores morales y enseñanzas prácticas transmitidas oralmente durante siglos.;Collectio sententiarum Sinensium, magnopere in cultura tradita.;zh;Chino;Lingua Sinica;China;Sinae;Epoca Desconocida;Epocha Ignota;https://i.ibb.co/qLfpZm6h/china.png;0
1233;El agua fluye abajo y el hombre va arriba;Aqua deorsum fluit homo sursum vadit;水往底处流人往高处走;Proverbio Chino;;Proverbium Sinense;Conjunto de proverbios tradicionales de la cultura china que transmiten sabiduría popular, valores morales y enseñanzas prácticas transmitidas oralmente durante siglos.;Collectio sententiarum Sinensium, magnopere in cultura tradita.;zh;Chino;Lingua Sinica;China;Sinae;Epoca Desconocida;Epocha Ignota;https://i.ibb.co/qLfpZm6h/china.png;0
1234;Un chi puede resultar corto y un cun largo;Chi brevis esse potest cun longus;尺有所长寸有所短;Proverbio Chino;;Proverbium Sinense;Conjunto de proverbios tradicionales de la cultura china que transmiten sabiduría popular, valores morales y enseñanzas prácticas transmitidas oralmente durante siglos.;Collectio sententiarum Sinensium, magnopere in cultura tradita.;zh;Chino;Lingua Sinica;China;Sinae;Epoca Desconocida;Epocha Ignota;https://i.ibb.co/qLfpZm6h/china.png;0
1235;Cuando las puertas de la ciudad se incendian los peces en el foso sufren;Cum portae urbis incenduntur pisces in fossa patiuntur;城门失火殃及池鱼;Proverbio Chino;;Proverbium Sinense;Conjunto de proverbios tradicionales de la cultura china que transmiten sabiduría popular, valores morales y enseñanzas prácticas transmitidas oralmente durante siglos.;Collectio sententiarum Sinensium, magnopere in cultura tradita.;zh;Chino;Lingua Sinica;China;Sinae;Epoca Desconocida;Epocha Ignota;https://i.ibb.co/qLfpZm6h/china.png;0
1236;Una vez en la llanura incluso el tigre se ve a merced de un perro;In planitie etiam tigris cani obnoxius videtur;虎落平阳被狗欺;Proverbio Chino;;Proverbium Sinense;Conjunto de proverbios tradicionales de la cultura china que transmiten sabiduría popular, valores morales y enseñanzas prácticas transmitidas oralmente durante siglos.;Collectio sententiarum Sinensium, magnopere in cultura tradita.;zh;Chino;Lingua Sinica;China;Sinae;Epoca Desconocida;Epocha Ignota;https://i.ibb.co/qLfpZm6h/china.png;0
1237;Llorar el gato la muerte del ratón;Feles mortem muris plorare;猫哭老鼠假慈悲;Proverbio Chino;;Proverbium Sinense;Conjunto de proverbios tradicionales de la cultura china que transmiten sabiduría popular, valores morales y enseñanzas prácticas transmitidas oralmente durante siglos.;Collectio sententiarum Sinensium, magnopere in cultura tradita.;zh;Chino;Lingua Sinica;China;Sinae;Epoca Desconocida;Epocha Ignota;https://i.ibb.co/qLfpZm6h/china.png;0
1238;Más fácil es defenderse de una lanza arrojada a plena vista que de una flecha disparada desde la sombra;Facilius est se defendere contra hastam in aperto iactam quam contra sagittam ex umbra emissam;明枪易躲暗箭难防;Proverbio Chino;;Proverbium Sinense;Conjunto de proverbios tradicionales de la cultura china que transmiten sabiduría popular, valores morales y enseñanzas prácticas transmitidas oralmente durante siglos.;Collectio sententiarum Sinensium, magnopere in cultura tradita.;zh;Chino;Lingua Sinica;China;Sinae;Epoca Desconocida;Epocha Ignota;https://i.ibb.co/qLfpZm6h/china.png;0
1239;Al buen entendedor pocas palabras bastan;Intelligenti pauca verba sufficiunt;明人不必细说;Proverbio Chino;;Proverbium Sinense;Conjunto de proverbios tradicionales de la cultura china que transmiten sabiduría popular, valores morales y enseñanzas prácticas transmitidas oralmente durante siglos.;Collectio sententiarum Sinensium, magnopere in cultura tradita.;zh;Chino;Lingua Sinica;China;Sinae;Epoca Desconocida;Epocha Ignota;https://i.ibb.co/qLfpZm6h/china.png;0
1240;El ídolo hecho de barro que cruza el río no puede salvarse ni a sí mismo;Idolum e luto factum quod flumen transit se ipsum salvare non potest;泥菩萨过河自身难保;Proverbio Chino;;Proverbium Sinense;Conjunto de proverbios tradicionales de la cultura china que transmiten sabiduría popular, valores morales y enseñanzas prácticas transmitidas oralmente durante siglos.;Collectio sententiarum Sinensium, magnopere in cultura tradita.;zh;Chino;Lingua Sinica;China;Sinae;Epoca Desconocida;Epocha Ignota;https://i.ibb.co/qLfpZm6h/china.png;0
1241;Rotas las raíces del loto siguen unidas sus fibras;Radicibus loti ruptis fibrae tamen unitae manent;藕断丝连;Proverbio Chino;;Proverbium Sinense;Conjunto de proverbios tradicionales de la cultura china que transmiten sabiduría popular, valores morales y enseñanzas prácticas transmitidas oralmente durante siglos.;Collectio sententiarum Sinensium, magnopere in cultura tradita.;zh;Chino;Lingua Sinica;China;Sinae;Epoca Desconocida;Epocha Ignota;https://i.ibb.co/qLfpZm6h/china.png;0
1242;Los observadores ven más claro que los comprometidos en un asunto;Spectatores clarius vident quam in negotio implicati;旁观者清;Proverbio Chino;;Proverbium Sinense;Conjunto de proverbios tradicionales de la cultura china que transmiten sabiduría popular, valores morales y enseñanzas prácticas transmitidas oralmente durante siglos.;Collectio sententiarum Sinensium, magnopere in cultura tradita.;zh;Chino;Lingua Sinica;China;Sinae;Epoca Desconocida;Epocha Ignota;https://i.ibb.co/qLfpZm6h/china.png;0
1243;Arrojar un ladrillo para incitar a los demás a enseñar sus jades;Laterem iacere ut alios incitet ut iades suos ostendant;抛砖引玉;Proverbio Chino;;Proverbium Sinense;Conjunto de proverbios tradicionales de la cultura china que transmiten sabiduría popular, valores morales y enseñanzas prácticas transmitidas oralmente durante siglos.;Collectio sententiarum Sinensium, magnopere in cultura tradita.;zh;Chino;Lingua Sinica;China;Sinae;Epoca Desconocida;Epocha Ignota;https://i.ibb.co/qLfpZm6h/china.png;0
1244;La vara del carro hacia el sur y la rodada hacia el norte;Hasta currus versus meridiem orbita versus septentrionem;南辕北辙;Proverbio Chino;;Proverbium Sinense;Conjunto de proverbios tradicionales de la cultura china que transmiten sabiduría popular, valores morales y enseñanzas prácticas transmitidas oralmente durante siglos.;Collectio sententiarum Sinensium, magnopere in cultura tradita.;zh;Chino;Lingua Sinica;China;Sinae;Epoca Desconocida;Epocha Ignota;https://i.ibb.co/qLfpZm6h/china.png;0
1245;Entre mil consideraciones de un tonto debe haber una aceptable;Inter mille cogitationes stulti una acceptabilis esse debet;愚者千虑必有一得;Proverbio Chino;;Proverbium Sinense;Conjunto de proverbios tradicionales de la cultura china que transmiten sabiduría popular, valores morales y enseñanzas prácticas transmitidas oralmente durante siglos.;Collectio sententiarum Sinensium, magnopere in cultura tradita.;zh;Chino;Lingua Sinica;China;Sinae;Epoca Desconocida;Epocha Ignota;https://i.ibb.co/qLfpZm6h/china.png;0
1246;Abrir la fuente y disminuir el escape del agua;Fontem aperire et effusionem aquae minuere;开源节流;Proverbio Chino;;Proverbium Sinense;Conjunto de proverbios tradicionales de la cultura china que transmiten sabiduría popular, valores morales y enseñanzas prácticas transmitidas oralmente durante siglos.;Collectio sententiarum Sinensium, magnopere in cultura tradita.;zh;Chino;Lingua Sinica;China;Sinae;Epoca Desconocida;Epocha Ignota;https://i.ibb.co/qLfpZm6h/china.png;0
1247;Acomoda el apetito a la comida y haz el traje según la talla;Appetitum cibis accommoda et vestem secundum mensuram fac;看菜吃饭量体裁衣;Proverbio Chino;;Proverbium Sinense;Conjunto de proverbios tradicionales de la cultura china que transmiten sabiduría popular, valores morales y enseñanzas prácticas transmitidas oralmente durante siglos.;Collectio sententiarum Sinensium, magnopere in cultura tradita.;zh;Chino;Lingua Sinica;China;Sinae;Epoca Desconocida;Epocha Ignota;https://i.ibb.co/qLfpZm6h/china.png;0
1248;Completar el número de flautistas sin saber tocar la flauta;Numerum tibicinum complere sine arte tibias canendi;滥竽充数;Proverbio Chino;;Proverbium Sinense;Conjunto de proverbios tradicionales de la cultura china que transmiten sabiduría popular, valores morales y enseñanzas prácticas transmitidas oralmente durante siglos.;Collectio sententiarum Sinensium, magnopere in cultura tradita.;zh;Chino;Lingua Sinica;China;Sinae;Epoca Desconocida;Epocha Ignota;https://i.ibb.co/qLfpZm6h/china.png;0
1249;Hombres de la misma quinta se atraen pájaros de idéntico plumaje vuelan juntos;Homines eiusdem quintae se attrahunt aves eiusdem plumae simul volant;物以类聚人以群分;Proverbio Chino;;Proverbium Sinense;Conjunto de proverbios tradicionales de la cultura china que transmiten sabiduría popular, valores morales y enseñanzas prácticas transmitidas oralmente durante siglos.;Collectio sententiarum Sinensium, magnopere in cultura tradita.;zh;Chino;Lingua Sinica;China;Sinae;Epoca Desconocida;Epocha Ignota;https://i.ibb.co/qLfpZm6h/china.png;0
1250;Tomar lo innecesario quitar lo sobrante;Necessarium capere superfluum removere;取其精华去其糟粕;Proverbio Chino;;Proverbium Sinense;Conjunto de proverbios tradicionales de la cultura china que transmiten sabiduría popular, valores morales y enseñanzas prácticas transmitidas oralmente durante siglos.;Collectio sententiarum Sinensium, magnopere in cultura tradita.;zh;Chino;Lingua Sinica;China;Sinae;Epoca Desconocida;Epocha Ignota;https://i.ibb.co/qLfpZm6h/china.png;0
1251;Si no entras en la cueva del tigre cómo vas a conseguir sus cachorros;Si in speluncam tigris non intras quomodo catulos eius consequi potes;不入虎穴焉得虎子;Proverbio Chino;;Proverbium Sinense;Conjunto de proverbios tradicionales de la cultura china que transmiten sabiduría popular, valores morales y enseñanzas prácticas transmitidas oralmente durante siglos.;Collectio sententiarum Sinensium, magnopere in cultura tradita.;zh;Chino;Lingua Sinica;China;Sinae;Epoca Desconocida;Epocha Ignota;https://i.ibb.co/qLfpZm6h/china.png;0
1252;A falta de un clavo se perdió una herradura por falta de una herradura se perdió un caballo;Clavo deficiente ferramentum periit ferramento deficiente equus periit;千里之堤溃于蚁穴;Proverbio Chino;;Proverbium Sinense;Conjunto de proverbios tradicionales de la cultura china que transmiten sabiduría popular, valores morales y enseñanzas prácticas transmitidas oralmente durante siglos.;Collectio sententiarum Sinensium, magnopere in cultura tradita.;zh;Chino;Lingua Sinica;China;Sinae;Epoca Desconocida;Epocha Ignota;https://i.ibb.co/qLfpZm6h/china.png;0
1253;Seguir los pasos de los otros al pie de la letra;Vestigia aliorum ad litteram sequi;亦步亦趋;Proverbio Chino;;Proverbium Sinense;Conjunto de proverbios tradicionales de la cultura china que transmiten sabiduría popular, valores morales y enseñanzas prácticas transmitidas oralmente durante siglos.;Collectio sententiarum Sinensium, magnopere in cultura tradita.;zh;Chino;Lingua Sinica;China;Sinae;Epoca Desconocida;Epocha Ignota;https://i.ibb.co/qLfpZm6h/china.png;0
1254;Quien busca al pez debe mojarse;Qui piscem quaerit madere debet;不经风雨怎能见彩虹;Proverbio Chino;;Proverbium Sinense;Conjunto de proverbios tradicionales de la cultura china que transmiten sabiduría popular, valores morales y enseñanzas prácticas transmitidas oralmente durante siglos.;Collectio sententiarum Sinensium, magnopere in cultura tradita.;zh;Chino;Lingua Sinica;China;Sinae;Epoca Desconocida;Epocha Ignota;https://i.ibb.co/qLfpZm6h/china.png;0
1255;La cabeza del perro sirve para sustituir la carne de cordero;Caput canis ad carnem agni substituendam servit;狗头充羊肉;Proverbio Chino;;Proverbium Sinense;Conjunto de proverbios tradicionales de la cultura china que transmiten sabiduría popular, valores morales y enseñanzas prácticas transmitidas oralmente durante siglos.;Collectio sententiarum Sinensium, magnopere in cultura tradita.;zh;Chino;Lingua Sinica;China;Sinae;Epoca Desconocida;Epocha Ignota;https://i.ibb.co/qLfpZm6h/china.png;0
1256;Gira la rueda treinta años al este y treinta años al oeste;Rota triginta annos ad orientem triginta ad occidentem girat;三十年河东三十年河西;Proverbio Chino;;Proverbium Sinense;Conjunto de proverbios tradicionales de la cultura china que transmiten sabiduría popular, valores morales y enseñanzas prácticas transmitidas oralmente durante siglos.;Collectio sententiarum Sinensium, magnopere in cultura tradita.;zh;Chino;Lingua Sinica;China;Sinae;Epoca Desconocida;Epocha Ignota;https://i.ibb.co/qLfpZm6h/china.png;0
1257;Ayudar al brote a crecer tirándolo hacia arriba;Germen adiuvare crescere trahendo sursum;拔苗助长;Proverbio Chino;;Proverbium Sinense;Conjunto de proverbios tradicionales de la cultura china que transmiten sabiduría popular, valores morales y enseñanzas prácticas transmitidas oralmente durante siglos.;Collectio sententiarum Sinensium, magnopere in cultura tradita.;zh;Chino;Lingua Sinica;China;Sinae;Epoca Desconocida;Epocha Ignota;https://i.ibb.co/qLfpZm6h/china.png;0
1258;Quien no ha estado en la Gran Muralla no es un hombre de verdad;Qui ad Magnam Murum non fuit homo verus non est;不到长城非好汉;Proverbio Chino;;Proverbium Sinense;Conjunto de proverbios tradicionales de la cultura china que transmiten sabiduría popular, valores morales y enseñanzas prácticas transmitidas oralmente durante siglos.;Collectio sententiarum Sinensium, magnopere in cultura tradita.;zh;Chino;Lingua Sinica;China;Sinae;Epoca Desconocida;Epocha Ignota;https://i.ibb.co/qLfpZm6h/china.png;0
1259;Escupir sangre tras cada tres pasos;Sanguinem post tres passus spuere;三步一吐血;Proverbio Chino;;Proverbium Sinense;Conjunto de proverbios tradicionales de la cultura china que transmiten sabiduría popular, valores morales y enseñanzas prácticas transmitidas oralmente durante siglos.;Collectio sententiarum Sinensium, magnopere in cultura tradita.;zh;Chino;Lingua Sinica;China;Sinae;Epoca Desconocida;Epocha Ignota;https://i.ibb.co/qLfpZm6h/china.png;0
1260;La honradez es la mejor prenda;Probitas optima dos est;诚实为上策;Proverbio Chino;;Proverbium Sinense;Conjunto de proverbios tradicionales de la cultura china que transmiten sabiduría popular, valores morales y enseñanzas prácticas transmitidas oralmente durante siglos.;Collectio sententiarum Sinensium, magnopere in cultura tradita.;zh;Chino;Lingua Sinica;China;Sinae;Epoca Desconocida;Epocha Ignota;https://i.ibb.co/qLfpZm6h/china.png;0
1261;Labios rojos y dientes blancos;Labra rubra dentes albi;唇红齿白;Proverbio Chino;;Proverbium Sinense;Conjunto de proverbios tradicionales de la cultura china que transmiten sabiduría popular, valores morales y enseñanzas prácticas transmitidas oralmente durante siglos.;Collectio sententiarum Sinensium, magnopere in cultura tradita.;zh;Chino;Lingua Sinica;China;Sinae;Epoca Desconocida;Epocha Ignota;https://i.ibb.co/qLfpZm6h/china.png;0
1262;Seguir el camino al revés a propósito;Viam contra propositum sequi;反其道而行之;Proverbio Chino;;Proverbium Sinense;Conjunto de proverbios tradicionales de la cultura china que transmiten sabiduría popular, valores morales y enseñanzas prácticas transmitidas oralmente durante siglos.;Collectio sententiarum Sinensium, magnopere in cultura tradita.;zh;Chino;Lingua Sinica;China;Sinae;Epoca Desconocida;Epocha Ignota;https://i.ibb.co/qLfpZm6h/china.png;0
1263;Volver a la vieja costumbre;Ad veterem consuetudinem reverti;故技重施;Proverbio Chino;;Proverbium Sinense;Conjunto de proverbios tradicionales de la cultura china que transmiten sabiduría popular, valores morales y enseñanzas prácticas transmitidas oralmente durante siglos.;Collectio sententiarum Sinensium, magnopere in cultura tradita.;zh;Chino;Lingua Sinica;China;Sinae;Epoca Desconocida;Epocha Ignota;https://i.ibb.co/qLfpZm6h/china.png;0
1264;Aferrado a las viejas enseñanzas sin cambio;Veteribus doctrinis sine mutatione inhaerens;墨守成规;Proverbio Chino;;Proverbium Sinense;Conjunto de proverbios tradicionales de la cultura china que transmiten sabiduría popular, valores morales y enseñanzas prácticas transmitidas oralmente durante siglos.;Collectio sententiarum Sinensium, magnopere in cultura tradita.;zh;Chino;Lingua Sinica;China;Sinae;Epoca Desconocida;Epocha Ignota;https://i.ibb.co/qLfpZm6h/china.png;0
1265;Con el estómago lleno y sin nada que hacer;Ventre pleno et nihil agendo;饱食终日无所用心;Proverbio Chino;;Proverbium Sinense;Conjunto de proverbios tradicionales de la cultura china que transmiten sabiduría popular, valores morales y enseñanzas prácticas transmitidas oralmente durante siglos.;Collectio sententiarum Sinensium, magnopere in cultura tradita.;zh;Chino;Lingua Sinica;China;Sinae;Epoca Desconocida;Epocha Ignota;https://i.ibb.co/qLfpZm6h/china.png;0
1266;Estar sentado en la cima de la montaña para ver los tigres luchando;In summo monte sedere ut tigres pugnantes videat;坐山观虎斗;Proverbio Chino;;Proverbium Sinense;Conjunto de proverbios tradicionales de la cultura china que transmiten sabiduría popular, valores morales y enseñanzas prácticas transmitidas oralmente durante siglos.;Collectio sententiarum Sinensium, magnopere in cultura tradita.;zh;Chino;Lingua Sinica;China;Sinae;Epoca Desconocida;Epocha Ignota;https://i.ibb.co/qLfpZm6h/china.png;0
1267;Tener ojos pero no reconocer el Monte Tai;Oculos habere sed Montem Tai non recognoscere;有眼不识泰山;Proverbio Chino;;Proverbium Sinense;Conjunto de proverbios tradicionales de la cultura china que transmiten sabiduría popular, valores morales y enseñanzas prácticas transmitidas oralmente durante siglos.;Collectio sententiarum Sinensium, magnopere in cultura tradita.;zh;Chino;Lingua Sinica;China;Sinae;Epoca Desconocida;Epocha Ignota;https://i.ibb.co/qLfpZm6h/china.png;0
1268;Antes de empezar algo ya desistir a medio camino;Antequam incipere iam in medio desistere;半途而废;Proverbio Chino;;Proverbium Sinense;Conjunto de proverbios tradicionales de la cultura china que transmiten sabiduría popular, valores morales y enseñanzas prácticas transmitidas oralmente durante siglos.;Collectio sententiarum Sinensium, magnopere in cultura tradita.;zh;Chino;Lingua Sinica;China;Sinae;Epoca Desconocida;Epocha Ignota;https://i.ibb.co/qLfpZm6h/china.png;0
1269;Hablar sin pensar;Loqui sine cogitare;信口开河;Proverbio Chino;;Proverbium Sinense;Conjunto de proverbios tradicionales de la cultura china que transmiten sabiduría popular, valores morales y enseñanzas prácticas transmitidas oralmente durante siglos.;Collectio sententiarum Sinensium, magnopere in cultura tradita.;zh;Chino;Lingua Sinica;China;Sinae;Epoca Desconocida;Epocha Ignota;https://i.ibb.co/qLfpZm6h/china.png;0
1270;Decir al este y señalar al oeste;Ad orientem dicere et ad occidentem monstrare;说东道西;Proverbio Chino;;Proverbium Sinense;Conjunto de proverbios tradicionales de la cultura china que transmiten sabiduría popular, valores morales y enseñanzas prácticas transmitidas oralmente durante siglos.;Collectio sententiarum Sinensium, magnopere in cultura tradita.;zh;Chino;Lingua Sinica;China;Sinae;Epoca Desconocida;Epocha Ignota;https://i.ibb.co/qLfpZm6h/china.png;0
1271;Cuando el diablo viejo juega un papel el joven aprende el juego;Cum daemon senex partem agit iuvenis ludum discit;老马识途;Proverbio Chino;;Proverbium Sinense;Conjunto de proverbios tradicionales de la cultura china que transmiten sabiduría popular, valores morales y enseñanzas prácticas transmitidas oralmente durante siglos.;Collectio sententiarum Sinensium, magnopere in cultura tradita.;zh;Chino;Lingua Sinica;China;Sinae;Epoca Desconocida;Epocha Ignota;https://i.ibb.co/qLfpZm6h/china.png;0
1272;Poner las cosas en su sitio con orden y concierto;Res suo loco cum ordine et consilio ponere;井井有条;Proverbio Chino;;Proverbium Sinense;Conjunto de proverbios tradicionales de la cultura china que transmiten sabiduría popular, valores morales y enseñanzas prácticas transmitidas oralmente durante siglos.;Collectio sententiarum Sinensium, magnopere in cultura tradita.;zh;Chino;Lingua Sinica;China;Sinae;Epoca Desconocida;Epocha Ignota;https://i.ibb.co/qLfpZm6h/china.png;0
1273;Fingir inocencia después de obtener ventaja;Innocentiam simulare post commodum obtentum;得了便宜还卖乖;Proverbio Chino;;Proverbium Sinense;Conjunto de proverbios tradicionales de la cultura china que transmiten sabiduría popular, valores morales y enseñanzas prácticas transmitidas oralmente durante siglos.;Collectio sententiarum Sinensium, magnopere in cultura tradita.;zh;Chino;Lingua Sinica;China;Sinae;Epoca Desconocida;Epocha Ignota;https://i.ibb.co/qLfpZm6h/china.png;0
1274;El sabio no dice todo lo que piensa pero siempre piensa todo lo que dice;Sapiens non omnia quae cogitat dicit sed semper omnia quae dicit cogitat;智者不言言者不智;Proverbio Chino;;Proverbium Sinense;Conjunto de proverbios tradicionales de la cultura china que transmiten sabiduría popular, valores morales y enseñanzas prácticas transmitidas oralmente durante siglos.;Collectio sententiarum Sinensium, magnopere in cultura tradita.;zh;Chino;Lingua Sinica;China;Sinae;Epoca Desconocida;Epocha Ignota;https://i.ibb.co/qLfpZm6h/china.png;0
1275;Un proverbio vale más que mil palabras;Proverbium plus quam mille verba valet;一言胜千语;Proverbio Chino;;Proverbium Sinense;Conjunto de proverbios tradicionales de la cultura china que transmiten sabiduría popular, valores morales y enseñanzas prácticas transmitidas oralmente durante siglos.;Collectio sententiarum Sinensium, magnopere in cultura tradita.;zh;Chino;Lingua Sinica;China;Sinae;Epoca Desconocida;Epocha Ignota;https://i.ibb.co/qLfpZm6h/china.png;0
1276;Si tú eres paciente en un momento de ira escaparás a cien días de tristeza;Si patiens es in momento irae centum diebus tristitiae effugies;忍一时风平浪静;Proverbio Chino;;Proverbium Sinense;Conjunto de proverbios tradicionales de la cultura china que transmiten sabiduría popular, valores morales y enseñanzas prácticas transmitidas oralmente durante siglos.;Collectio sententiarum Sinensium, magnopere in cultura tradita.;zh;Chino;Lingua Sinica;China;Sinae;Epoca Desconocida;Epocha Ignota;https://i.ibb.co/qLfpZm6h/china.png;0
1277;Haz que tus actos parezcan naturales y mantente en sintonía con el curso de las cosas;Actus tuos naturales videri fac et cum rerum cursu consentire;顺其自然;Proverbio Chino;;Proverbium Sinense;Conjunto de proverbios tradicionales de la cultura china que transmiten sabiduría popular, valores morales y enseñanzas prácticas transmitidas oralmente durante siglos.;Collectio sententiarum Sinensium, magnopere in cultura tradita.;zh;Chino;Lingua Sinica;China;Sinae;Epoca Desconocida;Epocha Ignota;https://i.ibb.co/qLfpZm6h/china.png;0
1278;Cuando camines camina cuando comas come;Cum ambules ambula cum edas ede;行亦禅坐亦禅;Proverbio Chino;;Proverbium Sinense;Conjunto de proverbios tradicionales de la cultura china que transmiten sabiduría popular, valores morales y enseñanzas prácticas transmitidas oralmente durante siglos.;Collectio sententiarum Sinensium, magnopere in cultura tradita.;zh;Chino;Lingua Sinica;China;Sinae;Epoca Desconocida;Epocha Ignota;https://i.ibb.co/qLfpZm6h/china.png;0
1279;El sabio puede cambiar de opinión el necio nunca;Sapiens sententiam mutare potest stultus numquam;智者改过愚者文过;Proverbio Chino;;Proverbium Sinense;Conjunto de proverbios tradicionales de la cultura china que transmiten sabiduría popular, valores morales y enseñanzas prácticas transmitidas oralmente durante siglos.;Collectio sententiarum Sinensium, magnopere in cultura tradita.;zh;Chino;Lingua Sinica;China;Sinae;Epoca Desconocida;Epocha Ignota;https://i.ibb.co/qLfpZm6h/china.png;0
1280;No importa lo lento que vayas mientras no te detengas;Non refert quam lente eas dummodo non subsistas;不怕慢只怕站;Proverbio Chino;;Proverbium Sinense;Conjunto de proverbios tradicionales de la cultura china que transmiten sabiduría popular, valores morales y enseñanzas prácticas transmitidas oralmente durante siglos.;Collectio sententiarum Sinensium, magnopere in cultura tradita.;zh;Chino;Lingua Sinica;China;Sinae;Epoca Desconocida;Epocha Ignota;https://i.ibb.co/qLfpZm6h/china.png;0
1281;Una familia que come unida permanece unida;Familia quae simul edit simul manet;家和万事兴;Proverbio Chino;;Proverbium Sinense;Conjunto de proverbios tradicionales de la cultura china que transmiten sabiduría popular, valores morales y enseñanzas prácticas transmitidas oralmente durante siglos.;Collectio sententiarum Sinensium, magnopere in cultura tradita.;zh;Chino;Lingua Sinica;China;Sinae;Epoca Desconocida;Epocha Ignota;https://i.ibb.co/qLfpZm6h/china.png;0
1282;Cuando bebas agua recuerda su fuente;Cum aquam bibas fontem eius memento;饮水思源;Proverbio Chino;;Proverbium Sinense;Conjunto de proverbios tradicionales de la cultura china que transmiten sabiduría popular, valores morales y enseñanzas prácticas transmitidas oralmente durante siglos.;Collectio sententiarum Sinensium, magnopere in cultura tradita.;zh;Chino;Lingua Sinica;China;Sinae;Epoca Desconocida;Epocha Ignota;https://i.ibb.co/qLfpZm6h/china.png;0
1283;Si no puedes ser el sol sé una estrella;Si sol esse non potes stella esto;不能为日则为星;Proverbio Chino;;Proverbium Sinense;Conjunto de proverbios tradicionales de la cultura china que transmiten sabiduría popular, valores morales y enseñanzas prácticas transmitidas oralmente durante siglos.;Collectio sententiarum Sinensium, magnopere in cultura tradita.;zh;Chino;Lingua Sinica;China;Sinae;Epoca Desconocida;Epocha Ignota;https://i.ibb.co/qLfpZm6h/china.png;0
1284;Las palabras buenas procuran calor por tres inviernos las malas hieren incluso en junio;Verba bona calorem per tres hiemes procurant mala etiam in Iunio vulnerant;良言一句三冬暖恶语伤人六月寒;Proverbio Chino;;Proverbium Sinense;Conjunto de proverbios tradicionales de la cultura china que transmiten sabiduría popular, valores morales y enseñanzas prácticas transmitidas oralmente durante siglos.;Collectio sententiarum Sinensium, magnopere in cultura tradita.;zh;Chino;Lingua Sinica;China;Sinae;Epoca Desconocida;Epocha Ignota;https://i.ibb.co/qLfpZm6h/china.png;0
1285;El tiempo revela a las personas;Tempus personas revelat;路遥知马力日久见人心;Proverbio Chino;;Proverbium Sinense;Conjunto de proverbios tradicionales de la cultura china que transmiten sabiduría popular, valores morales y enseñanzas prácticas transmitidas oralmente durante siglos.;Collectio sententiarum Sinensium, magnopere in cultura tradita.;zh;Chino;Lingua Sinica;China;Sinae;Epoca Desconocida;Epocha Ignota;https://i.ibb.co/qLfpZm6h/china.png;0
1286;Si quieres ser feliz toda tu vida aprende a trabajar;Si vis felix tota vita esse laborem disce;学会工作终生幸福;Proverbio Chino;;Proverbium Sinense;Conjunto de proverbios tradicionales de la cultura china que transmiten sabiduría popular, valores morales y enseñanzas prácticas transmitidas oralmente durante siglos.;Collectio sententiarum Sinensium, magnopere in cultura tradita.;zh;Chino;Lingua Sinica;China;Sinae;Epoca Desconocida;Epocha Ignota;https://i.ibb.co/qLfpZm6h/china.png;0
1287;La belleza está en los ojos de quien mira;Pulchritudo in oculis spectantis est;情人眼里出西施;Proverbio Chino;;Proverbium Sinense;Conjunto de proverbios tradicionales de la cultura china que transmiten sabiduría popular, valores morales y enseñanzas prácticas transmitidas oralmente durante siglos.;Collectio sententiarum Sinensium, magnopere in cultura tradita.;zh;Chino;Lingua Sinica;China;Sinae;Epoca Desconocida;Epocha Ignota;https://i.ibb.co/qLfpZm6h/china.png;0
1288;Aunque las flores sean bellas también se marchitan;Quamvis flores pulchri sint etiam marcescunt;花无百日红;Proverbio Chino;;Proverbium Sinense;Conjunto de proverbios tradicionales de la cultura china que transmiten sabiduría popular, valores morales y enseñanzas prácticas transmitidas oralmente durante siglos.;Collectio sententiarum Sinensium, magnopere in cultura tradita.;zh;Chino;Lingua Sinica;China;Sinae;Epoca Desconocida;Epocha Ignota;https://i.ibb.co/qLfpZm6h/china.png;0
1289;Los errores del pasado son las lecciones del futuro;Errores praeteriti lectiones futuri sunt;前车之鉴;Proverbio Chino;;Proverbium Sinense;Conjunto de proverbios tradicionales de la cultura china que transmiten sabiduría popular, valores morales y enseñanzas prácticas transmitidas oralmente durante siglos.;Collectio sententiarum Sinensium, magnopere in cultura tradita.;zh;Chino;Lingua Sinica;China;Sinae;Epoca Desconocida;Epocha Ignota;https://i.ibb.co/qLfpZm6h/china.png;0
1290;Con dinero el diablo muele tu maíz sin dinero ni agua de la fuente;Cum pecunia daemon frumentum tuum molit sine pecunia ne aquam e fonte;有钱能使鬼推磨;Proverbio Chino;;Proverbium Sinense;Conjunto de proverbios tradicionales de la cultura china que transmiten sabiduría popular, valores morales y enseñanzas prácticas transmitidas oralmente durante siglos.;Collectio sententiarum Sinensium, magnopere in cultura tradita.;zh;Chino;Lingua Sinica;China;Sinae;Epoca Desconocida;Epocha Ignota;https://i.ibb.co/qLfpZm6h/china.png;0
1291;Si no trabajas no comes;Si non laboras non edis;不劳不食;Proverbio Chino;;Proverbium Sinense;Conjunto de proverbios tradicionales de la cultura china que transmiten sabiduría popular, valores morales y enseñanzas prácticas transmitidas oralmente durante siglos.;Collectio sententiarum Sinensium, magnopere in cultura tradita.;zh;Chino;Lingua Sinica;China;Sinae;Epoca Desconocida;Epocha Ignota;https://i.ibb.co/qLfpZm6h/china.png;0
1292;Quien siembra vientos recoge tempestades;Qui ventos serit tempestates metit;种风得暴;Proverbio Chino;;Proverbium Sinense;Conjunto de proverbios tradicionales de la cultura china que transmiten sabiduría popular, valores morales y enseñanzas prácticas transmitidas oralmente durante siglos.;Collectio sententiarum Sinensium, magnopere in cultura tradita.;zh;Chino;Lingua Sinica;China;Sinae;Epoca Desconocida;Epocha Ignota;https://i.ibb.co/qLfpZm6h/china.png;0
1293;Un libro es como un jardín que se lleva en el bolsillo;Liber est velut hortus in sinu gestatus;书是口袋里的花园;Proverbio Chino;;Proverbium Sinense;Conjunto de proverbios tradicionales de la cultura china que transmiten sabiduría popular, valores morales y enseñanzas prácticas transmitidas oralmente durante siglos.;Collectio sententiarum Sinensium, magnopere in cultura tradita.;zh;Chino;Lingua Sinica;China;Sinae;Epoca Desconocida;Epocha Ignota;https://i.ibb.co/qLfpZm6h/china.png;0
1294;Los libros son las abejas que llevan el polen de una inteligencia a otra;Libri sunt apes quae pollen ab intelligentia ad aliam ferunt;书籍是智慧的蜜蜂;Proverbio Chino;;Proverbium Sinense;Conjunto de proverbios tradicionales de la cultura china que transmiten sabiduría popular, valores morales y enseñanzas prácticas transmitidas oralmente durante siglos.;Collectio sententiarum Sinensium, magnopere in cultura tradita.;zh;Chino;Lingua Sinica;China;Sinae;Epoca Desconocida;Epocha Ignota;https://i.ibb.co/qLfpZm6h/china.png;0
1295;Leer sin meditar es como comer sin digerir;Legere sine meditari est ut edere sine digerere;读而不思如食而不化;Proverbio Chino;;Proverbium Sinense;Conjunto de proverbios tradicionales de la cultura china que transmiten sabiduría popular, valores morales y enseñanzas prácticas transmitidas oralmente durante siglos.;Collectio sententiarum Sinensium, magnopere in cultura tradita.;zh;Chino;Lingua Sinica;China;Sinae;Epoca Desconocida;Epocha Ignota;https://i.ibb.co/qLfpZm6h/china.png;0
1296;Cada libro abierto es un universo que te espera;Liber quilibet apertus est universum quod te exspectat;每本书都是一个宇宙;Proverbio Chino;;Proverbium Sinense;Conjunto de proverbios tradicionales de la cultura china que transmiten sabiduría popular, valores morales y enseñanzas prácticas transmitidas oralmente durante siglos.;Collectio sententiarum Sinensium, magnopere in cultura tradita.;zh;Chino;Lingua Sinica;China;Sinae;Epoca Desconocida;Epocha Ignota;https://i.ibb.co/qLfpZm6h/china.png;0
1297;Si hay luz en el alma habrá belleza en la persona;Si lux in anima est pulchritudo in persona erit;心中有光人必美;Proverbio Chino;;Proverbium Sinense;Conjunto de proverbios tradicionales de la cultura china que transmiten sabiduría popular, valores morales y enseñanzas prácticas transmitidas oralmente durante siglos.;Collectio sententiarum Sinensium, magnopere in cultura tradita.;zh;Chino;Lingua Sinica;China;Sinae;Epoca Desconocida;Epocha Ignota;https://i.ibb.co/qLfpZm6h/china.png;0
1298;La mejor inversión es en conocimiento;Optima ratio in scientia est;最好的投资是知识;Proverbio Chino;;Proverbium Sinense;Conjunto de proverbios tradicionales de la cultura china que transmiten sabiduría popular, valores morales y enseñanzas prácticas transmitidas oralmente durante siglos.;Collectio sententiarum Sinensium, magnopere in cultura tradita.;zh;Chino;Lingua Sinica;China;Sinae;Epoca Desconocida;Epocha Ignota;https://i.ibb.co/qLfpZm6h/china.png;0
1299;El que no sabe nada no duda de nada;Qui nihil scit de nihilo dubitat;无知者无畏;Proverbio Chino;;Proverbium Sinense;Conjunto de proverbios tradicionales de la cultura china que transmiten sabiduría popular, valores morales y enseñanzas prácticas transmitidas oralmente durante siglos.;Collectio sententiarum Sinensium, magnopere in cultura tradita.;zh;Chino;Lingua Sinica;China;Sinae;Epoca Desconocida;Epocha Ignota;https://i.ibb.co/qLfpZm6h/china.png;0
1300;Las palabras dulces multiplican los amigos las palabras amargas los disminuyen;Verba dulcia amicos multiplicant verba amara minuunt;甜言蜜语多朋友恶语伤人少知己;Proverbio Chino;;Proverbium Sinense;Conjunto de proverbios tradicionales de la cultura china que transmiten sabiduría popular, valores morales y enseñanzas prácticas transmitidas oralmente durante siglos.;Collectio sententiarum Sinensium, magnopere in cultura tradita.;zh;Chino;Lingua Sinica;China;Sinae;Epoca Desconocida;Epocha Ignota;https://i.ibb.co/qLfpZm6h/china.png;0
1301;No temas crecer lentamente teme solo quedarte quieto;Ne timeas lente crescere time tantum quietum manere;不怕慢就怕站;Proverbio Chino;;Proverbium Sinense;Conjunto de proverbios tradicionales de la cultura china que transmiten sabiduría popular, valores morales y enseñanzas prácticas transmitidas oralmente durante siglos.;Collectio sententiarum Sinensium, magnopere in cultura tradita.;zh;Chino;Lingua Sinica;China;Sinae;Epoca Desconocida;Epocha Ignota;https://i.ibb.co/qLfpZm6h/china.png;0
1302;El hombre superior es modesto en el hablar pero abundante en el obrar;Homo superior modestus in loquendo sed abundans in operando;君子讷于言而敏于行;Proverbio Chino;;Proverbium Sinense;Conjunto de proverbios tradicionales de la cultura china que transmiten sabiduría popular, valores morales y enseñanzas prácticas transmitidas oralmente durante siglos.;Collectio sententiarum Sinensium, magnopere in cultura tradita.;zh;Chino;Lingua Sinica;China;Sinae;Epoca Desconocida;Epocha Ignota;https://i.ibb.co/qLfpZm6h/china.png;0
1303;El fracaso es la madre del éxito;Casus mater successus est;失败是成功之母;Proverbio Chino;;Proverbium Sinense;Conjunto de proverbios tradicionales de la cultura china que transmiten sabiduría popular, valores morales y enseñanzas prácticas transmitidas oralmente durante siglos.;Collectio sententiarum Sinensium, magnopere in cultura tradita.;zh;Chino;Lingua Sinica;China;Sinae;Epoca Desconocida;Epocha Ignota;https://i.ibb.co/qLfpZm6h/china.png;0
1304;Donde hay una voluntad hay un camino;Ubi voluntas est via est;有志者事竟成;Proverbio Chino;;Proverbium Sinense;Conjunto de proverbios tradicionales de la cultura china que transmiten sabiduría popular, valores morales y enseñanzas prácticas transmitidas oralmente durante siglos.;Collectio sententiarum Sinensium, magnopere in cultura tradita.;zh;Chino;Lingua Sinica;China;Sinae;Epoca Desconocida;Epocha Ignota;https://i.ibb.co/qLfpZm6h/china.png;0
1305;El que no puede soportar lo pequeño arruinará lo grande;Qui parvum tolerare non potest magnum corrumpit;小不忍则乱大谋;Proverbio Chino;;Proverbium Sinense;Conjunto de proverbios tradicionales de la cultura china que transmiten sabiduría popular, valores morales y enseñanzas prácticas transmitidas oralmente durante siglos.;Collectio sententiarum Sinensium, magnopere in cultura tradita.;zh;Chino;Lingua Sinica;China;Sinae;Epoca Desconocida;Epocha Ignota;https://i.ibb.co/qLfpZm6h/china.png;0
1306;La perseverancia todo lo alcanza;Perseverantia omnia consequitur;坚持到底就是胜利;Proverbio Chino;;Proverbium Sinense;Conjunto de proverbios tradicionales de la cultura china que transmiten sabiduría popular, valores morales y enseñanzas prácticas transmitidas oralmente durante siglos.;Collectio sententiarum Sinensium, magnopere in cultura tradita.;zh;Chino;Lingua Sinica;China;Sinae;Epoca Desconocida;Epocha Ignota;https://i.ibb.co/qLfpZm6h/china.png;0
1307;Un viaje de mil millas comienza con un solo paso;Iter mille millium passuum uno passu incipit;千里之行始于足下;Proverbio Chino;;Proverbium Sinense;Conjunto de proverbios tradicionales de la cultura china que transmiten sabiduría popular, valores morales y enseñanzas prácticas transmitidas oralmente durante siglos.;Collectio sententiarum Sinensium, magnopere in cultura tradita.;zh;Chino;Lingua Sinica;China;Sinae;Epoca Desconocida;Epocha Ignota;https://i.ibb.co/qLfpZm6h/china.png;0
1308;Escucha a todos los consejos pero decide por ti mismo;Omnia consilia audi sed per te ipsum decide;兼听则明偏信则暗;Proverbio Chino;;Proverbium Sinense;Conjunto de proverbios tradicionales de la cultura china que transmiten sabiduría popular, valores morales y enseñanzas prácticas transmitidas oralmente durante siglos.;Collectio sententiarum Sinensium, magnopere in cultura tradita.;zh;Chino;Lingua Sinica;China;Sinae;Epoca Desconocida;Epocha Ignota;https://i.ibb.co/qLfpZm6h/china.png;0
1309;El verdadero conocimiento es conocer la extensión de la propia ignorancia;Vera scientia est scire quantum ignorantiae propriae;知之为知之不知为不知是知也;Proverbio Chino;;Proverbium Sinense;Conjunto de proverbios tradicionales de la cultura china que transmiten sabiduría popular, valores morales y enseñanzas prácticas transmitidas oralmente durante siglos.;Collectio sententiarum Sinensium, magnopere in cultura tradita.;zh;Chino;Lingua Sinica;China;Sinae;Epoca Desconocida;Epocha Ignota;https://i.ibb.co/qLfpZm6h/china.png;0
1310;Si planeas para un año siembra arroz si para diez años planta árboles si para cien instruye al pueblo;Si annum cogitas oryza sere si decem annos arbores planta si centum populum doce;一年之计在于春十年树木百年树人;Proverbio Chino;;Proverbium Sinense;Conjunto de proverbios tradicionales de la cultura china que transmiten sabiduría popular, valores morales y enseñanzas prácticas transmitidas oralmente durante siglos.;Collectio sententiarum Sinensium, magnopere in cultura tradita.;zh;Chino;Lingua Sinica;China;Sinae;Epoca Desconocida;Epocha Ignota;https://i.ibb.co/qLfpZm6h/china.png;0
1311;El maestro abre la puerta pero tú debes entrar por ti mismo;Magister portam aperit sed tu per te ipsum intrare debes;师傅领进门修行在个人;Proverbio Chino;;Proverbium Sinense;Conjunto de proverbios tradicionales de la cultura china que transmiten sabiduría popular, valores morales y enseñanzas prácticas transmitidas oralmente durante siglos.;Collectio sententiarum Sinensium, magnopere in cultura tradita.;zh;Chino;Lingua Sinica;China;Sinae;Epoca Desconocida;Epocha Ignota;https://i.ibb.co/qLfpZm6h/china.png;0
1312;La joya más preciosa que puedes llevar alrededor de tu cuello es tu cabeza;Gemma pretiosissima quam circa collum ferre potes est caput tuum;人最宝贵的是脑袋;Proverbio Chino;;Proverbium Sinense;Conjunto de proverbios tradicionales de la cultura china que transmiten sabiduría popular, valores morales y enseñanzas prácticas transmitidas oralmente durante siglos.;Collectio sententiarum Sinensium, magnopere in cultura tradita.;zh;Chino;Lingua Sinica;China;Sinae;Epoca Desconocida;Epocha Ignota;https://i.ibb.co/qLfpZm6h/china.png;0
1313;Cava el pozo antes de tener sed;Puteum fode antequam sitias;未雨绸缪;Proverbio Chino;;Proverbium Sinense;Conjunto de proverbios tradicionales de la cultura china que transmiten sabiduría popular, valores morales y enseñanzas prácticas transmitidas oralmente durante siglos.;Collectio sententiarum Sinensium, magnopere in cultura tradita.;zh;Chino;Lingua Sinica;China;Sinae;Epoca Desconocida;Epocha Ignota;https://i.ibb.co/qLfpZm6h/china.png;0
1314;La paciencia es un árbol de raíz amarga pero de frutos muy dulces;Patientia arbor radicis amarae sed fructuum dulcissimorum est;忍耐是苦根甜果;Proverbio Chino;;Proverbium Sinense;Conjunto de proverbios tradicionales de la cultura china que transmiten sabiduría popular, valores morales y enseñanzas prácticas transmitidas oralmente durante siglos.;Collectio sententiarum Sinensium, magnopere in cultura tradita.;zh;Chino;Lingua Sinica;China;Sinae;Epoca Desconocida;Epocha Ignota;https://i.ibb.co/qLfpZm6h/china.png;0
1315;Si el problema tiene solución para qué preocuparse si no tiene solución de qué sirve preocuparse;Si problema solutionem habet quid sollicitari si non habet quid prodest sollicitari;有解何必忧无解忧何用;Proverbio Chino;;Proverbium Sinense;Conjunto de proverbios tradicionales de la cultura china que transmiten sabiduría popular, valores morales y enseñanzas prácticas transmitidas oralmente durante siglos.;Collectio sententiarum Sinensium, magnopere in cultura tradita.;zh;Chino;Lingua Sinica;China;Sinae;Epoca Desconocida;Epocha Ignota;https://i.ibb.co/qLfpZm6h/china.png;0
1316;El hombre que ha cometido un error y no lo corrige comete otro error mayor;Homo qui errorem commisit et non corrigit alium maiorem committit;知错不改错上加错;Proverbio Chino;;Proverbium Sinense;Conjunto de proverbios tradicionales de la cultura china que transmiten sabiduría popular, valores morales y enseñanzas prácticas transmitidas oralmente durante siglos.;Collectio sententiarum Sinensium, magnopere in cultura tradita.;zh;Chino;Lingua Sinica;China;Sinae;Epoca Desconocida;Epocha Ignota;https://i.ibb.co/qLfpZm6h/china.png;0
1317;Aprende del pasado vive el presente construye el futuro;Ex praeterito disce praesens vive futurum aedifica;鉴往知来;Proverbio Chino;;Proverbium Sinense;Conjunto de proverbios tradicionales de la cultura china que transmiten sabiduría popular, valores morales y enseñanzas prácticas transmitidas oralmente durante siglos.;Collectio sententiarum Sinensium, magnopere in cultura tradita.;zh;Chino;Lingua Sinica;China;Sinae;Epoca Desconocida;Epocha Ignota;https://i.ibb.co/qLfpZm6h/china.png;0
1318;Las grandes almas tienen voluntades las débiles solo deseos;Magnae animae voluntates habent debiles tantum cupiditates;大志者有意志弱者只有欲望;Proverbio Chino;;Proverbium Sinense;Conjunto de proverbios tradicionales de la cultura china que transmiten sabiduría popular, valores morales y enseñanzas prácticas transmitidas oralmente durante siglos.;Collectio sententiarum Sinensium, magnopere in cultura tradita.;zh;Chino;Lingua Sinica;China;Sinae;Epoca Desconocida;Epocha Ignota;https://i.ibb.co/qLfpZm6h/china.png;0
1319;No corras tras la mariposa cuida tu jardín y ella vendrá;Ne papilionem persequaris hortum tuum cole et veniet;不追蝴蝶护花园蝶自来;Proverbio Chino;;Proverbium Sinense;Conjunto de proverbios tradicionales de la cultura china que transmiten sabiduría popular, valores morales y enseñanzas prácticas transmitidas oralmente durante siglos.;Collectio sententiarum Sinensium, magnopere in cultura tradita.;zh;Chino;Lingua Sinica;China;Sinae;Epoca Desconocida;Epocha Ignota;https://i.ibb.co/qLfpZm6h/china.png;0
1320;El bambú que se dobla es más fuerte que el roble que resiste;Bambusa quae flectitur fortior est quam quercus quae resistit;竹弯强于橡硬;Proverbio Chino;;Proverbium Sinense;Conjunto de proverbios tradicionales de la cultura china que transmiten sabiduría popular, valores morales y enseñanzas prácticas transmitidas oralmente durante siglos.;Collectio sententiarum Sinensium, magnopere in cultura tradita.;zh;Chino;Lingua Sinica;China;Sinae;Epoca Desconocida;Epocha Ignota;https://i.ibb.co/qLfpZm6h/china.png;0
1321;Cuando sopla el viento de cambio unos construyen muros y otros molinos de viento;Cum ventus mutationis flat alii muros aedificant alii molendina venti;变革之风起有人筑墙有人造风车;Proverbio Chino;;Proverbium Sinense;Conjunto de proverbios tradicionales de la cultura china que transmiten sabiduría popular, valores morales y enseñanzas prácticas transmitidas oralmente durante siglos.;Collectio sententiarum Sinensium, magnopere in cultura tradita.;zh;Chino;Lingua Sinica;China;Sinae;Epoca Desconocida;Epocha Ignota;https://i.ibb.co/qLfpZm6h/china.png;0
1322;Si das pescado a un hombre hambriento le nutres una jornada si le enseñas a pescar le nutrirás toda su vida;Si piscem homini famelico das unum diem nutris si piscari doces totam vitam nutris;授人以鱼不如授人以渔;Proverbio Chino;;Proverbium Sinense;Conjunto de proverbios tradicionales de la cultura china que transmiten sabiduría popular, valores morales y enseñanzas prácticas transmitidas oralmente durante siglos.;Collectio sententiarum Sinensium, magnopere in cultura tradita.;zh;Chino;Lingua Sinica;China;Sinae;Epoca Desconocida;Epocha Ignota;https://i.ibb.co/qLfpZm6h/china.png;0
1323;Las palabras amables pueden ser cortas y fáciles de decir pero sus ecos son infinitos;Verba blanda brevia et facilia dictu esse possunt sed eorum resonantiae infinitae sunt;良言一句暖三冬;Proverbio Chino;;Proverbium Sinense;Conjunto de proverbios tradicionales de la cultura china que transmiten sabiduría popular, valores morales y enseñanzas prácticas transmitidas oralmente durante siglos.;Collectio sententiarum Sinensium, magnopere in cultura tradita.;zh;Chino;Lingua Sinica;China;Sinae;Epoca Desconocida;Epocha Ignota;https://i.ibb.co/qLfpZm6h/china.png;0
1324;El sabio no acumula cuanto más da a los demás más tiene para sí;Sapiens non accumulat quo plus aliis dat plus sibi habet;圣人不积既以为人己愈有;Proverbio Chino;;Proverbium Sinense;Conjunto de proverbios tradicionales de la cultura china que transmiten sabiduría popular, valores morales y enseñanzas prácticas transmitidas oralmente durante siglos.;Collectio sententiarum Sinensium, magnopere in cultura tradita.;zh;Chino;Lingua Sinica;China;Sinae;Epoca Desconocida;Epocha Ignota;https://i.ibb.co/qLfpZm6h/china.png;0
1325;Aprender es como remar contra corriente en cuanto se deja se retrocede;Discere est ut contra flumen remigare cum desinas retrocedis;学如逆水行舟不进则退;Proverbio Chino;;Proverbium Sinense;Conjunto de proverbios tradicionales de la cultura china que transmiten sabiduría popular, valores morales y enseñanzas prácticas transmitidas oralmente durante siglos.;Collectio sententiarum Sinensium, magnopere in cultura tradita.;zh;Chino;Lingua Sinica;China;Sinae;Epoca Desconocida;Epocha Ignota;https://i.ibb.co/qLfpZm6h/china.png;0
1326;No le temas al avance lento témele solo a la inactividad;Ne timeas progressum lentum time tantum inertiam;不怕慢只怕站;Proverbio Chino;;Proverbium Sinense;Conjunto de proverbios tradicionales de la cultura china que transmiten sabiduría popular, valores morales y enseñanzas prácticas transmitidas oralmente durante siglos.;Collectio sententiarum Sinensium, magnopere in cultura tradita.;zh;Chino;Lingua Sinica;China;Sinae;Epoca Desconocida;Epocha Ignota;https://i.ibb.co/qLfpZm6h/china.png;0
1327;La mayor gloria no está en no caer nunca sino en levantarse siempre;Maxima gloria non est numquam cadere sed semper surgere;最大的荣耀不在于从不跌倒而在于每次跌倒后都能站起来;Proverbio Chino;;Proverbium Sinense;Conjunto de proverbios tradicionales de la cultura china que transmiten sabiduría popular, valores morales y enseñanzas prácticas transmitidas oralmente durante siglos.;Collectio sententiarum Sinensium, magnopere in cultura tradita.;zh;Chino;Lingua Sinica;China;Sinae;Epoca Desconocida;Epocha Ignota;https://i.ibb.co/qLfpZm6h/china.png;0
1328;Las palabras tienen el poder de destruir y crear;Verba vim destruendi et creandi habent;言语能毁能创;Proverbio Chino;;Proverbium Sinense;Conjunto de proverbios tradicionales de la cultura china que transmiten sabiduría popular, valores morales y enseñanzas prácticas transmitidas oralmente durante siglos.;Collectio sententiarum Sinensium, magnopere in cultura tradita.;zh;Chino;Lingua Sinica;China;Sinae;Epoca Desconocida;Epocha Ignota;https://i.ibb.co/qLfpZm6h/china.png;0
1329;Si quieres conocer tu pasado mira tu presente si quieres conocer tu futuro mira tu presente;Si praeteritum tuum cognoscere vis praesens aspice si futurum tuum cognoscere vis praesens aspice;欲知过去现在是欲知未来现在是;Proverbio Chino;;Proverbium Sinense;Conjunto de proverbios tradicionales de la cultura china que transmiten sabiduría popular, valores morales y enseñanzas prácticas transmitidas oralmente durante siglos.;Collectio sententiarum Sinensium, magnopere in cultura tradita.;zh;Chino;Lingua Sinica;China;Sinae;Epoca Desconocida;Epocha Ignota;https://i.ibb.co/qLfpZm6h/china.png;0
1330;El éxito depende de la preparación previa y sin tal preparación seguro que hay fracaso;Successus ex praeparatione priore pendet et sine tali praeparatione certe casus est;成功靠准备无准备必败;Proverbio Chino;;Proverbium Sinense;Conjunto de proverbios tradicionales de la cultura china que transmiten sabiduría popular, valores morales y enseñanzas prácticas transmitidas oralmente durante siglos.;Collectio sententiarum Sinensium, magnopere in cultura tradita.;zh;Chino;Lingua Sinica;China;Sinae;Epoca Desconocida;Epocha Ignota;https://i.ibb.co/qLfpZm6h/china.png;0
1331;Quien conquista a otros es fuerte quien se conquista a sí mismo es poderoso;Qui alios vincit fortis est qui se ipsum vincit potens est;胜人者有力自胜者强;Proverbio Chino;;Proverbium Sinense;Conjunto de proverbios tradicionales de la cultura china que transmiten sabiduría popular, valores morales y enseñanzas prácticas transmitidas oralmente durante siglos.;Collectio sententiarum Sinensium, magnopere in cultura tradita.;zh;Chino;Lingua Sinica;China;Sinae;Epoca Desconocida;Epocha Ignota;https://i.ibb.co/qLfpZm6h/china.png;0
1332;Las palabras son como las flechas una vez lanzadas no regresan;Verba sunt ut sagittae semel emissae non redeunt;一言既出驷马难追;Proverbio Chino;;Proverbium Sinense;Conjunto de proverbios tradicionales de la cultura china que transmiten sabiduría popular, valores morales y enseñanzas prácticas transmitidas oralmente durante siglos.;Collectio sententiarum Sinensium, magnopere in cultura tradita.;zh;Chino;Lingua Sinica;China;Sinae;Epoca Desconocida;Epocha Ignota;https://i.ibb.co/qLfpZm6h/china.png;0
1333;No busques la felicidad crea las condiciones para que ella te encuentre;Ne felicitatem quaere conditiones crea ut te inveniat;不求幸福创造条件让幸福找你;Proverbio Chino;;Proverbium Sinense;Conjunto de proverbios tradicionales de la cultura china que transmiten sabiduría popular, valores morales y enseñanzas prácticas transmitidas oralmente durante siglos.;Collectio sententiarum Sinensium, magnopere in cultura tradita.;zh;Chino;Lingua Sinica;China;Sinae;Epoca Desconocida;Epocha Ignota;https://i.ibb.co/qLfpZm6h/china.png;0
1334;El hombre que mueve una montaña comienza cargando pequeñas piedras;Homo qui montem movet parvas petras portando incipit;移山始于搬石;Proverbio Chino;;Proverbium Sinense;Conjunto de proverbios tradicionales de la cultura china que transmiten sabiduría popular, valores morales y enseñanzas prácticas transmitidas oralmente durante siglos.;Collectio sententiarum Sinensium, magnopere in cultura tradita.;zh;Chino;Lingua Sinica;China;Sinae;Epoca Desconocida;Epocha Ignota;https://i.ibb.co/qLfpZm6h/china.png;0
1335;La paciencia es poder con tiempo y paciencia la hoja de morera se convierte en seda;Patientia potestas est tempore et patientia folium mori in sericum convertitur;耐心就是力量;Proverbio Chino;;Proverbium Sinense;Conjunto de proverbios tradicionales de la cultura china que transmiten sabiduría popular, valores morales y enseñanzas prácticas transmitidas oralmente durante siglos.;Collectio sententiarum Sinensium, magnopere in cultura tradita.;zh;Chino;Lingua Sinica;China;Sinae;Epoca Desconocida;Epocha Ignota;https://i.ibb.co/qLfpZm6h/china.png;0
1336;Si la mente está dispuesta el cuerpo puede resistir cualquier cosa;Si mens parata est corpus quidvis tolerare potest;心若在身可承;Proverbio Chino;;Proverbium Sinense;Conjunto de proverbios tradicionales de la cultura china que transmiten sabiduría popular, valores morales y enseñanzas prácticas transmitidas oralmente durante siglos.;Collectio sententiarum Sinensium, magnopere in cultura tradita.;zh;Chino;Lingua Sinica;China;Sinae;Epoca Desconocida;Epocha Ignota;https://i.ibb.co/qLfpZm6h/china.png;0
1337;La felicidad no es hacer lo que uno quiere sino querer lo que uno hace;Felicitas non est facere quod velis sed velle quod facias;幸福不是做想做的而是想做所做的;Proverbio Chino;;Proverbium Sinense;Conjunto de proverbios tradicionales de la cultura china que transmiten sabiduría popular, valores morales y enseñanzas prácticas transmitidas oralmente durante siglos.;Collectio sententiarum Sinensium, magnopere in cultura tradita.;zh;Chino;Lingua Sinica;China;Sinae;Epoca Desconocida;Epocha Ignota;https://i.ibb.co/qLfpZm6h/china.png;0
1338;No tengas miedo de avanzar lentamente ten miedo solo de quedarte quieto;Ne timeas lente progredi time tantum quietum stare;莫怕慢行只怕止步;Proverbio Chino;;Proverbium Sinense;Conjunto de proverbios tradicionales de la cultura china que transmiten sabiduría popular, valores morales y enseñanzas prácticas transmitidas oralmente durante siglos.;Collectio sententiarum Sinensium, magnopere in cultura tradita.;zh;Chino;Lingua Sinica;China;Sinae;Epoca Desconocida;Epocha Ignota;https://i.ibb.co/qLfpZm6h/china.png;0
1339;El que pregunta es tonto por cinco minutos el que no pregunta es tonto para siempre;Qui interrogat stultus quinque minutis est qui non interrogat stultus in perpetuum est;问者愚五分钟不问者愚永远;Proverbio Chino;;Proverbium Sinense;Conjunto de proverbios tradicionales de la cultura china que transmiten sabiduría popular, valores morales y enseñanzas prácticas transmitidas oralmente durante siglos.;Collectio sententiarum Sinensium, magnopere in cultura tradita.;zh;Chino;Lingua Sinica;China;Sinae;Epoca Desconocida;Epocha Ignota;https://i.ibb.co/qLfpZm6h/china.png;0
1340;Las dificultades fortalecen la mente así como el trabajo fortalece el cuerpo;Difficultates mentem confirmant sicut labor corpus confirmat;困难强心劳动强身;Proverbio Chino;;Proverbium Sinense;Conjunto de proverbios tradicionales de la cultura china que transmiten sabiduría popular, valores morales y enseñanzas prácticas transmitidas oralmente durante siglos.;Collectio sententiarum Sinensium, magnopere in cultura tradita.;zh;Chino;Lingua Sinica;China;Sinae;Epoca Desconocida;Epocha Ignota;https://i.ibb.co/qLfpZm6h/china.png;0
1341;El éxito es la suma de pequeños esfuerzos repetidos día tras día;Successus summa parvorum conatum die post diem repetitorum est;成功是日复一日小努力的总和;Proverbio Chino;;Proverbium Sinense;Conjunto de proverbios tradicionales de la cultura china que transmiten sabiduría popular, valores morales y enseñanzas prácticas transmitidas oralmente durante siglos.;Collectio sententiarum Sinensium, magnopere in cultura tradita.;zh;Chino;Lingua Sinica;China;Sinae;Epoca Desconocida;Epocha Ignota;https://i.ibb.co/qLfpZm6h/china.png;0
1342;La verdadera sabiduría consiste en no aparentar que se sabe lo que no se sabe;Vera sapientia consistit in non simulare se scire quod non sciat;真智在于不装知不知;Proverbio Chino;;Proverbium Sinense;Conjunto de proverbios tradicionales de la cultura china que transmiten sabiduría popular, valores morales y enseñanzas prácticas transmitidas oralmente durante siglos.;Collectio sententiarum Sinensium, magnopere in cultura tradita.;zh;Chino;Lingua Sinica;China;Sinae;Epoca Desconocida;Epocha Ignota;https://i.ibb.co/qLfpZm6h/china.png;0
1343;El hombre sabio no atesora cuanto más ayuda a otros más se beneficia;Homo sapiens non condit quo plus aliis auxiliatur plus prodest;智者不藏愈助人愈得;Proverbio Chino;;Proverbium Sinense;Conjunto de proverbios tradicionales de la cultura china que transmiten sabiduría popular, valores morales y enseñanzas prácticas transmitidas oralmente durante siglos.;Collectio sententiarum Sinensium, magnopere in cultura tradita.;zh;Chino;Lingua Sinica;China;Sinae;Epoca Desconocida;Epocha Ignota;https://i.ibb.co/qLfpZm6h/china.png;0
1344;Las raíces profundas no temen al viento;Radices profundae ventum non timent;根深不怕风;Proverbio Chino;;Proverbium Sinense;Conjunto de proverbios tradicionales de la cultura china que transmiten sabiduría popular, valores morales y enseñanzas prácticas transmitidas oralmente durante siglos.;Collectio sententiarum Sinensium, magnopere in cultura tradita.;zh;Chino;Lingua Sinica;China;Sinae;Epoca Desconocida;Epocha Ignota;https://i.ibb.co/qLfpZm6h/china.png;0
1345;Quien no sonríe no debe abrir una tienda;Qui non ridet tabernam aperire non debet;不笑莫开店;Proverbio Chino;;Proverbium Sinense;Conjunto de proverbios tradicionales de la cultura china que transmiten sabiduría popular, valores morales y enseñanzas prácticas transmitidas oralmente durante siglos.;Collectio sententiarum Sinensium, magnopere in cultura tradita.;zh;Chino;Lingua Sinica;China;Sinae;Epoca Desconocida;Epocha Ignota;https://i.ibb.co/qLfpZm6h/china.png;0
1346;El comienzo es la parte más importante del trabajo;Initium pars gravissima operis est;开始是工作最重要的部分;Proverbio Chino;;Proverbium Sinense;Conjunto de proverbios tradicionales de la cultura china que transmiten sabiduría popular, valores morales y enseñanzas prácticas transmitidas oralmente durante siglos.;Collectio sententiarum Sinensium, magnopere in cultura tradita.;zh;Chino;Lingua Sinica;China;Sinae;Epoca Desconocida;Epocha Ignota;https://i.ibb.co/qLfpZm6h/china.png;0
1347;No importa cuán lento vayas siempre y cuando no te detengas;Non refert quam lente eas dummodo non subsistas;慢无妨只要不停;Proverbio Chino;;Proverbium Sinense;Conjunto de proverbios tradicionales de la cultura china que transmiten sabiduría popular, valores morales y enseñanzas prácticas transmitidas oralmente durante siglos.;Collectio sententiarum Sinensium, magnopere in cultura tradita.;zh;Chino;Lingua Sinica;China;Sinae;Epoca Desconocida;Epocha Ignota;https://i.ibb.co/qLfpZm6h/china.png;0
1348;La vida es realmente simple pero insistimos en hacerla complicada;Vita re vera simplex est sed insistimus eam complicatam facere;生活本简单我们自复杂;Proverbio Chino;;Proverbium Sinense;Conjunto de proverbios tradicionales de la cultura china que transmiten sabiduría popular, valores morales y enseñanzas prácticas transmitidas oralmente durante siglos.;Collectio sententiarum Sinensium, magnopere in cultura tradita.;zh;Chino;Lingua Sinica;China;Sinae;Epoca Desconocida;Epocha Ignota;https://i.ibb.co/qLfpZm6h/china.png;0
1349;"Con favores se conquista a los espíritus pequeños; a los nobles se les gana con afecto";Favoribus animi parvi vincuntur nobilibus affectione capiuntur;Μικροψυχίαις χάρισιν νικῶνται γενναίοις δὲ φιλίᾳ;Jenofonte;Κύρου Παιδεία, Βιβλίον Α, κεφ. 6;Xenophon;Historiador militar y filósofo griego discípulo de Sócrates que narró la vida del maestro desde una perspectiva práctica y ética centrada en el ciudadano virtuoso y el liderazgo;Historicus miles et philosophus Graecus discipulus Socratis qui vitam magistri ex perspectiva practica et ethica de cive virtuoso et ducatu narravit;el;Griego;Lingua Graeca;Grecia;Graecia;Edad Antigua;Antiquitas;https://i.ibb.co/jPPtTZtx/jenofonte.png;0
1350;La alabanza es el más dulce de todos los sonidos;Laus dulcissima omnium sonorum est;Ἐπαίνος γλυκυτάτη πάντων φωνή ἐστιν;Jenofonte;Οἰκονομικός 14.10;Xenophon;Historiador militar y filósofo griego discípulo de Sócrates que narró la vida del maestro desde una perspectiva práctica y ética centrada en el ciudadano virtuoso y el liderazgo;Historicus miles et philosophus Graecus discipulus Socratis qui vitam magistri ex perspectiva practica et ethica de cive virtuoso et ducatu narravit;el;Griego;Lingua Graeca;Grecia;Graecia;Edad Antigua;Antiquitas;https://i.ibb.co/jPPtTZtx/jenofonte.png;0
1351;El hombre cuerdo y prudente sabe sacar provecho incluso de sus enemigos;Homo sapiens et prudens etiam ex hostibus commodum extrahere novit;Φρόνιμος ἀνὴρ καὶ ἐξ ἐχθρῶν ὠφελεῖσθαι οἶδεν;Jenofonte;Ἀπομνημονεύματα, Βιβλίον Γ, κεφ. 11;Xenophon;Historiador militar y filósofo griego discípulo de Sócrates que narró la vida del maestro desde una perspectiva práctica y ética centrada en el ciudadano virtuoso y el liderazgo;Historicus miles et philosophus Graecus discipulus Socratis qui vitam magistri ex perspectiva practica et ethica de cive virtuoso et ducatu narravit;el;Griego;Lingua Graeca;Grecia;Graecia;Edad Antigua;Antiquitas;https://i.ibb.co/jPPtTZtx/jenofonte.png;0
1352;Interrogar es enseñar;Interrogare docere est;Ἐρωτᾶν διδάσκειν ἐστίν;Jenofonte;Ἀπομνημονεύματα, Βιβλίον Α;Xenophon;Historiador militar y filósofo griego discípulo de Sócrates que narró la vida del maestro desde una perspectiva práctica y ética centrada en el ciudadano virtuoso y el liderazgo;Historicus miles et philosophus Graecus discipulus Socratis qui vitam magistri ex perspectiva practica et ethica de cive virtuoso et ducatu narravit;el;Griego;Lingua Graeca;Grecia;Graecia;Edad Antigua;Antiquitas;https://i.ibb.co/jPPtTZtx/jenofonte.png;0
1353;La obediencia voluntaria siempre es mejor que la forzada;Oboedientia voluntaria semper melior est quam coacta;Ἡ ἑκούσια πειθὼ κρείττων τῆς βιαίας;Jenofonte;Κύρου Παιδεία, Βιβλίον Β;Xenophon;Historiador militar y filósofo griego discípulo de Sócrates que narró la vida del maestro desde una perspectiva práctica y ética centrada en el ciudadano virtuoso y el liderazgo;Historicus miles et philosophus Graecus discipulus Socratis qui vitam magistri ex perspectiva practica et ethica de cive virtuoso et ducatu narravit;el;Griego;Lingua Graeca;Grecia;Graecia;Edad Antigua;Antiquitas;https://i.ibb.co/jPPtTZtx/jenofonte.png;0
1354;Lo que es bello y honesto los dioses no lo conceden sin trabajo;Quicquid pulchrum et honestum est dii hominibus non concedunt nisi pretio laboris et assiduitate;Ὅσα καλὰ καὶ τίμια ἐστίν οἱ θεοὶ οὐ δωρεάν διδόασι τοῖς ἀνθρώποις ἀλλὰ διὰ πόνου;Jenofonte;Οἰκονομικός 3.5;Xenophon;Historiador militar y filósofo griego discípulo de Sócrates que narró la vida del maestro desde una perspectiva práctica y ética centrada en el ciudadano virtuoso y el liderazgo;Historicus miles et philosophus Graecus discipulus Socratis qui vitam magistri ex perspectiva practica et ethica de cive virtuoso et ducatu narravit;el;Griego;Lingua Graeca;Grecia;Graecia;Edad Antigua;Antiquitas;https://i.ibb.co/jPPtTZtx/jenofonte.png;0
1355;Es difícil actuar libre de faltas, incluso si ninguna se comete;Difficile est agere ut quis liber culpis videatur;Χαλεπὸν ἀναμάρτητον εἶναι;Jenofonte;Ἀπομνημονεύματα 1.3;Xenophon;Historiador militar y filósofo griego discípulo de Sócrates que narró la vida del maestro desde una perspectiva práctica y ética centrada en el ciudadano virtuoso y el liderazgo;Historicus miles et philosophus Graecus discipulus Socratis qui vitam magistri ex perspectiva practica et ethica de cive virtuoso et ducatu narravit;el;Griego;Lingua Graeca;Grecia;Graecia;Edad Antigua;Antiquitas;https://i.ibb.co/jPPtTZtx/jenofonte.png;0
1356;Cada cual debe esforzarse como si fuera principal causante de la victoria;Unusquisque laborare debet ut credat se praecipuam causam victoriae esse;Ἕκαστον δεῖ οὕτω φιλοτιμεῖσθαι ὡς αὐτὸν μάλιστα αἴτιον τῆς νίκης;Jenofonte;Ἀνάβασις ΙΙ.6;Xenophon;Historiador militar y filósofo griego discípulo de Sócrates que narró la vida del maestro desde una perspectiva práctica y ética centrada en el ciudadano virtuoso y el liderazgo;Historicus miles et philosophus Graecus discipulus Socratis qui vitam magistri ex perspectiva practica et ethica de cive virtuoso et ducatu narravit;el;Griego;Lingua Graeca;Grecia;Graecia;Edad Antigua;Antiquitas;https://i.ibb.co/jPPtTZtx/jenofonte.png;0
1357;No puede existir un valor digno de alabanza si no va acompañado de prudencia;Non potest existere virtus laude digna nisi prudentia comitetur;Οὐκ ἔστιν ἐπαινετὴ ἀνδρεία ἄνευ φρονήσεως;Jenofonte;Κύρου Παιδεία, Βιβλίον Δ;Xenophon;Historiador militar y filósofo griego discípulo de Sócrates que narró la vida del maestro desde una perspectiva práctica y ética centrada en el ciudadano virtuoso y el liderazgo;Historicus miles et philosophus Graecus discipulus Socratis qui vitam magistri ex perspectiva practica et ethica de cive virtuoso et ducatu narravit;el;Griego;Lingua Graeca;Grecia;Graecia;Edad Antigua;Antiquitas;https://i.ibb.co/jPPtTZtx/jenofonte.png;0
1358;Muchos han sucumbido por proyectos demasiado grandes creyéndose fuertes;Quam multi succubuerunt infortunio propter consilia nimis vasta tantum quia se fortes sentiebant;Πόσοι ἀπώλοντο διὰ τὸ μεγάλα φρονεῖν ἰσχυροὶ ὄντες;Jenofonte;Κύρου Παιδεία, Βιβλίον Γ;Xenophon;Historiador militar y filósofo griego discípulo de Sócrates que narró la vida del maestro desde una perspectiva práctica y ética centrada en el ciudadano virtuoso y el liderazgo;Historicus miles et philosophus Graecus discipulus Socratis qui vitam magistri ex perspectiva practica et ethica de cive virtuoso et ducatu narravit;el;Griego;Lingua Graeca;Grecia;Graecia;Edad Antigua;Antiquitas;https://i.ibb.co/jPPtTZtx/jenofonte.png;0
1359;Consulta el ojo de tu enemigo pues es el primero que ve tus defectos;Conspice oculum inimici tui primus enim vitia tua videt;Σκέψαι τὸν ὀφθαλμὸν τοῦ ἐχθροῦ σου πρῶτος γὰρ τὰ ἐλαττώματά σου βλέπει;Antístenes;Διογένης Λαέρτιος, Βίοι καὶ γνῶμαι τῶν ἐν φιλοσοφίᾳ εὐδοκιμησάντων, Βιβλίον ΣΤ, frag. 55;Antisthenes;Filósofo griego discípulo directo de Sócrates y fundador de la escuela cínica que defendía la virtud la autosuficiencia y el desprecio por las riquezas materiales;Philosophus Graecus discipulus directus Socratis et fundator scholae Cynicae qui virtutem autosufficientia et contemptum divitiarum materialium defendebat;el;Griego;Lingua Graeca;Grecia;Graecia;Edad Antigua;Antiquitas;https://i.ibb.co/Xr7qMRcm/antistenes.png;0
1360;Los cuervos devoran a los muertos y los aduladores a los vivos;Corvi mortuos devorant adulatores vivos;Οἱ κόρακες τοὺς νεκροὺς κατεσθίουσιν οἱ κόλακες τοὺς ζῶντας;Antístenes;Στοβαῖος, Ἀνθολόγιον, Α, 27;Antisthenes;Filósofo griego discípulo directo de Sócrates y fundador de la escuela cínica que defendía la virtud la autosuficiencia y el desprecio por las riquezas materiales;Philosophus Graecus discipulus directus Socratis et fundator scholae Cynicae qui virtutem autosufficientia et contemptum divitiarum materialium defendebat;el;Griego;Lingua Graeca;Grecia;Graecia;Edad Antigua;Antiquitas;https://i.ibb.co/Xr7qMRcm/antistenes.png;0
1361;Las pasiones tienen causas y no principios;Passiones causas habent non principia;Τὰ πάθη αἰτίας ἔχει οὐκ ἀρχάς;Antístenes;Αὔλος Γέλλιος, Ἀττικαὶ Νύκτες, ΙΓ, 18;Antisthenes;Filósofo griego discípulo directo de Sócrates y fundador de la escuela cínica que defendía la virtud la autosuficiencia y el desprecio por las riquezas materiales;Philosophus Graecus discipulus directus Socratis et fundator scholae Cynicae qui virtutem autosufficientia et contemptum divitiarum materialium defendebat;el;Griego;Lingua Graeca;Grecia;Graecia;Edad Antigua;Antiquitas;https://i.ibb.co/Xr7qMRcm/antistenes.png;0
1362;Prefiero la locura a la voluptuosidad;Mallem insanire quam voluptate frui;Μᾶλλον ἂν μανείην ἢ ἡσθείην;Antístenes;Διογένης Λαέρτιος, Βιβλίον ΣΤ, frag. 65;Antisthenes;Filósofo griego discípulo directo de Sócrates y fundador de la escuela cínica que defendía la virtud la autosuficiencia y el desprecio por las riquezas materiales;Philosophus Graecus discipulus directus Socratis et fundator scholae Cynicae qui virtutem autosufficientia et contemptum divitiarum materialium defendebat;el;Griego;Lingua Graeca;Grecia;Graecia;Edad Antigua;Antiquitas;https://i.ibb.co/Xr7qMRcm/antistenes.png;0
1363;Principio de la educación es el examen de los términos;Principium educationis est examen nominum;Ἀρχὴ παιδεύσεως ἡ τῶν ὀνομάτων ἐπίσκεψις;Antístenes;Σέξτος Ἐμπειρικός, Πρὸς Μαθηματικούς, Β, 27;Antisthenes;Filósofo griego discípulo directo de Sócrates y fundador de la escuela cínica que defendía la virtud la autosuficiencia y el desprecio por las riquezas materiales;Philosophus Graecus discipulus directus Socratis et fundator scholae Cynicae qui virtutem autosufficientia et contemptum divitiarum materialium defendebat;el;Griego;Lingua Graeca;Grecia;Graecia;Edad Antigua;Antiquitas;https://i.ibb.co/Xr7qMRcm/antistenes.png;0
1364;No huyáis jamás del trabajo;Ne fugiatis laborem;Μὴ φεύγετε τὸν πόνον ἀγαθός ἐστι καὶ βελτίους ποιεῖ;Antístenes;Διογένης Λαέρτιος, Βιβλίον ΣΤ, frag. 73;Antisthenes;Filósofo griego discípulo directo de Sócrates y fundador de la escuela cínica que defendía la virtud la autosuficiencia y el desprecio por las riquezas materiales;Philosophus Graecus discipulus directus Socratis et fundator scholae Cynicae qui virtutem autosufficientia et contemptum divitiarum materialium defendebat;el;Griego;Lingua Graeca;Grecia;Graecia;Edad Antigua;Antiquitas;https://i.ibb.co/Xr7qMRcm/antistenes.png;0
1365;La virtud se basta a sí misma para la felicidad;Virtus sibi sufficiens ad felicitatem;Ἀρετὴ αὔταρκες εἰς εὐδαιμονίαν;Antístenes;Διογένης Λαέρτιος, Βιβλίον ΣΤ, frag. 12;Antisthenes;Filósofo griego discípulo directo de Sócrates y fundador de la escuela cínica que defendía la virtud la autosuficiencia y el desprecio por las riquezas materiales;Philosophus Graecus discipulus directus Socratis et fundator scholae Cynicae qui virtutem autosufficientia et contemptum divitiarum materialium defendebat;el;Griego;Lingua Graeca;Grecia;Graecia;Edad Antigua;Antiquitas;https://i.ibb.co/Xr7qMRcm/antistenes.png;0
1366;Si hablan mal de vosotros soportadlo con paciencia;Si male de vobis loquuntur ferte patienter;Εἰ κακῶς λέγουσιν ὑμᾶς φέρετε;Antístenes;Στοβαῖος, Ἀνθολόγιον, Α, 33;Antisthenes;Filósofo griego discípulo directo de Sócrates y fundador de la escuela cínica que defendía la virtud la autosuficiencia y el desprecio por las riquezas materiales;Philosophus Graecus discipulus directus Socratis et fundator scholae Cynicae qui virtutem autosufficientia et contemptum divitiarum materialium defendebat;el;Griego;Lingua Graeca;Grecia;Graecia;Edad Antigua;Antiquitas;https://i.ibb.co/Xr7qMRcm/antistenes.png;0
1367;Cuidaos de que os alaben los malos;Cavete ne vos mali laudent;Φυλάξασθε μὴ ὑμᾶς πονηροὶ ἐπαινῶσιν;Antístenes;Στοβαῖος, Α, 30;Antisthenes;Filósofo griego discípulo directo de Sócrates y fundador de la escuela cínica que defendía la virtud la autosuficiencia y el desprecio por las riquezas materiales;Philosophus Graecus discipulus directus Socratis et fundator scholae Cynicae qui virtutem autosufficientia et contemptum divitiarum materialium defendebat;el;Griego;Lingua Graeca;Grecia;Graecia;Edad Antigua;Antiquitas;https://i.ibb.co/Xr7qMRcm/antistenes.png;0
1368;Lo primero es desaprender el mal;Primum opus est dediscere malum quod didicimus;Πρῶτον ἔργον τὸ ἀπομανθάνειν τὸ κακὸν ὃ ἐμάθομεν;Antístenes;Διογένης Λαέρτιος, Βιβλίον ΣΤ, frag. 67;Antisthenes;Filósofo griego discípulo directo de Sócrates y fundador de la escuela cínica que defendía la virtud la autosuficiencia y el desprecio por las riquezas materiales;Philosophus Graecus discipulus directus Socratis et fundator scholae Cynicae qui virtutem autosufficientia et contemptum divitiarum materialium defendebat;el;Griego;Lingua Graeca;Grecia;Graecia;Edad Antigua;Antiquitas;https://i.ibb.co/Xr7qMRcm/antistenes.png;0
1369;Cada alma es y se convierte en lo que contempla;Quaeque anima est et fit quod contemplatur;Ἑκάστη ψυχὴ ἐστι καὶ γίνεται ὃ θεωρεῖ;Plotino;Ἐννεάδες IV.3.10;Plotinus;Filósofo neoplatónico fundador de la escuela neoplatónica que estableció el puente entre la filosofía griega clásica y la mística cristiana medieval con su doctrina sobre el Uno y la emanación del alma;Philosophus Neoplatonicus fundator scholae Neoplatonicae qui pontem inter philosophiam Graecam classicam et mysticam Christianam medievalem constituit cum doctrina de Uno et emanatione animae;el;Griego;Lingua Graeca;Roma;Roma;Edad Antigua;Antiquitas;https://i.ibb.co/wFKwzxC5/plotino.png;0
1370;El alma humana encerrada en el cuerpo padece sufrimiento;Anima humana in corpore clausa patitur;Ἡ ἀνθρωπίνη ψυχὴ ἐν τῷ σώματι κλειομένη πάσχει;Plotino;Ἐννεάδες II.9.5;Plotinus;Filósofo neoplatónico fundador de la escuela neoplatónica que estableció el puente entre la filosofía griega clásica y la mística cristiana medieval con su doctrina sobre el Uno y la emanación del alma;Philosophus Neoplatonicus fundator scholae Neoplatonicae qui pontem inter philosophiam Graecam classicam et mysticam Christianam medievalem constituit cum doctrina de Uno et emanatione animae;el;Griego;Lingua Graeca;Roma;Roma;Edad Antigua;Antiquitas;https://i.ibb.co/wFKwzxC5/plotino.png;0
1371;Es debilidad no inquietarnos por males ajenos;Infirmitas est non sollicitari malis alienis;Ἀσθένεια φανερά ἐστι μὴ ἀγωνιᾶν;Plotino;Ἐννεάδες IV.3.14;Plotinus;Filósofo neoplatónico fundador de la escuela neoplatónica que estableció el puente entre la filosofía griega clásica y la mística cristiana medieval con su doctrina sobre el Uno y la emanación del alma;Philosophus Neoplatonicus fundator scholae Neoplatonicae qui pontem inter philosophiam Graecam classicam et mysticam Christianam medievalem constituit cum doctrina de Uno et emanatione animae;el;Griego;Lingua Graeca;Roma;Roma;Edad Antigua;Antiquitas;https://i.ibb.co/wFKwzxC5/plotino.png;0
1372;Estoy esforzándome por reconducir lo divino en nosotros;Conor reducere divinum in nobis;Πειρῶμαι ἀναγαγεῖν τὸ θεῖον ἐν ἡμῖν;Plotino;Ἐννεάδες VI.9.12;Plotinus;Filósofo neoplatónico fundador de la escuela neoplatónica que estableció el puente entre la filosofía griega clásica y la mística cristiana medieval con su doctrina sobre el Uno y la emanación del alma;Philosophus Neoplatonicus fundator scholae Neoplatonicae qui pontem inter philosophiam Graecam classicam et mysticam Christianam medievalem constituit cum doctrina de Uno et emanatione animae;el;Griego;Lingua Graeca;Roma;Roma;Edad Antigua;Antiquitas;https://i.ibb.co/wFKwzxC5/plotino.png;0
1373;La grandeza de espíritu consiste en despreciar las cosas de este mundo;Magnitudo animi consistit in contemnendis rebus mundi huius;Μεγαλοψυχία ἐν τῷ καταφρονεῖν;Plotino;Ἐννεάδες IV.3.19;Plotinus;Filósofo neoplatónico fundador de la escuela neoplatónica que estableció el puente entre la filosofía griega clásica y la mística cristiana medieval con su doctrina sobre el Uno y la emanación del alma;Philosophus Neoplatonicus fundator scholae Neoplatonicae qui pontem inter philosophiam Graecam classicam et mysticam Christianam medievalem constituit cum doctrina de Uno et emanatione animae;el;Griego;Lingua Graeca;Roma;Roma;Edad Antigua;Antiquitas;https://i.ibb.co/wFKwzxC5/plotino.png;0
1374;Morir es cambiar de cuerpo como actor cambia de traje;Mori est corpus mutare sicut histrio vestem;Ἀποθνήσκειν ἐστὶ μεταβάλλειν σῶμα ὥσπερ ὑποκριτὴς;Plotino;Ἐννεάδες III.8.7;Plotinus;Filósofo neoplatónico fundador de la escuela neoplatónica que estableció el puente entre la filosofía griega clásica y la mística cristiana medieval con su doctrina sobre el Uno y la emanación del alma;Philosophus Neoplatonicus fundator scholae Neoplatonicae qui pontem inter philosophiam Graecam classicam et mysticam Christianam medievalem constituit cum doctrina de Uno et emanatione animae;el;Griego;Lingua Graeca;Roma;Roma;Edad Antigua;Antiquitas;https://i.ibb.co/wFKwzxC5/plotino.png;0
1375;Nuestro afán no es estar libre del pecado sino ser Dios;Studium nostrum non est sine peccato esse sed Deus esse;Ἡ σπουδὴ ἡμῶν οὐκ ἐν τῷ ἀναμάρτητον εἶναι;Plotino;Ἐννεάδες VI.7.10;Plotinus;Filósofo neoplatónico fundador de la escuela neoplatónica que estableció el puente entre la filosofía griega clásica y la mística cristiana medieval con su doctrina sobre el Uno y la emanación del alma;Philosophus Neoplatonicus fundator scholae Neoplatonicae qui pontem inter philosophiam Graecam classicam et mysticam Christianam medievalem constituit cum doctrina de Uno et emanatione animae;el;Griego;Lingua Graeca;Roma;Roma;Edad Antigua;Antiquitas;https://i.ibb.co/wFKwzxC5/plotino.png;0
1376;Ser o pensar es lo mismo;Esse aut cogitare idem est;Εἶναι ἢ νοεῖν ταὐτόν ἐστι;Plotino;Ἐννεάδες V.5.1;Plotinus;Filósofo neoplatónico fundador de la escuela neoplatónica que estableció el puente entre la filosofía griega clásica y la mística cristiana medieval con su doctrina sobre el Uno y la emanación del alma;Philosophus Neoplatonicus fundator scholae Neoplatonicae qui pontem inter philosophiam Graecam classicam et mysticam Christianam medievalem constituit cum doctrina de Uno et emanatione animae;el;Griego;Lingua Graeca;Roma;Roma;Edad Antigua;Antiquitas;https://i.ibb.co/wFKwzxC5/plotino.png;0
1377;Todo cuerpo está en el alma;Omne corpus in anima est;Πᾶν σῶμα ἐν ψυχῇ ἀλλ᾽ οὐ πᾶσα ψυχὴ ἐν σώματι;Plotino;Ἐννεάδες II.4.8;Plotinus;Filósofo neoplatónico fundador de la escuela neoplatónica que estableció el puente entre la filosofía griega clásica y la mística cristiana medieval con su doctrina sobre el Uno y la emanación del alma;Philosophus Neoplatonicus fundator scholae Neoplatonicae qui pontem inter philosophiam Graecam classicam et mysticam Christianam medievalem constituit cum doctrina de Uno et emanatione animae;el;Griego;Lingua Graeca;Roma;Roma;Edad Antigua;Antiquitas;https://i.ibb.co/wFKwzxC5/plotino.png;0
1378;El Uno está en todas partes y en ninguna;Unum ubique est et nusquam;Τὸ Ἓν πανταχοῦ καὶ οὐδαμοῦ;Plotino;Ἐννεάδες VI.9.1;Plotinus;Filósofo neoplatónico fundador de la escuela neoplatónica que estableció el puente entre la filosofía griega clásica y la mística cristiana medieval con su doctrina sobre el Uno y la emanación del alma;Philosophus Neoplatonicus fundator scholae Neoplatonicae qui pontem inter philosophiam Graecam classicam et mysticam Christianam medievalem constituit cum doctrina de Uno et emanatione animae;el;Griego;Lingua Graeca;Roma;Roma;Edad Antigua;Antiquitas;https://i.ibb.co/wFKwzxC5/plotino.png;0
1379;La patria nuestra es de donde partimos;Patria nostra est unde profecti sumus;Ἡ πατρὶς ἡμῶν ἐκείνη ἐστὶν ὅθεν ἤλθομεν;Plotino;Ἐννεάδες IV.4.21;Plotinus;Filósofo neoplatónico fundador de la escuela neoplatónica que estableció el puente entre la filosofía griega clásica y la mística cristiana medieval con su doctrina sobre el Uno y la emanación del alma;Philosophus Neoplatonicus fundator scholae Neoplatonicae qui pontem inter philosophiam Graecam classicam et mysticam Christianam medievalem constituit cum doctrina de Uno et emanatione animae;el;Griego;Lingua Graeca;Roma;Roma;Edad Antigua;Antiquitas;https://i.ibb.co/wFKwzxC5/plotino.png;0
1380;El alma es palabra de la Inteligencia;Anima verbum Intellectus est;Ἡ ψυχὴ λόγος τοῦ Νοῦ ἐστιν ἐνέργεια ὅλη;Plotino;Ἐννεάδες V.3.8;Plotinus;Filósofo neoplatónico fundador de la escuela neoplatónica que estableció el puente entre la filosofía griega clásica y la mística cristiana medieval con su doctrina sobre el Uno y la emanación del alma;Philosophus Neoplatonicus fundator scholae Neoplatonicae qui pontem inter philosophiam Graecam classicam et mysticam Christianam medievalem constituit cum doctrina de Uno et emanatione animae;el;Griego;Lingua Graeca;Roma;Roma;Edad Antigua;Antiquitas;https://i.ibb.co/wFKwzxC5/plotino.png;0
1381;Allí arriba el hombre es todo ojo;Ibi sursum homo totus oculus est;Ἐκεῖ ἄνω ὁ ἄνθρωπος ὅλος ὀφθαλμός ἐστι;Plotino;Ἐννεάδες IV.4.6;Plotinus;Filósofo neoplatónico fundador de la escuela neoplatónica que estableció el puente entre la filosofía griega clásica y la mística cristiana medieval con su doctrina sobre el Uno y la emanación del alma;Philosophus Neoplatonicus fundator scholae Neoplatonicae qui pontem inter philosophiam Graecam classicam et mysticam Christianam medievalem constituit cum doctrina de Uno et emanatione animae;el;Griego;Lingua Graeca;Roma;Roma;Edad Antigua;Antiquitas;https://i.ibb.co/wFKwzxC5/plotino.png;0
1382;La belleza es el resplandor de la verdad;Pulchritudo splendor veritatis est;Τὸ κάλλος λαμπρότης τῆς ἀληθείας ἐστίν;Plotino;Ἐννεάδες IV.3.22;Plotinus;Filósofo neoplatónico fundador de la escuela neoplatónica que estableció el puente entre la filosofía griega clásica y la mística cristiana medieval con su doctrina sobre el Uno y la emanación del alma;Philosophus Neoplatonicus fundator scholae Neoplatonicae qui pontem inter philosophiam Graecam classicam et mysticam Christianam medievalem constituit cum doctrina de Uno et emanatione animae;el;Griego;Lingua Graeca;Roma;Roma;Edad Antigua;Antiquitas;https://i.ibb.co/wFKwzxC5/plotino.png;0
1383;Huye de todo lo corpóreo y corre hacia el Uno;Fuge omne corporeum et curre ad Unum;Φεῦγε πᾶν σωματικὸν καὶ τρέχε πρὸς τὸ Ἕν;Plotino;Ἐννεάδες VI.9.5;Plotinus;Filósofo neoplatónico fundador de la escuela neoplatónica que estableció el puente entre la filosofía griega clásica y la mística cristiana medieval con su doctrina sobre el Uno y la emanación del alma;Philosophus Neoplatonicus fundator scholae Neoplatonicae qui pontem inter philosophiam Graecam classicam et mysticam Christianam medievalem constituit cum doctrina de Uno et emanatione animae;el;Griego;Lingua Graeca;Roma;Roma;Edad Antigua;Antiquitas;https://i.ibb.co/wFKwzxC5/plotino.png;0
1384;El alma no puede recordar nada de Dios si antes no se hace semejante a Él;Anima nihil de Deo meminisse potest nisi prius ei similis fiat;Ἡ ψυχὴ οὐδὲν τοῦ Θεοῦ μνημονεῦσαι δύναται;Plotino;Ἐννεάδες V.8.6;Plotinus;Filósofo neoplatónico fundador de la escuela neoplatónica que estableció el puente entre la filosofía griega clásica y la mística cristiana medieval con su doctrina sobre el Uno y la emanación del alma;Philosophus Neoplatonicus fundator scholae Neoplatonicae qui pontem inter philosophiam Graecam classicam et mysticam Christianam medievalem constituit cum doctrina de Uno et emanatione animae;el;Griego;Lingua Graeca;Roma;Roma;Edad Antigua;Antiquitas;https://i.ibb.co/wFKwzxC5/plotino.png;0
1385;La virtud es suficiente para la felicidad;Virtus sufficiens ad felicitatem est;Ἡ ἀρετὴ ἱκανὴ πρὸς εὐδαιμονίαν ἄνευ ἐξωτερικῶν;Plotino;Ἐννεάδες IV.3.19;Plotinus;Filósofo neoplatónico fundador de la escuela neoplatónica que estableció el puente entre la filosofía griega clásica y la mística cristiana medieval con su doctrina sobre el Uno y la emanación del alma;Philosophus Neoplatonicus fundator scholae Neoplatonicae qui pontem inter philosophiam Graecam classicam et mysticam Christianam medievalem constituit cum doctrina de Uno et emanatione animae;el;Griego;Lingua Graeca;Roma;Roma;Edad Antigua;Antiquitas;https://i.ibb.co/wFKwzxC5/plotino.png;0
1386;La vida allá arriba es fácil y la verdad es madre;Vita ibi sursum facilis est et veritas mater;Ἡ ζωὴ ἐκεῖ ἄνω ῥᾳδία καὶ ἡ ἀλήθεια μήτηρ τῶν ὄντων;Plotino;Ἐννεάδες IV.3.24;Plotinus;Filósofo neoplatónico fundador de la escuela neoplatónica que estableció el puente entre la filosofía griega clásica y la mística cristiana medieval con su doctrina sobre el Uno y la emanación del alma;Philosophus Neoplatonicus fundator scholae Neoplatonicae qui pontem inter philosophiam Graecam classicam et mysticam Christianam medievalem constituit cum doctrina de Uno et emanatione animae;el;Griego;Lingua Graeca;Roma;Roma;Edad Antigua;Antiquitas;https://i.ibb.co/wFKwzxC5/plotino.png;0
1387;Cerrar los ojos y despertar a otra manera de ver;Claude oculos et evigila ad alium modum videndi;Κλεῖσαι τοὺς ὀφθαλμοὺς καὶ ἐγερθῆναι εἰς ἄλλον τρόπον βλέποντα;Plotino;Ἐννεάδες V.4.11;Plotinus;Filósofo neoplatónico fundador de la escuela neoplatónica que estableció el puente entre la filosofía griega clásica y la mística cristiana medieval con su doctrina sobre el Uno y la emanación del alma;Philosophus Neoplatonicus fundator scholae Neoplatonicae qui pontem inter philosophiam Graecam classicam et mysticam Christianam medievalem constituit cum doctrina de Uno et emanatione animae;el;Griego;Lingua Graeca;Roma;Roma;Edad Antigua;Antiquitas;https://i.ibb.co/wFKwzxC5/plotino.png;0
1388;Así se hunde la mente en la profunda desesperación cuando las tormentas de la vida aumentan el peso de las preocupaciones terrenales;Sic mens profunda desperatione demergitur cum vitae procellae terrenorum onerum pondus augent;Sic mens in profundam desperationem mergitur cum vitae tempestates terrarum curarum pondus augent;Boecio;De Consolatione Philosophiae, sec. VI;Boethius;Filósofo poeta y político romano último representante de la filosofía clásica y primer medieval autor de La consolación de la filosofía que sirvió de puente entre el mundo antiguo y el cristiano medieval;Philosophus poeta et politicus Romanus ultimus philosophiae classicae et primus medievalis auctor De consolatione philosophiae qui pons inter mundum antiquum et Christianum medievalem fuit;la;Latín;Lingua Latina;Roma;Roma;Edad Media;Medium Aevum;https://i.ibb.co/XfRSKJzS/boecio.png;0
1389;Que los hombres se compongan y vivan en paz, pongan el destino altivo bajo sus pies y miren impasibles la buena y la mala fortuna;Ut homines se componant pacemque colant fatum superbum pedibus calcent bona malaque fortuna aequo animo intueantur;Ut homines se componant et in pace vivant fatum superbum sub pedibus ponant et aequo animo bonam malamque fortunam spectent;Boecio;De Consolatione Philosophiae, sec. VI;Boethius;Filósofo poeta y político romano último representante de la filosofía clásica y primer medieval autor de La consolación de la filosofía que sirvió de puente entre el mundo antiguo y el cristiano medieval;Philosophus poeta et politicus Romanus ultimus philosophiae classicae et primus medievalis auctor De consolatione philosophiae qui pons inter mundum antiquum et Christianum medievalem fuit;la;Latín;Lingua Latina;Roma;Roma;Edad Media;Medium Aevum;https://i.ibb.co/XfRSKJzS/boecio.png;0
1390;Ningún hombre es tan completamente feliz que algo en algún lugar no choque con su condición;Nemo tam plene felix est quin aliquid alicubi condicioni suae repugnet;Nullus homo tam omnino felix est ut aliquid alicubi cum condicione sua non pugnet;Boecio;De Consolatione Philosophiae, sec. VI;Boethius;Filósofo poeta y político romano último representante de la filosofía clásica y primer medieval autor de La consolación de la filosofía que sirvió de puente entre el mundo antiguo y el cristiano medieval;Philosophus poeta et politicus Romanus ultimus philosophiae classicae et primus medievalis auctor De consolatione philosophiae qui pons inter mundum antiquum et Christianum medievalem fuit;la;Latín;Lingua Latina;Roma;Roma;Edad Media;Medium Aevum;https://i.ibb.co/XfRSKJzS/boecio.png;0
1391;¿Por qué entonces vosotros, hombres mortales, buscáis la felicidad fuera de vosotros mismos, cuando esta reside dentro de vosotros?;Cur igitur mortales felicitatem extra vos quaeritis cum ea intus in vobis habitet;Cur igitur vos homines mortales felicitatem extra vosmetipsos quaeritis cum haec intus in vobis resideat;Boecio;De Consolatione Philosophiae, sec. VI;Boethius;Filósofo poeta y político romano último representante de la filosofía clásica y primer medieval autor de La consolación de la filosofía que sirvió de puente entre el mundo antiguo y el cristiano medieval;Philosophus poeta et politicus Romanus ultimus philosophiae classicae et primus medievalis auctor De consolatione philosophiae qui pons inter mundum antiquum et Christianum medievalem fuit;la;Latín;Lingua Latina;Roma;Roma;Edad Media;Medium Aevum;https://i.ibb.co/XfRSKJzS/boecio.png;0
1392;Si la felicidad es el bien supremo, la Fortuna, por su mutabilidad, no puede esperar conducir a la felicidad;Si felicitas summum bonum est Fortuna propter mutabilitatem ad felicitatem perducere non potest;Si felicitas summum bonum est Fortuna per mutabilitatem suam non potest sperare ad felicitatem ducere;Boecio;De Consolatione Philosophiae, sec. VI;Boethius;Filósofo poeta y político romano último representante de la filosofía clásica y primer medieval autor de La consolación de la filosofía que sirvió de puente entre el mundo antiguo y el cristiano medieval;Philosophus poeta et politicus Romanus ultimus philosophiae classicae et primus medievalis auctor De consolatione philosophiae qui pons inter mundum antiquum et Christianum medievalem fuit;la;Latín;Lingua Latina;Roma;Roma;Edad Media;Medium Aevum;https://i.ibb.co/XfRSKJzS/boecio.png;0
1393;Muchos hombres han sido famosos en su tiempo, pero su memoria ha perecido porque no hubo historiadores que escribieran sobre ellos;Multi homines suo aevo celebres fuere sed memoria eorum interiit quia scriptores defuere;Multi homines suo tempore famosi fuerunt sed eorum memoria periit quia non fuerunt historici qui de eis scriberent;Boecio;De Consolatione Philosophiae, sec. VI;Boethius;Filósofo poeta y político romano último representante de la filosofía clásica y primer medieval autor de La consolación de la filosofía que sirvió de puente entre el mundo antiguo y el cristiano medieval;Philosophus poeta et politicus Romanus ultimus philosophiae classicae et primus medievalis auctor De consolatione philosophiae qui pons inter mundum antiquum et Christianum medievalem fuit;la;Latín;Lingua Latina;Roma;Roma;Edad Media;Medium Aevum;https://i.ibb.co/XfRSKJzS/boecio.png;0
1394;El mundo en constante cambio mantiene una armonía, y los elementos mantienen la paz cuya naturaleza es guerrear;Mundus continua mutatione harmoniam servat, elementa pacem tenent quorum natura est pugnare;Mundus in constanti mutatione harmoniam servat et elementa pacem servant quorum natura est bellare;Boecio;De Consolatione Philosophiae, sec. VI;Boethius;Filósofo poeta y político romano último representante de la filosofía clásica y primer medieval autor de La consolación de la filosofía que sirvió de puente entre el mundo antiguo y el cristiano medieval;Philosophus poeta et politicus Romanus ultimus philosophiae classicae et primus medievalis auctor De consolatione philosophiae qui pons inter mundum antiquum et Christianum medievalem fuit;la;Latín;Lingua Latina;Roma;Roma;Edad Media;Medium Aevum;https://i.ibb.co/XfRSKJzS/boecio.png;0
1395;El amor mantiene a las personas unidas por el vínculo sagrado y teje el santo lazo del puro amor;Amor homines sacro foedere coniungit sanctumque vinculum puri amoris texet;Amor personas coniunctas tenet sacro vinculo et sanctum nexum puri amoris nectit;Boecio;De Consolatione Philosophiae, sec. VI;Boethius;Filósofo poeta y político romano último representante de la filosofía clásica y primer medieval autor de La consolación de la filosofía que sirvió de puente entre el mundo antiguo y el cristiano medieval;Philosophus poeta et politicus Romanus ultimus philosophiae classicae et primus medievalis auctor De consolatione philosophiae qui pons inter mundum antiquum et Christianum medievalem fuit;la;Latín;Lingua Latina;Roma;Roma;Edad Media;Medium Aevum;https://i.ibb.co/XfRSKJzS/boecio.png;0
1396;Oh, feliz raza de hombres, si el Amor que rige el cielo pudiera gobernar también vuestros corazones;O felix mortalium genus si Amor qui caelum regit corda etiam vestra gubernaret;O felix hominum genus si Amor qui caelum regit corda quoque vestra regere posset;Boecio;De Consolatione Philosophiae, sec. VI;Boethius;Filósofo poeta y político romano último representante de la filosofía clásica y primer medieval autor de La consolación de la filosofía que sirvió de puente entre el mundo antiguo y el cristiano medieval;Philosophus poeta et politicus Romanus ultimus philosophiae classicae et primus medievalis auctor De consolatione philosophiae qui pons inter mundum antiquum et Christianum medievalem fuit;la;Latín;Lingua Latina;Roma;Roma;Edad Media;Medium Aevum;https://i.ibb.co/XfRSKJzS/boecio.png;0
1397;Quien desea sembrar en suelo virgen, primero debe despojar los campos de maleza y arbustos;Qui in virgine solo serere vult prius agros zizaniis et vepribus purgare debet;Qui seminare desiderat in solo virgine prius debet agros a herbis et fruticibus purgare;Boecio;De Consolatione Philosophiae, sec. VI;Boethius;Filósofo poeta y político romano último representante de la filosofía clásica y primer medieval autor de La consolación de la filosofía que sirvió de puente entre el mundo antiguo y el cristiano medieval;Philosophus poeta et politicus Romanus ultimus philosophiae classicae et primus medievalis auctor De consolatione philosophiae qui pons inter mundum antiquum et Christianum medievalem fuit;la;Latín;Lingua Latina;Roma;Roma;Edad Media;Medium Aevum;https://i.ibb.co/XfRSKJzS/boecio.png;0
1398;En toda la dedicación con la que se afanan en innumerables empresas, los mortales transitan caminos diferentes, aunque todos luchan por alcanzar un mismo objetivo: la felicidad;Omni studio quo innumeris negotiis laborant mortales diversa itinera pergunt, quamquam omnes ad eundem finem felicitatem contendant;In omni dedicatione qua in innumeris inceptis laborant mortales vias diversas transeunt licet omnes pro eodem fine felicitate contendant;Boecio;De Consolatione Philosophiae, sec. VI;Boethius;Filósofo poeta y político romano último representante de la filosofía clásica y primer medieval autor de La consolación de la filosofía que sirvió de puente entre el mundo antiguo y el cristiano medieval;Philosophus poeta et politicus Romanus ultimus philosophiae classicae et primus medievalis auctor De consolatione philosophiae qui pons inter mundum antiquum et Christianum medievalem fuit;la;Latín;Lingua Latina;Roma;Roma;Edad Media;Medium Aevum;https://i.ibb.co/XfRSKJzS/boecio.png;0
1399;La felicidad es un estado perfeccionado por la presencia de todo lo que es bueno;Felicitas status perfectus est bonorum omnium congregatione perfectus;Felicitas est status perfectus praesentia omnium quae bona sunt;Boecio;De Consolatione Philosophiae, sec. VI;Boethius;Filósofo poeta y político romano último representante de la filosofía clásica y primer medieval autor de La consolación de la filosofía que sirvió de puente entre el mundo antiguo y el cristiano medieval;Philosophus poeta et politicus Romanus ultimus philosophiae classicae et primus medievalis auctor De consolatione philosophiae qui pons inter mundum antiquum et Christianum medievalem fuit;la;Latín;Lingua Latina;Roma;Roma;Edad Media;Medium Aevum;https://i.ibb.co/XfRSKJzS/boecio.png;0
1400;No hay duda de que estos caminos hacia la felicidad son desvíos y no pueden llevarnos al destino que prometen;Haud dubium est has vias ad felicitatem devia esse nec posse nos quo promittunt perducere;Non est dubium quin hae viae ad felicitatem diverticula sint nec possint nos ad destinationem quam promittunt ducere;Boecio;De Consolatione Philosophiae, sec. VI;Boethius;Filósofo poeta y político romano último representante de la filosofía clásica y primer medieval autor de La consolación de la filosofía que sirvió de puente entre el mundo antiguo y el cristiano medieval;Philosophus poeta et politicus Romanus ultimus philosophiae classicae et primus medievalis auctor De consolatione philosophiae qui pons inter mundum antiquum et Christianum medievalem fuit;la;Latín;Lingua Latina;Roma;Roma;Edad Media;Medium Aevum;https://i.ibb.co/XfRSKJzS/boecio.png;0
1401;Dichoso el hombre cuyos ojos una vez pudieron percibir la resplandeciente fuente del bien;Beatus homo cuius oculi splendorem fontis boni semel videre potuerunt;Beatus homo cuius oculi semel lucentem fontem boni percipere potuerunt;Boecio;De Consolatione Philosophiae, sec. VI;Boethius;Filósofo poeta y político romano último representante de la filosofía clásica y primer medieval autor de La consolación de la filosofía que sirvió de puente entre el mundo antiguo y el cristiano medieval;Philosophus poeta et politicus Romanus ultimus philosophiae classicae et primus medievalis auctor De consolatione philosophiae qui pons inter mundum antiquum et Christianum medievalem fuit;la;Latín;Lingua Latina;Roma;Roma;Edad Media;Medium Aevum;https://i.ibb.co/XfRSKJzS/boecio.png;0
1402;La mayor causa de mi tristeza es que, a pesar de contar con un buen timonel que guíe al mundo, el mal puede existir;Maxima tristitiae meae causa est quod quamvis bonus rector mundum gubernet malum esse potest;Maxima causa tristitiae meae est quod licet bonus gubernator mundum regat malum existere potest;Boecio;De Consolatione Philosophiae, sec. VI;Boethius;Filósofo poeta y político romano último representante de la filosofía clásica y primer medieval autor de La consolación de la filosofía que sirvió de puente entre el mundo antiguo y el cristiano medieval;Philosophus poeta et politicus Romanus ultimus philosophiae classicae et primus medievalis auctor De consolatione philosophiae qui pons inter mundum antiquum et Christianum medievalem fuit;la;Latín;Lingua Latina;Roma;Roma;Edad Media;Medium Aevum;https://i.ibb.co/XfRSKJzS/boecio.png;0
1403;Los buenos son siempre fuertes y los malvados siempre humildes y débiles;Boni semper validi, mali semper imbecilles ac debiles;Boni semper fortes sunt et mali semper humiles et debiles;Boecio;De Consolatione Philosophiae, sec. VI;Boethius;Filósofo poeta y político romano último representante de la filosofía clásica y primer medieval autor de La consolación de la filosofía que sirvió de puente entre el mundo antiguo y el cristiano medieval;Philosophus poeta et politicus Romanus ultimus philosophiae classicae et primus medievalis auctor De consolatione philosophiae qui pons inter mundum antiquum et Christianum medievalem fuit;la;Latín;Lingua Latina;Roma;Roma;Edad Media;Medium Aevum;https://i.ibb.co/XfRSKJzS/boecio.png;0
1404;La bondad misma se establece como una especie de recompensa común de la actividad humana;Bonitas ipsa velut commune praemium humanae actionis constituitur;Bonitas ipsa constituitur ut quaedam merces communis humanae activitatis;Boecio;De Consolatione Philosophiae, sec. VI;Boethius;Filósofo poeta y político romano último representante de la filosofía clásica y primer medieval autor de La consolación de la filosofía que sirvió de puente entre el mundo antiguo y el cristiano medieval;Philosophus poeta et politicus Romanus ultimus philosophiae classicae et primus medievalis auctor De consolatione philosophiae qui pons inter mundum antiquum et Christianum medievalem fuit;la;Latín;Lingua Latina;Roma;Roma;Edad Media;Medium Aevum;https://i.ibb.co/XfRSKJzS/boecio.png;0
1405;Veamos lo que decreta la ley eterna: si has dirigido tu mente a cosas más elevadas, eres tú mismo quien te has llevado a un estado más excelente;Videamus quid aeterna lex decernat si mentem ad altiora direxisti, te ipsum ad excellentiorem statum provexisti;Videamus quid lex aeterna decernit si mentem tuam ad altiora direxisti tu ipse es qui te ad statum excellentiorem tulisti;Boecio;De Consolatione Philosophiae, sec. VI;Boethius;Filósofo poeta y político romano último representante de la filosofía clásica y primer medieval autor de La consolación de la filosofía que sirvió de puente entre el mundo antiguo y el cristiano medieval;Philosophus poeta et politicus Romanus ultimus philosophiae classicae et primus medievalis auctor De consolatione philosophiae qui pons inter mundum antiquum et Christianum medievalem fuit;la;Latín;Lingua Latina;Roma;Roma;Edad Media;Medium Aevum;https://i.ibb.co/XfRSKJzS/boecio.png;0
1406;No existe tal cosa como la casualidad, y es una palabra completamente sin sentido;Non est res talis ut casus et est vox plane sine mente;Non existit talis res ut casus et est verbum omnino sine sensu;Boecio;De Consolatione Philosophiae, sec. VI;Boethius;Filósofo poeta y político romano último representante de la filosofía clásica y primer medieval autor de La consolación de la filosofía que sirvió de puente entre el mundo antiguo y el cristiano medieval;Philosophus poeta et politicus Romanus ultimus philosophiae classicae et primus medievalis auctor De consolatione philosophiae qui pons inter mundum antiquum et Christianum medievalem fuit;la;Latín;Lingua Latina;Roma;Roma;Edad Media;Medium Aevum;https://i.ibb.co/XfRSKJzS/boecio.png;0
1407;Hay libertad, pues sería imposible que existiera alguna naturaleza racional sin ella;Libertas est nam fieri non potest ut natura rationalis sine ea sit;Est libertas nam impossibile esset ut natura rationalis aliqua sine ea existeret;Boecio;De Consolatione Philosophiae, sec. VI;Boethius;Filósofo poeta y político romano último representante de la filosofía clásica y primer medieval autor de La consolación de la filosofía que sirvió de puente entre el mundo antiguo y el cristiano medieval;Philosophus poeta et politicus Romanus ultimus philosophiae classicae et primus medievalis auctor De consolatione philosophiae qui pons inter mundum antiquum et Christianum medievalem fuit;la;Latín;Lingua Latina;Roma;Roma;Edad Media;Medium Aevum;https://i.ibb.co/XfRSKJzS/boecio.png;0
1408;La voluntad es más noble que el intelecto porque el amor une mientras el conocimiento separa;Voluntas nobilior est quam intellectus quia amor coniungit cognitio vero dividit;Voluntas nobilior est intellectu quia amor unit dum cognitio separat;Juan Duns Escoto;Ordinatio, sec. XIII–XIV;Ioannes Duns Scotus;Teólogo franciscano escocés Doctor Sutil conocido por su defensa de la Inmaculada Concepción su voluntarismo y su oposición intelectual a Santo Tomás de Aquino siendo fundamental para la filosofía católica sobre la libertad y la voluntad;Theologus Franciscanus Scoticus Doctor Subtilis notus pro defensione Immaculatae Conceptionis voluntarismo et oppositione intellectuali ad Thomam Aquinatem fundamentalis pro philosophia catholica de libertate et voluntate;la;Latín;Lingua Latina;Reino Unido;Regnum Unitum;Edad Media;Medium Aevum;https://i.ibb.co/KkCQxPT/juanduns.png;0
1409;Dios no ama porque algo sea bueno, sino que algo es bueno porque Dios lo ama;Deus non amat quia res bona est sed res bona est quia Deus eam amat;Deus non amat quia aliquid bonum est sed aliquid bonum est quia Deus illud amat;Juan Duns Escoto;Ordinatio, sec. XIII–XIV;Ioannes Duns Scotus;Teólogo franciscano escocés Doctor Sutil conocido por su defensa de la Inmaculada Concepción su voluntarismo y su oposición intelectual a Santo Tomás de Aquino siendo fundamental para la filosofía católica sobre la libertad y la voluntad;Theologus Franciscanus Scoticus Doctor Subtilis notus pro defensione Immaculatae Conceptionis voluntarismo et oppositione intellectuali ad Thomam Aquinatem fundamentalis pro philosophia catholica de libertate et voluntate;la;Latín;Lingua Latina;Reino Unido;Regnum Unitum;Edad Media;Medium Aevum;https://i.ibb.co/KkCQxPT/juanduns.png;0
1410;La libertad no consiste en poder elegir entre el bien y el mal, sino en la capacidad de autodeterminación;Libertas non in electione inter bonum et malum consistit sed in capacitate se ipsum determinandi;Libertas non consistit in potentia eligendi inter bonum et malum sed in capacitate autodeterminationis;Juan Duns Escoto;Ordinatio, sec. XIII–XIV;Ioannes Duns Scotus;Teólogo franciscano escocés Doctor Sutil conocido por su defensa de la Inmaculada Concepción su voluntarismo y su oposición intelectual a Santo Tomás de Aquino siendo fundamental para la filosofía católica sobre la libertad y la voluntad;Theologus Franciscanus Scoticus Doctor Subtilis notus pro defensione Immaculatae Conceptionis voluntarismo et oppositione intellectuali ad Thomam Aquinatem fundamentalis pro philosophia catholica de libertate et voluntate;la;Latín;Lingua Latina;Reino Unido;Regnum Unitum;Edad Media;Medium Aevum;https://i.ibb.co/KkCQxPT/juanduns.png;0
1411;Todo lo que no es imposible puede ser realizado por Dios;Quodcumque non implicat contradictionem a Deo fieri potest;Omne quod non est impossibile potest a Deo fieri;Juan Duns Escoto;Ordinatio, sec. XIII–XIV;Ioannes Duns Scotus;Teólogo franciscano escocés Doctor Sutil conocido por su defensa de la Inmaculada Concepción su voluntarismo y su oposición intelectual a Santo Tomás de Aquino siendo fundamental para la filosofía católica sobre la libertad y la voluntad;Theologus Franciscanus Scoticus Doctor Subtilis notus pro defensione Immaculatae Conceptionis voluntarismo et oppositione intellectuali ad Thomam Aquinatem fundamentalis pro philosophia catholica de libertate et voluntate;la;Latín;Lingua Latina;Reino Unido;Regnum Unitum;Edad Media;Medium Aevum;https://i.ibb.co/KkCQxPT/juanduns.png;0
1412;El ser se dice unívocamente de Dios y de las criaturas;Ens univoce praedicatur de Deo et creaturis;Ens univoce dicitur de Deo et de creaturis;Juan Duns Escoto;Ordinatio, sec. XIII–XIV;Ioannes Duns Scotus;Teólogo franciscano escocés Doctor Sutil conocido por su defensa de la Inmaculada Concepción su voluntarismo y su oposición intelectual a Santo Tomás de Aquino siendo fundamental para la filosofía católica sobre la libertad y la voluntad;Theologus Franciscanus Scoticus Doctor Subtilis notus pro defensione Immaculatae Conceptionis voluntarismo et oppositione intellectuali ad Thomam Aquinatem fundamentalis pro philosophia catholica de libertate et voluntate;la;Latín;Lingua Latina;Reino Unido;Regnum Unitum;Edad Media;Medium Aevum;https://i.ibb.co/KkCQxPT/juanduns.png;0
1413;La materia no es pura potencia, sino que tiene su propia actualidad;Materia non est pura potentialitas sed suam habet actualitatem;Materia non est pura potentia sed habet propriam actualitatem;Juan Duns Escoto;Ordinatio, sec. XIII–XIV;Ioannes Duns Scotus;Teólogo franciscano escocés Doctor Sutil conocido por su defensa de la Inmaculada Concepción su voluntarismo y su oposición intelectual a Santo Tomás de Aquino siendo fundamental para la filosofía católica sobre la libertad y la voluntad;Theologus Franciscanus Scoticus Doctor Subtilis notus pro defensione Immaculatae Conceptionis voluntarismo et oppositione intellectuali ad Thomam Aquinatem fundamentalis pro philosophia catholica de libertate et voluntate;la;Latín;Lingua Latina;Reino Unido;Regnum Unitum;Edad Media;Medium Aevum;https://i.ibb.co/KkCQxPT/juanduns.png;0
1414;Cristo habría venido aunque no hubiera habido pecado;Christus incarnatus fuisset etiam si Adam non peccasset;Christus venisset etsi peccatum non fuisset;Juan Duns Escoto;Ordinatio, sec. XIII–XIV;Ioannes Duns Scotus;Teólogo franciscano escocés Doctor Sutil conocido por su defensa de la Inmaculada Concepción su voluntarismo y su oposición intelectual a Santo Tomás de Aquino siendo fundamental para la filosofía católica sobre la libertad y la voluntad;Theologus Franciscanus Scoticus Doctor Subtilis notus pro defensione Immaculatae Conceptionis voluntarismo et oppositione intellectuali ad Thomam Aquinatem fundamentalis pro philosophia catholica de libertate et voluntate;la;Latín;Lingua Latina;Reino Unido;Regnum Unitum;Edad Media;Medium Aevum;https://i.ibb.co/KkCQxPT/juanduns.png;0
1415;La Inmaculada Concepción es razonable: pues Dios pudo hacerlo, fue conveniente hacerlo, luego lo hizo;Potuit decuit ergo fecit;Immaculata Conceptio rationabilis est quia Deus potuit facere decuit facere ergo fecit;Juan Duns Escoto;Ordinatio, sec. XIII–XIV;Ioannes Duns Scotus;Teólogo franciscano escocés Doctor Sutil conocido por su defensa de la Inmaculada Concepción su voluntarismo y su oposición intelectual a Santo Tomás de Aquino siendo fundamental para la filosofía católica sobre la libertad y la voluntad;Theologus Franciscanus Scoticus Doctor Subtilis notus pro defensione Immaculatae Conceptionis voluntarismo et oppositione intellectuali ad Thomam Aquinatem fundamentalis pro philosophia catholica de libertate et voluntate;la;Latín;Lingua Latina;Reino Unido;Regnum Unitum;Edad Media;Medium Aevum;https://i.ibb.co/KkCQxPT/juanduns.png;0
1416;Lo que es más perfecto debe atribuirse a María;Quod excellentius est de Maria tenendum est;Quod perfectius est Mariae attribuendum est;Juan Duns Escoto;Ordinatio, sec. XIII–XIV;Ioannes Duns Scotus;Teólogo franciscano escocés Doctor Sutil conocido por su defensa de la Inmaculada Concepción su voluntarismo y su oposición intelectual a Santo Tomás de Aquino siendo fundamental para la filosofía católica sobre la libertad y la voluntad;Theologus Franciscanus Scoticus Doctor Subtilis notus pro defensione Immaculatae Conceptionis voluntarismo et oppositione intellectuali ad Thomam Aquinatem fundamentalis pro philosophia catholica de libertate et voluntate;la;Latín;Lingua Latina;Reino Unido;Regnum Unitum;Edad Media;Medium Aevum;https://i.ibb.co/KkCQxPT/juanduns.png;0
1417;La caridad perfecciona la voluntad, como la sabiduría perfecciona el intelecto;Charitas voluntatem perficit sicut sapientia intellectum;Caritas perficit voluntatem sicut sapientia perficit intellectum;Juan Duns Escoto;Ordinatio, sec. XIII–XIV;Ioannes Duns Scotus;Teólogo franciscano escocés Doctor Sutil conocido por su defensa de la Inmaculada Concepción su voluntarismo y su oposición intelectual a Santo Tomás de Aquino siendo fundamental para la filosofía católica sobre la libertad y la voluntad;Theologus Franciscanus Scoticus Doctor Subtilis notus pro defensione Immaculatae Conceptionis voluntarismo et oppositione intellectuali ad Thomam Aquinatem fundamentalis pro philosophia catholica de libertate et voluntate;la;Latín;Lingua Latina;Reino Unido;Regnum Unitum;Edad Media;Medium Aevum;https://i.ibb.co/KkCQxPT/juanduns.png;0
1418;Cada individuo posee su propia haecceitas, que lo hace ser este y no otro;Quodlibet individuum habet suam haecceitatem qua est hoc et non illud;Unusquisque individuum propriam habet haecceitatem quae facit ipsum esse hoc et non aliud;Juan Duns Escoto;Ordinatio, sec. XIII–XIV;Ioannes Duns Scotus;Teólogo franciscano escocés Doctor Sutil conocido por su defensa de la Inmaculada Concepción su voluntarismo y su oposición intelectual a Santo Tomás de Aquino siendo fundamental para la filosofía católica sobre la libertad y la voluntad;Theologus Franciscanus Scoticus Doctor Subtilis notus pro defensione Immaculatae Conceptionis voluntarismo et oppositione intellectuali ad Thomam Aquinatem fundamentalis pro philosophia catholica de libertate et voluntate;la;Latín;Lingua Latina;Reino Unido;Regnum Unitum;Edad Media;Medium Aevum;https://i.ibb.co/KkCQxPT/juanduns.png;0
1419;La ciencia teológica es práctica antes que especulativa;Theologia magis practica est quam speculativa;Scientia theologica practica est potius quam speculativa;Juan Duns Escoto;Ordinatio, sec. XIII–XIV;Ioannes Duns Scotus;Teólogo franciscano escocés Doctor Sutil conocido por su defensa de la Inmaculada Concepción su voluntarismo y su oposición intelectual a Santo Tomás de Aquino siendo fundamental para la filosofía católica sobre la libertad y la voluntad;Theologus Franciscanus Scoticus Doctor Subtilis notus pro defensione Immaculatae Conceptionis voluntarismo et oppositione intellectuali ad Thomam Aquinatem fundamentalis pro philosophia catholica de libertate et voluntate;la;Latín;Lingua Latina;Reino Unido;Regnum Unitum;Edad Media;Medium Aevum;https://i.ibb.co/KkCQxPT/juanduns.png;0
1420;Dios ama con un amor de predilección a quien quiere amar;Deus diligit amore electionis quemcumque vult;Deus amat amore praedilectionis quem vult amare;Juan Duns Escoto;Ordinatio, sec. XIII–XIV;Ioannes Duns Scotus;Teólogo franciscano escocés Doctor Sutil conocido por su defensa de la Inmaculada Concepción su voluntarismo y su oposición intelectual a Santo Tomás de Aquino siendo fundamental para la filosofía católica sobre la libertad y la voluntad;Theologus Franciscanus Scoticus Doctor Subtilis notus pro defensione Immaculatae Conceptionis voluntarismo et oppositione intellectuali ad Thomam Aquinatem fundamentalis pro philosophia catholica de libertate et voluntate;la;Latín;Lingua Latina;Reino Unido;Regnum Unitum;Edad Media;Medium Aevum;https://i.ibb.co/KkCQxPT/juanduns.png;0
1421;Las visiones que contemplé nunca las percibí durante el sueño, ni en el reposo, ni en el delirio;Visiones quas contemplata sum numquam percepi in somno nec in quiete nec in delirio;Visiones quas contemplata sum numquam percepi in somno nec in quiete nec in delirio;Hildegarda de Bingen;Scivias, sec. XII;Hildegardis Bingensis;Abadesa benedictina alemana mística visionaria compositora escritora médica y naturalista conocida como la Sibila del Rin que escribió sobre teología medicina botánica y la conexión espiritual entre el hombre y el cosmos;Abbatissa Benedictina Germanica mystica visionaria compositrix scriptrix medica et naturalista cognita ut Sibylla Rheni quae de theologia medicina botanica et connexione spirituali inter hominem et cosmum scripsit;la;Latín;Lingua Latina;Alemania;Germania;Edad Media;Medium Aevum;https://i.ibb.co/6RxfDv6N/hildegarda.png;0
1422;Lo que no veo lo desconozco, puesto que no soy docta;Quod non video ignoro quoniam non sum docta;Quod non video ignoro quoniam non sum docta;Hildegarda de Bingen;Scivias, sec. XII;Hildegardis Bingensis;Abadesa benedictina alemana mística visionaria compositora escritora médica y naturalista conocida como la Sibila del Rin que escribió sobre teología medicina botánica y la conexión espiritual entre el hombre y el cosmos;Abbatissa Benedictina Germanica mystica visionaria compositrix scriptrix medica et naturalista cognita ut Sibylla Rheni quae de theologia medicina botanica et connexione spirituali inter hominem et cosmum scripsit;la;Latín;Lingua Latina;Alemania;Germania;Edad Media;Medium Aevum;https://i.ibb.co/6RxfDv6N/hildegarda.png;0
1423;Escucha: hay un Rey en la montaña, sentado en su trono, rodeado por sus columnas;Audi est Rex in monte sedens in throno suo circumdatus columnis suis;Audi est Rex in monte sedens in throno suo circumdatus columnis suis;Hildegarda de Bingen;Scivias, sec. XII;Hildegardis Bingensis;Abadesa benedictina alemana mística visionaria compositora escritora médica y naturalista conocida como la Sibila del Rin que escribió sobre teología medicina botánica y la conexión espiritual entre el hombre y el cosmos;Abbatissa Benedictina Germanica mystica visionaria compositrix scriptrix medica et naturalista cognita ut Sibylla Rheni quae de theologia medicina botanica et connexione spirituali inter hominem et cosmum scripsit;la;Latín;Lingua Latina;Alemania;Germania;Edad Media;Medium Aevum;https://i.ibb.co/6RxfDv6N/hildegarda.png;0
1424;El alma es sinfónica;Anima symphonica est;Anima symphonica est;Hildegarda de Bingen;Scivias, sec. XII;Hildegardis Bingensis;Abadesa benedictina alemana mística visionaria compositora escritora médica y naturalista conocida como la Sibila del Rin que escribió sobre teología medicina botánica y la conexión espiritual entre el hombre y el cosmos;Abbatissa Benedictina Germanica mystica visionaria compositrix scriptrix medica et naturalista cognita ut Sibylla Rheni quae de theologia medicina botanica et connexione spirituali inter hominem et cosmum scripsit;la;Latín;Lingua Latina;Alemania;Germania;Edad Media;Medium Aevum;https://i.ibb.co/6RxfDv6N/hildegarda.png;0
1425;La creación entera está llamada a ser una sinfonía de alabanza al Creador;Creatio tota vocata est ut sit symphonia laudis Creatori;Creatio tota vocata est ut sit symphonia laudis Creatori;Hildegarda de Bingen;Scivias, sec. XII;Hildegardis Bingensis;Abadesa benedictina alemana mística visionaria compositora escritora médica y naturalista conocida como la Sibila del Rin que escribió sobre teología medicina botánica y la conexión espiritual entre el hombre y el cosmos;Abbatissa Benedictina Germanica mystica visionaria compositrix scriptrix medica et naturalista cognita ut Sibylla Rheni quae de theologia medicina botanica et connexione spirituali inter hominem et cosmum scripsit;la;Latín;Lingua Latina;Alemania;Germania;Edad Media;Medium Aevum;https://i.ibb.co/6RxfDv6N/hildegarda.png;0
1426;Oh fuego del Espíritu Santo, vida de la vida de toda criatura, santo eres al dar vida a las formas;O ignis Spiritus Sancti vita vitae omnis creaturae sanctus es vivificando formas;O ignis Spiritus Sancti vita vitae omnis creaturae sanctus es vivificando formas;Hildegarda de Bingen;Scivias, sec. XII;Hildegardis Bingensis;Abadesa benedictina alemana mística visionaria compositora escritora médica y naturalista conocida como la Sibila del Rin que escribió sobre teología medicina botánica y la conexión espiritual entre el hombre y el cosmos;Abbatissa Benedictina Germanica mystica visionaria compositrix scriptrix medica et naturalista cognita ut Sibylla Rheni quae de theologia medicina botanica et connexione spirituali inter hominem et cosmum scripsit;la;Latín;Lingua Latina;Alemania;Germania;Edad Media;Medium Aevum;https://i.ibb.co/6RxfDv6N/hildegarda.png;0
1427;El ser humano es un instrumento de la sinfonía de Dios;Homo instrumentum est symphoniae Dei;Homo instrumentum est symphoniae Dei;Hildegarda de Bingen;Scivias, sec. XII;Hildegardis Bingensis;Abadesa benedictina alemana mística visionaria compositora escritora médica y naturalista conocida como la Sibila del Rin que escribió sobre teología medicina botánica y la conexión espiritual entre el hombre y el cosmos;Abbatissa Benedictina Germanica mystica visionaria compositrix scriptrix medica et naturalista cognita ut Sibylla Rheni quae de theologia medicina botanica et connexione spirituali inter hominem et cosmum scripsit;la;Latín;Lingua Latina;Alemania;Germania;Edad Media;Medium Aevum;https://i.ibb.co/6RxfDv6N/hildegarda.png;0
1428;La viriditas es el poder de reverdecimiento, la fuerza vital que Dios infunde en toda la creación;Viriditas potestas revirescentiae est vis vitalis quam Deus in omnem creationem infundit;Viriditas potestas revirescentiae est vis vitalis quam Deus in omnem creationem infundit;Hildegarda de Bingen;Scivias, sec. XII;Hildegardis Bingensis;Abadesa benedictina alemana mística visionaria compositora escritora médica y naturalista conocida como la Sibila del Rin que escribió sobre teología medicina botánica y la conexión espiritual entre el hombre y el cosmos;Abbatissa Benedictina Germanica mystica visionaria compositrix scriptrix medica et naturalista cognita ut Sibylla Rheni quae de theologia medicina botanica et connexione spirituali inter hominem et cosmum scripsit;la;Latín;Lingua Latina;Alemania;Germania;Edad Media;Medium Aevum;https://i.ibb.co/6RxfDv6N/hildegarda.png;0
1429;"El alma es el soplo de vida del cuerpo; el cuerpo es la sombra del alma";Anima spiritus vitae corporis est, corpus umbra animae est;Anima spiritus vitae corporis est, corpus umbra animae est;Hildegarda de Bingen;Scivias, sec. XII;Hildegardis Bingensis;Abadesa benedictina alemana mística visionaria compositora escritora médica y naturalista conocida como la Sibila del Rin que escribió sobre teología medicina botánica y la conexión espiritual entre el hombre y el cosmos;Abbatissa Benedictina Germanica mystica visionaria compositrix scriptrix medica et naturalista cognita ut Sibylla Rheni quae de theologia medicina botanica et connexione spirituali inter hominem et cosmum scripsit;la;Latín;Lingua Latina;Alemania;Germania;Edad Media;Medium Aevum;https://i.ibb.co/6RxfDv6N/hildegarda.png;0
1430;Mujer luminosa: el cielo no tiene otra luz que la de la lámpara;Mulier lucida caelum non habet aliam lucem quam lucernae;Mulier lucida caelum non habet aliam lucem quam lucernae;Hildegarda de Bingen;Scivias, sec. XII;Hildegardis Bingensis;Abadesa benedictina alemana mística visionaria compositora escritora médica y naturalista conocida como la Sibila del Rin que escribió sobre teología medicina botánica y la conexión espiritual entre el hombre y el cosmos;Abbatissa Benedictina Germanica mystica visionaria compositrix scriptrix medica et naturalista cognita ut Sibylla Rheni quae de theologia medicina botanica et connexione spirituali inter hominem et cosmum scripsit;la;Latín;Lingua Latina;Alemania;Germania;Edad Media;Medium Aevum;https://i.ibb.co/6RxfDv6N/hildegarda.png;0
1431;La palabra profética es como el resplandor del relámpago;Verbum propheticum est sicut splendor fulguris;Verbum propheticum est sicut splendor fulguris;Hildegarda de Bingen;Scivias, sec. XII;Hildegardis Bingensis;Abadesa benedictina alemana mística visionaria compositora escritora médica y naturalista conocida como la Sibila del Rin que escribió sobre teología medicina botánica y la conexión espiritual entre el hombre y el cosmos;Abbatissa Benedictina Germanica mystica visionaria compositrix scriptrix medica et naturalista cognita ut Sibylla Rheni quae de theologia medicina botanica et connexione spirituali inter hominem et cosmum scripsit;la;Latín;Lingua Latina;Alemania;Germania;Edad Media;Medium Aevum;https://i.ibb.co/6RxfDv6N/hildegarda.png;0
1432;La naturaleza entera está al servicio del hombre, pero el hombre debe estar al servicio de Dios;Natura tota in servitio hominis est, sed homo in servitio Dei esse debet;Natura tota in servitio hominis est, sed homo in servitio Dei esse debet;Hildegarda de Bingen;Scivias, sec. XII;Hildegardis Bingensis;Abadesa benedictina alemana mística visionaria compositora escritora médica y naturalista conocida como la Sibila del Rin que escribió sobre teología medicina botánica y la conexión espiritual entre el hombre y el cosmos;Abbatissa Benedictina Germanica mystica visionaria compositrix scriptrix medica et naturalista cognita ut Sibylla Rheni quae de theologia medicina botanica et connexione spirituali inter hominem et cosmum scripsit;la;Latín;Lingua Latina;Alemania;Germania;Edad Media;Medium Aevum;https://i.ibb.co/6RxfDv6N/hildegarda.png;0
1433;Dios está en nosotros y nosotros estamos en Él;Deus in nobis est et nos in Eo sumus;Deus in nobis est et nos in Eo sumus;Maestro Eckhart;Sermones, sec. XIII–XIV;Magister Eckhart;Teólogo y místico dominico alemán fundador de la mística renana conocido por sus sermones paradójicos sobre el desapego la unión con Dios y la presencia divina en el alma siendo maestro de teología en París;Theologus et mysticus Dominicanus Germanicus fundator mysticae Rhenanae notus pro sermonibus paradoxis de detractione unione cum Deo et praesentia divina in anima magister theologiae Parisiis;la;Latín;Lingua Latina;Alemania;Germania;Edad Media;Medium Aevum;https://i.ibb.co/WCsSjKp/eckhart.png;0
1434;El ojo con que veo a Dios es el mismo ojo con que Dios me ve;Oculus quo Deum video idem oculus est quo Deus me videt;Oculus quo Deum video idem oculus est quo Deus me videt;Maestro Eckhart;Sermones, sec. XIII–XIV;Magister Eckhart;Teólogo y místico dominico alemán fundador de la mística renana conocido por sus sermones paradójicos sobre el desapego la unión con Dios y la presencia divina en el alma siendo maestro de teología en París;Theologus et mysticus Dominicanus Germanicus fundator mysticae Rhenanae notus pro sermonibus paradoxis de detractione unione cum Deo et praesentia divina in anima magister theologiae Parisiis;la;Latín;Lingua Latina;Alemania;Germania;Edad Media;Medium Aevum;https://i.ibb.co/WCsSjKp/eckhart.png;0
1435;Dios no está fuera de nosotros sino dentro de nosotros;Deus non extra nos est sed intra nos est;Deus non extra nos est sed intra nos est;Maestro Eckhart;Sermones, sec. XIII–XIV;Magister Eckhart;Teólogo y místico dominico alemán fundador de la mística renana conocido por sus sermones paradójicos sobre el desapego la unión con Dios y la presencia divina en el alma siendo maestro de teología en París;Theologus et mysticus Dominicanus Germanicus fundator mysticae Rhenanae notus pro sermonibus paradoxis de detractione unione cum Deo et praesentia divina in anima magister theologiae Parisiis;la;Latín;Lingua Latina;Alemania;Germania;Edad Media;Medium Aevum;https://i.ibb.co/WCsSjKp/eckhart.png;0
1436;El silencio es el lenguaje de Dios;Silentium lingua Dei est;Silentium lingua Dei est;Maestro Eckhart;Sermones, sec. XIII–XIV;Magister Eckhart;Teólogo y místico dominico alemán fundador de la mística renana conocido por sus sermones paradójicos sobre el desapego la unión con Dios y la presencia divina en el alma siendo maestro de teología en París;Theologus et mysticus Dominicanus Germanicus fundator mysticae Rhenanae notus pro sermonibus paradoxis de detractione unione cum Deo et praesentia divina in anima magister theologiae Parisiis;la;Latín;Lingua Latina;Alemania;Germania;Edad Media;Medium Aevum;https://i.ibb.co/WCsSjKp/eckhart.png;0
1437;Aquí el fondo de Dios es mi fondo y mi fondo es el fondo de Dios;Hic fundamentum Dei fundamentum meum est et fundamentum meum fundamentum Dei est;Hic fundamentum Dei fundamentum meum est et fundamentum meum fundamentum Dei est;Maestro Eckhart;Sermones, sec. XIII–XIV;Magister Eckhart;Teólogo y místico dominico alemán fundador de la mística renana conocido por sus sermones paradójicos sobre el desapego la unión con Dios y la presencia divina en el alma siendo maestro de teología en París;Theologus et mysticus Dominicanus Germanicus fundator mysticae Rhenanae notus pro sermonibus paradoxis de detractione unione cum Deo et praesentia divina in anima magister theologiae Parisiis;la;Latín;Lingua Latina;Alemania;Germania;Edad Media;Medium Aevum;https://i.ibb.co/WCsSjKp/eckhart.png;0
1438;Si el alma pudiera conocer a Dios sin el mundo, el mundo no habría sido creado jamás;Si anima Deum sine mundo cognoscere posset, mundus numquam creatus fuisset;Si anima Deum sine mundo cognoscere posset, mundus numquam creatus fuisset;Maestro Eckhart;Sermones, sec. XIII–XIV;Magister Eckhart;Teólogo y místico dominico alemán fundador de la mística renana conocido por sus sermones paradójicos sobre el desapego la unión con Dios y la presencia divina en el alma siendo maestro de teología en París;Theologus et mysticus Dominicanus Germanicus fundator mysticae Rhenanae notus pro sermonibus paradoxis de detractione unione cum Deo et praesentia divina in anima magister theologiae Parisiis;la;Latín;Lingua Latina;Alemania;Germania;Edad Media;Medium Aevum;https://i.ibb.co/WCsSjKp/eckhart.png;0
1439;El hombre que está establecido en la presencia de Dios no puede ser perturbado por nada;Homo qui in praesentia Dei fundatus est non potest a re aliqua perturbari;Homo qui in praesentia Dei fundatus est non potest a re aliqua perturbari;Maestro Eckhart;Sermones, sec. XIII–XIV;Magister Eckhart;Teólogo y místico dominico alemán fundador de la mística renana conocido por sus sermones paradójicos sobre el desapego la unión con Dios y la presencia divina en el alma siendo maestro de teología en París;Theologus et mysticus Dominicanus Germanicus fundator mysticae Rhenanae notus pro sermonibus paradoxis de detractione unione cum Deo et praesentia divina in anima magister theologiae Parisiis;la;Latín;Lingua Latina;Alemania;Germania;Edad Media;Medium Aevum;https://i.ibb.co/WCsSjKp/eckhart.png;0
1440;Cuando el alma alcanza la luz sin mezcla, entonces penetra en su insignificancia;Cum anima lucem sine mixtura attingit, tunc in suam parvitatem penetrat;Cum anima lucem sine mixtura attingit, tunc in suam parvitatem penetrat;Maestro Eckhart;Sermones, sec. XIII–XIV;Magister Eckhart;Teólogo y místico dominico alemán fundador de la mística renana conocido por sus sermones paradójicos sobre el desapego la unión con Dios y la presencia divina en el alma siendo maestro de teología en París;Theologus et mysticus Dominicanus Germanicus fundator mysticae Rhenanae notus pro sermonibus paradoxis de detractione unione cum Deo et praesentia divina in anima magister theologiae Parisiis;la;Latín;Lingua Latina;Alemania;Germania;Edad Media;Medium Aevum;https://i.ibb.co/WCsSjKp/eckhart.png;0
1441;Cada criatura es una palabra de Dios;Omnis creatura verbum Dei est;Omnis creatura verbum Dei est;Maestro Eckhart;Sermones, sec. XIII–XIV;Magister Eckhart;Teólogo y místico dominico alemán fundador de la mística renana conocido por sus sermones paradójicos sobre el desapego la unión con Dios y la presencia divina en el alma siendo maestro de teología en París;Theologus et mysticus Dominicanus Germanicus fundator mysticae Rhenanae notus pro sermonibus paradoxis de detractione unione cum Deo et praesentia divina in anima magister theologiae Parisiis;la;Latín;Lingua Latina;Alemania;Germania;Edad Media;Medium Aevum;https://i.ibb.co/WCsSjKp/eckhart.png;0
1442;Si alguien se imagina que por la interioridad va a recibir más de Dios que junto al hogar, entonces no hace algo distinto que si tomara a Dios y le cubriera la cabeza;Si quis imaginatur se per interioritatem plus de Deo recepturum quam apud focum, tunc non facit aliud quam si Deum caperet et caput eius operiret;Si quis imaginatur se per interioritatem plus de Deo recepturum quam apud focum, tunc non facit aliud quam si Deum caperet et caput eius operiret;Maestro Eckhart;Sermones, sec. XIII–XIV;Magister Eckhart;Teólogo y místico dominico alemán fundador de la mística renana conocido por sus sermones paradójicos sobre el desapego la unión con Dios y la presencia divina en el alma siendo maestro de teología en París;Theologus et mysticus Dominicanus Germanicus fundator mysticae Rhenanae notus pro sermonibus paradoxis de detractione unione cum Deo et praesentia divina in anima magister theologiae Parisiis;la;Latín;Lingua Latina;Alemania;Germania;Edad Media;Medium Aevum;https://i.ibb.co/WCsSjKp/eckhart.png;0
1443;Quien busca a Dios sin modo lo comprende tal como es en sí mismo;Qui Deum sine modo quaerit eum comprehendit sicuti in se ipso est;Qui Deum sine modo quaerit eum comprehendit sicuti in se ipso est;Maestro Eckhart;Sermones, sec. XIII–XIV;Magister Eckhart;Teólogo y místico dominico alemán fundador de la mística renana conocido por sus sermones paradójicos sobre el desapego la unión con Dios y la presencia divina en el alma siendo maestro de teología en París;Theologus et mysticus Dominicanus Germanicus fundator mysticae Rhenanae notus pro sermonibus paradoxis de detractione unione cum Deo et praesentia divina in anima magister theologiae Parisiis;la;Latín;Lingua Latina;Alemania;Germania;Edad Media;Medium Aevum;https://i.ibb.co/WCsSjKp/eckhart.png;0
1444;Desde este fondo interior debes hacer todas tus obras sin porqué;Ex hoc fundo interiori debes facere omnia opera tua sine quare;Ex hoc fundo interiori debes facere omnia opera tua sine quare;Maestro Eckhart;Sermones, sec. XIII–XIV;Magister Eckhart;Teólogo y místico dominico alemán fundador de la mística renana conocido por sus sermones paradójicos sobre el desapego la unión con Dios y la presencia divina en el alma siendo maestro de teología en París;Theologus et mysticus Dominicanus Germanicus fundator mysticae Rhenanae notus pro sermonibus paradoxis de detractione unione cum Deo et praesentia divina in anima magister theologiae Parisiis;la;Latín;Lingua Latina;Alemania;Germania;Edad Media;Medium Aevum;https://i.ibb.co/WCsSjKp/eckhart.png;0
1445;Oh alma mía, sal fuera, Dios entra;O anima mea exi foras Deus intrat;O anima mea exi foras Deus intrat;Maestro Eckhart;Sermones, sec. XIII–XIV;Magister Eckhart;Teólogo y místico dominico alemán fundador de la mística renana conocido por sus sermones paradójicos sobre el desapego la unión con Dios y la presencia divina en el alma siendo maestro de teología en París;Theologus et mysticus Dominicanus Germanicus fundator mysticae Rhenanae notus pro sermonibus paradoxis de detractione unione cum Deo et praesentia divina in anima magister theologiae Parisiis;la;Latín;Lingua Latina;Alemania;Germania;Edad Media;Medium Aevum;https://i.ibb.co/WCsSjKp/eckhart.png;0
1446;La pobreza de espíritu significa no querer nada, no saber nada, no tener nada;Paupertas spiritus significat nihil velle, nihil scire, nihil habere;Paupertas spiritus significat nihil velle, nihil scire, nihil habere;Maestro Eckhart;Sermones, sec. XIII–XIV;Magister Eckhart;Teólogo y místico dominico alemán fundador de la mística renana conocido por sus sermones paradójicos sobre el desapego la unión con Dios y la presencia divina en el alma siendo maestro de teología en París;Theologus et mysticus Dominicanus Germanicus fundator mysticae Rhenanae notus pro sermonibus paradoxis de detractione unione cum Deo et praesentia divina in anima magister theologiae Parisiis;la;Latín;Lingua Latina;Alemania;Germania;Edad Media;Medium Aevum;https://i.ibb.co/WCsSjKp/eckhart.png;0
1447;Dios nace en el alma cuando el alma muere en Dios;Deus nascitur in anima cum anima moritur in Deo;Deus nascitur in anima cum anima moritur in Deo;Maestro Eckhart;Sermones, sec. XIII–XIV;Magister Eckhart;Teólogo y místico dominico alemán fundador de la mística renana conocido por sus sermones paradójicos sobre el desapego la unión con Dios y la presencia divina en el alma siendo maestro de teología en París;Theologus et mysticus Dominicanus Germanicus fundator mysticae Rhenanae notus pro sermonibus paradoxis de detractione unione cum Deo et praesentia divina in anima magister theologiae Parisiis;la;Latín;Lingua Latina;Alemania;Germania;Edad Media;Medium Aevum;https://i.ibb.co/WCsSjKp/eckhart.png;0
1448;Lo más grande que el hombre puede abandonar es abandonarse a sí mismo;Maximum quod homo relinquere potest est se ipsum relinquere;Maximum quod homo relinquere potest est se ipsum relinquere;Maestro Eckhart;Sermones, sec. XIII–XIV;Magister Eckhart;Teólogo y místico dominico alemán fundador de la mística renana conocido por sus sermones paradójicos sobre el desapego la unión con Dios y la presencia divina en el alma siendo maestro de teología en París;Theologus et mysticus Dominicanus Germanicus fundator mysticae Rhenanae notus pro sermonibus paradoxis de detractione unione cum Deo et praesentia divina in anima magister theologiae Parisiis;la;Latín;Lingua Latina;Alemania;Germania;Edad Media;Medium Aevum;https://i.ibb.co/WCsSjKp/eckhart.png;0
1449;Oigo las voces de muchísimos no cristianos que dicen: Danos maestros que nos enseñen la fe;Audio voces plurimorum non Christianorum qui dicunt: Date nobis magistros qui nos fidem doceant;Audio voces plurimorum non Christianorum qui dicunt: Date nobis magistros qui nos fidem doceant;San Francisco Javier;Epistulae, sec. XVI;Sanctus Franciscus Xaverius;Sacerdote jesuita navarro cofundador de la Compañía de Jesús junto a Ignacio de Loyola misionero apostólico en India y Japón patrono de las misiones que evangelizó Asia con gran fervor bautizando miles de personas;Sacerdos Iesuita Navarrensis cofundator Societatis Iesu cum Ignatio de Loyola missionarius apostolicus in India et Iaponia patronus missionum qui Asiam magno fervore evangelizavit millia personarum baptizans;es;Español;Lingua Hispanica;España;Hispania;Edad Moderna;Nova Aetas;https://i.ibb.co/0jY6Nmcb/franciscojavier.png;0
1450;Muchas veces me vienen deseos de ir a las universidades de Europa para gritar, como hombre que ha perdido el juicio, a los que tienen más letras que voluntad;Saepe mihi veniunt desideria eundi ad universitates Europae ut clamem, quasi homo qui rationem amisit, ad eos qui plus litterarum quam voluntatis habent;Saepe mihi veniunt desideria eundi ad universitates Europae ut clamem, quasi homo qui rationem amisit, ad eos qui plus litterarum quam voluntatis habent;San Francisco Javier;Epistulae, sec. XVI;Sanctus Franciscus Xaverius;Sacerdote jesuita navarro cofundador de la Compañía de Jesús junto a Ignacio de Loyola misionero apostólico en India y Japón patrono de las misiones que evangelizó Asia con gran fervor bautizando miles de personas;Sacerdos Iesuita Navarrensis cofundator Societatis Iesu cum Ignatio de Loyola missionarius apostolicus in India et Iaponia patronus missionum qui Asiam magno fervore evangelizavit millia personarum baptizans;es;Español;Lingua Hispanica;España;Hispania;Edad Moderna;Nova Aetas;https://i.ibb.co/0jY6Nmcb/franciscojavier.png;0
1451;Toda mi consolación la tengo cuando leo las cartas de mis hermanos de la Compañía;Omnem consolationem meam habeo cum litteras fratrum meorum Societatis lego;Omnem consolationem meam habeo cum litteras fratrum meorum Societatis lego;San Francisco Javier;Epistulae, sec. XVI;Sanctus Franciscus Xaverius;Sacerdote jesuita navarro cofundador de la Compañía de Jesús junto a Ignacio de Loyola misionero apostólico en India y Japón patrono de las misiones que evangelizó Asia con gran fervor bautizando miles de personas;Sacerdos Iesuita Navarrensis cofundator Societatis Iesu cum Ignatio de Loyola missionarius apostolicus in India et Iaponia patronus missionum qui Asiam magno fervore evangelizavit millia personarum baptizans;es;Español;Lingua Hispanica;España;Hispania;Edad Moderna;Nova Aetas;https://i.ibb.co/0jY6Nmcb/franciscojavier.png;0
1452;Os ruego, por el amor y reverencia de Dios nuestro Señor, que dejéis vuestras ocupaciones y vengáis a ayudar a los que por acá están;Rogo vos per amorem et reverentiam Dei Domini nostri ut occupationes vestras relinquatis et veniatis ad adiuvandum eos qui hic sunt;Rogo vos per amorem et reverentiam Dei Domini nostri ut occupationes vestras relinquatis et veniatis ad adiuvandum eos qui hic sunt;San Francisco Javier;Epistulae, sec. XVI;Sanctus Franciscus Xaverius;Sacerdote jesuita navarro cofundador de la Compañía de Jesús junto a Ignacio de Loyola misionero apostólico en India y Japón patrono de las misiones que evangelizó Asia con gran fervor bautizando miles de personas;Sacerdos Iesuita Navarrensis cofundator Societatis Iesu cum Ignatio de Loyola missionarius apostolicus in India et Iaponia patronus missionum qui Asiam magno fervore evangelizavit millia personarum baptizans;es;Español;Lingua Hispanica;España;Hispania;Edad Moderna;Nova Aetas;https://i.ibb.co/0jY6Nmcb/franciscojavier.png;0
1453;En todo amar y servir;In omnibus amare et servire;In omnibus amare et servire;San Ignacio de Loyola;Exercitia Spiritualia, sec. XVI;Sanctus Ignatius de Loyola;Militar y sacerdote vasco fundador y primer general de la Compañía de Jesús autor de los Ejercicios Espirituales figura clave de la Contrarreforma que estableció una orden religiosa basada en la obediencia al papa y el discernimiento espiritual;Miles et sacerdos Vascus fundator et primus generalis Societatis Iesu auctor Exercitiorum Spiritualium figura principalis Contrareformationis qui ordinem religiosum in oboedientia ad papam et discretione spirituali fundavit;es;Español;Lingua Hispanica;España;Hispania;Edad Media;Medium Aevum;https://i.ibb.co/DD8cx8tb/ignacioloiola.png;0
1454;El amor se ha de poner más en las obras que en las palabras;Amor magis in operibus quam in verbis ponendus est;Amor magis in operibus quam in verbis ponendus est;San Ignacio de Loyola;Exercitia Spiritualia, sec. XVI;Sanctus Ignatius de Loyola;Militar y sacerdote vasco fundador y primer general de la Compañía de Jesús autor de los Ejercicios Espirituales figura clave de la Contrarreforma que estableció una orden religiosa basada en la obediencia al papa y el discernimiento espiritual;Miles et sacerdos Vascus fundator et primus generalis Societatis Iesu auctor Exercitiorum Spiritualium figura principalis Contrareformationis qui ordinem religiosum in oboedientia ad papam et discretione spirituali fundavit;es;Español;Lingua Hispanica;España;Hispania;Edad Media;Medium Aevum;https://i.ibb.co/DD8cx8tb/ignacioloiola.png;0
1455;Tomad Señor y recibid toda mi libertad, mi memoria, mi entendimiento y toda mi voluntad;Sume Domine et recipe omnem meam libertatem, meam memoriam, intellectum atque omnem voluntatem;Sume Domine et recipe omnem meam libertatem, meam memoriam, intellectum atque omnem voluntatem;San Ignacio de Loyola;Exercitia Spiritualia, sec. XVI;Sanctus Ignatius de Loyola;Militar y sacerdote vasco fundador y primer general de la Compañía de Jesús autor de los Ejercicios Espirituales figura clave de la Contrarreforma que estableció una orden religiosa basada en la obediencia al papa y el discernimiento espiritual;Miles et sacerdos Vascus fundator et primus generalis Societatis Iesu auctor Exercitiorum Spiritualium figura principalis Contrareformationis qui ordinem religiosum in oboedientia ad papam et discretione spirituali fundavit;es;Español;Lingua Hispanica;España;Hispania;Edad Media;Medium Aevum;https://i.ibb.co/DD8cx8tb/ignacioloiola.png;0
1456;En tiempos de desolación nunca hacer cambios;In tempore desolationis numquam mutationes faciendae;In tempore desolationis numquam mutationes faciendae;San Ignacio de Loyola;Exercitia Spiritualia, sec. XVI;Sanctus Ignatius de Loyola;Militar y sacerdote vasco fundador y primer general de la Compañía de Jesús autor de los Ejercicios Espirituales figura clave de la Contrarreforma que estableció una orden religiosa basada en la obediencia al papa y el discernimiento espiritual;Miles et sacerdos Vascus fundator et primus generalis Societatis Iesu auctor Exercitiorum Spiritualium figura principalis Contrareformationis qui ordinem religiosum in oboedientia ad papam et discretione spirituali fundavit;es;Español;Lingua Hispanica;España;Hispania;Edad Media;Medium Aevum;https://i.ibb.co/DD8cx8tb/ignacioloiola.png;0
1457;No el mucho saber harta y satisface al alma, sino el sentir y gustar de las cosas internamente;Non multum scire satiat et satisfacit animam, sed sentire et gustare res interne;Non multum scire satiat et satisfacit animam, sed sentire et gustare res interne;San Ignacio de Loyola;Exercitia Spiritualia, sec. XVI;Sanctus Ignatius de Loyola;Militar y sacerdote vasco fundador y primer general de la Compañía de Jesús autor de los Ejercicios Espirituales figura clave de la Contrarreforma que estableció una orden religiosa basada en la obediencia al papa y el discernimiento espiritual;Miles et sacerdos Vascus fundator et primus generalis Societatis Iesu auctor Exercitiorum Spiritualium figura principalis Contrareformationis qui ordinem religiosum in oboedientia ad papam et discretione spirituali fundavit;es;Español;Lingua Hispanica;España;Hispania;Edad Media;Medium Aevum;https://i.ibb.co/DD8cx8tb/ignacioloiola.png;0
1458;Dad Señor a quien ama darme antes vuestro amor y gracia que esto me basta;Date Domine ei qui amat, dare mihi potius vestrum amorem et gratiam, quod hoc mihi sufficit;Date Domine ei qui amat, dare mihi potius vestrum amorem et gratiam, quod hoc mihi sufficit;San Ignacio de Loyola;Exercitia Spiritualia, sec. XVI;Sanctus Ignatius de Loyola;Militar y sacerdote vasco fundador y primer general de la Compañía de Jesús autor de los Ejercicios Espirituales figura clave de la Contrarreforma que estableció una orden religiosa basada en la obediencia al papa y el discernimiento espiritual;Miles et sacerdos Vascus fundator et primus generalis Societatis Iesu auctor Exercitiorum Spiritualium figura principalis Contrareformationis qui ordinem religiosum in oboedientia ad papam et discretione spirituali fundavit;es;Español;Lingua Hispanica;España;Hispania;Edad Media;Medium Aevum;https://i.ibb.co/DD8cx8tb/ignacioloiola.png;0
1459;Busca y halla la voluntad divina en la disposición de tu vida;Quaere et invenias voluntatem divinam in dispositione vitae tuae;Quaere et invenias voluntatem divinam in dispositione vitae tuae;San Ignacio de Loyola;Exercitia Spiritualia, sec. XVI;Sanctus Ignatius de Loyola;Militar y sacerdote vasco fundador y primer general de la Compañía de Jesús autor de los Ejercicios Espirituales figura clave de la Contrarreforma que estableció una orden religiosa basada en la obediencia al papa y el discernimiento espiritual;Miles et sacerdos Vascus fundator et primus generalis Societatis Iesu auctor Exercitiorum Spiritualium figura principalis Contrareformationis qui ordinem religiosum in oboedientia ad papam et discretione spirituali fundavit;es;Español;Lingua Hispanica;España;Hispania;Edad Media;Medium Aevum;https://i.ibb.co/DD8cx8tb/ignacioloiola.png;0
1460;Id y encended el mundo;Ite et incendite mundum;Ite et incendite mundum;San Ignacio de Loyola;Exercitia Spiritualia, sec. XVI;Sanctus Ignatius de Loyola;Militar y sacerdote vasco fundador y primer general de la Compañía de Jesús autor de los Ejercicios Espirituales figura clave de la Contrarreforma que estableció una orden religiosa basada en la obediencia al papa y el discernimiento espiritual;Miles et sacerdos Vascus fundator et primus generalis Societatis Iesu auctor Exercitiorum Spiritualium figura principalis Contrareformationis qui ordinem religiosum in oboedientia ad papam et discretione spirituali fundavit;es;Español;Lingua Hispanica;España;Hispania;Edad Media;Medium Aevum;https://i.ibb.co/DD8cx8tb/ignacioloiola.png;0
1461;La obediencia es amor porque quien ama obedece;Oboedientia amor est quia qui amat obedit;Oboedientia amor est quia qui amat obedit;San Ignacio de Loyola;Exercitia Spiritualia, sec. XVI;Sanctus Ignatius de Loyola;Militar y sacerdote vasco fundador y primer general de la Compañía de Jesús autor de los Ejercicios Espirituales figura clave de la Contrarreforma que estableció una orden religiosa basada en la obediencia al papa y el discernimiento espiritual;Miles et sacerdos Vascus fundator et primus generalis Societatis Iesu auctor Exercitiorum Spiritualium figura principalis Contrareformationis qui ordinem religiosum in oboedientia ad papam et discretione spirituali fundavit;es;Español;Lingua Hispanica;España;Hispania;Edad Media;Medium Aevum;https://i.ibb.co/DD8cx8tb/ignacioloiola.png;0
1462;Para quien ama nada es difícil;Amanti nihil difficile;Amanti nihil difficile;San Ignacio de Loyola;Exercitia Spiritualia, sec. XVI;Sanctus Ignatius de Loyola;Militar y sacerdote vasco fundador y primer general de la Compañía de Jesús autor de los Ejercicios Espirituales figura clave de la Contrarreforma que estableció una orden religiosa basada en la obediencia al papa y el discernimiento espiritual;Miles et sacerdos Vascus fundator et primus generalis Societatis Iesu auctor Exercitiorum Spiritualium figura principalis Contrareformationis qui ordinem religiosum in oboedientia ad papam et discretione spirituali fundavit;es;Español;Lingua Hispanica;España;Hispania;Edad Media;Medium Aevum;https://i.ibb.co/DD8cx8tb/ignacioloiola.png;0
1463;En las cosas grandes que nos agraden y en las pequeñas que nos desagraden, debemos buscar solamente la mayor alabanza y gloria de Dios nuestro Señor;In rebus magnis quae nobis placeant et in parvis quae displicent, solam maiorem laudem et gloriam Dei Domini nostri quaerere debemus;In rebus magnis quae nobis placeant et in parvis quae displicent, solam maiorem laudem et gloriam Dei Domini nostri quaerere debemus;San Ignacio de Loyola;Exercitia Spiritualia, sec. XVI;Sanctus Ignatius de Loyola;Militar y sacerdote vasco fundador y primer general de la Compañía de Jesús autor de los Ejercicios Espirituales figura clave de la Contrarreforma que estableció una orden religiosa basada en la obediencia al papa y el discernimiento espiritual;Miles et sacerdos Vascus fundator et primus generalis Societatis Iesu auctor Exercitiorum Spiritualium figura principalis Contrareformationis qui ordinem religiosum in oboedientia ad papam et discretione spirituali fundavit;es;Español;Lingua Hispanica;España;Hispania;Edad Media;Medium Aevum;https://i.ibb.co/DD8cx8tb/ignacioloiola.png;0
1464;Todo modo de examinar la conciencia, de meditar, de contemplar, de orar vocal y mentalmente, se llaman ejercicios espirituales;Omnis modus examinandi conscientiam, meditandi, contemplandi, orandi vocali et mentali, exercitia spiritualia dicuntur;Omnis modus examinandi conscientiam, meditandi, contemplandi, orandi vocali et mentali, exercitia spiritualia dicuntur;San Ignacio de Loyola;Exercitia Spiritualia, sec. XVI;Sanctus Ignatius de Loyola;Militar y sacerdote vasco fundador y primer general de la Compañía de Jesús autor de los Ejercicios Espirituales figura clave de la Contrarreforma que estableció una orden religiosa basada en la obediencia al papa y el discernimiento espiritual;Miles et sacerdos Vascus fundator et primus generalis Societatis Iesu auctor Exercitiorum Spiritualium figura principalis Contrareformationis qui ordinem religiosum in oboedientia ad papam et discretione spirituali fundavit;es;Español;Lingua Hispanica;España;Hispania;Edad Media;Medium Aevum;https://i.ibb.co/DD8cx8tb/ignacioloiola.png;0
1465;No temer nunca porque Dios está conmigo;Numquam timere quia Deus mecum est;Numquam timere quia Deus mecum est;San Ignacio de Loyola;Exercitia Spiritualia, sec. XVI;Sanctus Ignatius de Loyola;Militar y sacerdote vasco fundador y primer general de la Compañía de Jesús autor de los Ejercicios Espirituales figura clave de la Contrarreforma que estableció una orden religiosa basada en la obediencia al papa y el discernimiento espiritual;Miles et sacerdos Vascus fundator et primus generalis Societatis Iesu auctor Exercitiorum Spiritualium figura principalis Contrareformationis qui ordinem religiosum in oboedientia ad papam et discretione spirituali fundavit;es;Español;Lingua Hispanica;España;Hispania;Edad Media;Medium Aevum;https://i.ibb.co/DD8cx8tb/ignacioloiola.png;0
1466;Para mayor gloria de Dios;Ad maiorem Dei gloriam;Ad maiorem Dei gloriam;San Ignacio de Loyola;Exercitia Spiritualia, sec. XVI;Sanctus Ignatius de Loyola;Militar y sacerdote vasco fundador y primer general de la Compañía de Jesús autor de los Ejercicios Espirituales figura clave de la Contrarreforma que estableció una orden religiosa basada en la obediencia al papa y el discernimiento espiritual;Miles et sacerdos Vascus fundator et primus generalis Societatis Iesu auctor Exercitiorum Spiritualium figura principalis Contrareformationis qui ordinem religiosum in oboedientia ad papam et discretione spirituali fundavit;es;Español;Lingua Hispanica;España;Hispania;Edad Media;Medium Aevum;https://i.ibb.co/DD8cx8tb/ignacioloiola.png;0
1467;Todo hombre sabio ama a la esposa que ha elegido;Omnis sapiens vir amat mulierem quam elegerit.;Πᾶς σοφὸς ἀνὴρ φιλεῖ τὴν γυναῖκα ἣν ἐξελέξατο;Homero;Odisea;Homerus;Poeta épico griego autor de la Ilíada y la Odisea, las dos obras fundamentales de la literatura griega antigua y occidental.;Poeta epicus Graecus auctor Iliadis et Odysseae, duo opera fundamentalia litteraturae Graecae antiquae et occidentalis.;el;Griego;Lingua Graeca;Grecia;Graecia;Edad Antigua;Antiquitas;https://i.ibb.co/7Nb8gNJ3/homero.png;0
1468;La juventud tiene el genio vivo y el juicio débil;Iuventus animum acutum habet et iudicium infirmum.;Ἡ νεότης ἔχει τὸν νοῦν ὀξὺν καὶ τὴν κρίσιν ἀσθενῆ;Homero;Ilíada;Homerus;Poeta épico griego autor de la Ilíada y la Odisea, las dos obras fundamentales de la literatura griega antigua y occidental.;Poeta epicus Graecus auctor Iliadis et Odysseae, duo opera fundamentalia litteraturae Graecae antiquae et occidentalis.;el;Griego;Lingua Graeca;Grecia;Graecia;Edad Antigua;Antiquitas;https://i.ibb.co/7Nb8gNJ3/homero.png;0
1469;No hay mejor aguijón que la necesidad;Nihil melius est quam necessitas.;Οὐδὲν κέντρον βέλτιον ἢ ἡ ἀνάγκη;Homero;Odisea;Homerus;Poeta épico griego autor de la Ilíada y la Odisea, las dos obras fundamentales de la literatura griega antigua y occidental.;Poeta epicus Graecus auctor Iliadis et Odysseae, duo opera fundamentalia litteraturae Graecae antiquae et occidentalis.;el;Griego;Lingua Graeca;Grecia;Graecia;Edad Antigua;Antiquitas;https://i.ibb.co/7Nb8gNJ3/homero.png;0
1470;El sueño es el hermano gemelo de la muerte;Somnus frater geminus mortis est.;Ὁ ὕπνος ἀδελφὸς ὁ δίδυμος τοῦ θανάτου ἐστίν;Homero;Ilíada, XVI, 672;Homerus;Poeta épico griego autor de la Ilíada y la Odisea, las dos obras fundamentales de la literatura griega antigua y occidental.;Poeta epicus Graecus auctor Iliadis et Odysseae, duo opera fundamentalia litteraturae Graecae antiquae et occidentalis.;el;Griego;Lingua Graeca;Grecia;Graecia;Edad Antigua;Antiquitas;https://i.ibb.co/7Nb8gNJ3/homero.png;0
1471;Nadie puede apresurarme a ir a Hades antes de mi tiempo;Nemo me in Acheronta ante tempus meum properare potest.;Οὐδεὶς δύναται με ἐπισπεύδειν εἰς Ἅιδην πρὸ τοῦ καιροῦ μου;Homero;Ilíada, VI, 488;Homerus;Poeta épico griego autor de la Ilíada y la Odisea, las dos obras fundamentales de la literatura griega antigua y occidental.;Poeta epicus Graecus auctor Iliadis et Odysseae, duo opera fundamentalia litteraturae Graecae antiquae et occidentalis.;el;Griego;Lingua Graeca;Grecia;Graecia;Edad Antigua;Antiquitas;https://i.ibb.co/7Nb8gNJ3/homero.png;0
1472;Los inmortales inspirarán cantos agradables a los hombres;Immortales canent carmina gratissima hominibus.;Οἱ ἀθάνατοι ἐμπνεύσουσιν ᾠδὰς εὐαρέστους τοῖς ἀνθρώποις;Homero;Odisea, XXIV;Homerus;Poeta épico griego autor de la Ilíada y la Odisea, las dos obras fundamentales de la literatura griega antigua y occidental.;Poeta epicus Graecus auctor Iliadis et Odysseae, duo opera fundamentalia litteraturae Graecae antiquae et occidentalis.;el;Griego;Lingua Graeca;Grecia;Graecia;Edad Antigua;Antiquitas;https://i.ibb.co/7Nb8gNJ3/homero.png;0
1473;"Cristo es el camino y la puerta; Cristo es la escalera y el vehículo";"Christus est via et ostium; Christus est scala et vehiculum";"Christus est via et ostium; Christus est scala et vehiculum";San Buenaventura;Itinerarium Mentis in Deum, Prologus, cap. 7;Sanctus Bonaventura;Teólogo franciscano italiano Doctor Seráfico discípulo de Alejandro de Hales y ministro general de la Orden franciscana que desarrolló una filosofía mística sobre el itinerario del alma hacia Dios siendo contrapunto místico a Santo Tomás de Aquino;Theologus Franciscanus Italicus Doctor Seraphicus discipulus Alexandri de Hales et minister generalis Ordinis Franciscani qui philosophiam mysticam de itinerario animae ad Deum elaboravit Thomae Aquinatis contrapunctum mysticum;la;Latín;Lingua Latina;Italia;Italia;Edad Media;Medium Aevum;https://i.ibb.co/Z129mSh3/buenaventura.png;0
1474;Quien, a pesar de tantos indicios, no vuelve la mirada hacia el Primer Principio, es necio;Siquis non per multa indicia ad primum Principium respexit, stultus est;Siquis non per multa indicia ad primum Principium respexit, stultus est;San Buenaventura;Itinerarium Mentis in Deum, cap. 1;Sanctus Bonaventura;Teólogo franciscano italiano Doctor Seráfico discípulo de Alejandro de Hales y ministro general de la Orden franciscana que desarrolló una filosofía mística sobre el itinerario del alma hacia Dios siendo contrapunto místico a Santo Tomás de Aquino;Theologus Franciscanus Italicus Doctor Seraphicus discipulus Alexandri de Hales et minister generalis Ordinis Franciscani qui philosophiam mysticam de itinerario animae ad Deum elaboravit Thomae Aquinatis contrapunctum mysticum;la;Latín;Lingua Latina;Italia;Italia;Edad Media;Medium Aevum;https://i.ibb.co/Z129mSh3/buenaventura.png;0
1475;Un espejo sin la sabiduría inspirada por Dios;Speculum absque sapientia divinitus inspirata;Speculum absque sapientia divinitus inspirata;San Buenaventura;Itinerarium Mentis in Deum, Prologus;Sanctus Bonaventura;Teólogo franciscano italiano Doctor Seráfico discípulo de Alejandro de Hales y ministro general de la Orden franciscana que desarrolló una filosofía mística sobre el itinerario del alma hacia Dios siendo contrapunto místico a Santo Tomás de Aquino;Theologus Franciscanus Italicus Doctor Seraphicus discipulus Alexandri de Hales et minister generalis Ordinis Franciscani qui philosophiam mysticam de itinerario animae ad Deum elaboravit Thomae Aquinatis contrapunctum mysticum;la;Latín;Lingua Latina;Italia;Italia;Edad Media;Medium Aevum;https://i.ibb.co/Z129mSh3/buenaventura.png;0
1476;Cristo es el propiciatorio sobre el arca de Dios;Christus est propitiatorium super arcam Dei;Christus est propitiatorium super arcam Dei;San Buenaventura;Itinerarium Mentis in Deum, cap. 7;Sanctus Bonaventura;Teólogo franciscano italiano Doctor Seráfico discípulo de Alejandro de Hales y ministro general de la Orden franciscana que desarrolló una filosofía mística sobre el itinerario del alma hacia Dios siendo contrapunto místico a Santo Tomás de Aquino;Theologus Franciscanus Italicus Doctor Seraphicus discipulus Alexandri de Hales et minister generalis Ordinis Franciscani qui philosophiam mysticam de itinerario animae ad Deum elaboravit Thomae Aquinatis contrapunctum mysticum;la;Latín;Lingua Latina;Italia;Italia;Edad Media;Medium Aevum;https://i.ibb.co/Z129mSh3/buenaventura.png;0
1477;"Esta, en verdad, se define como la primera clave de la sabiduría: la interrogación asidua o frecuente; pues dudando llegamos a la investigación, y al investigar percibimos la verdad";"Haec quippe prima sapientiae clavis definitur, assidua scilicet seu frequens interrogatio; dubitando enim ad inquisitionem venimus, inquirendo veritatem percipimus";"Haec quippe prima sapientiae clavis definitur, assidua scilicet seu frequens interrogatio; dubitando enim ad inquisitionem venimus, inquirendo veritatem percipimus";Pedro Abelardo;Sic et Non, Prologue;Petrus Abaelardus;Filósofo y teólogo francés iniciador de la lógica medieval célebre por su método de la duda como camino a la verdad y por su trágico amor con Eloísa siendo perseguido por sus ideas heterodoxas;Philosophus et theologus Francicus initiator logicae medievalis celebris pro methodo dubitationis ut via ad veritatem et pro amore tragico cum Heloisa propter ideas heterodoxas persecutus;la;Latín;Lingua Latina;Francia;Francia;Edad Media;Medium Aevum;https://i.ibb.co/YFt2jzrQ/pedroabelardo.png;0
1478;"Decimos que la buena intención es, en sí, recta; pero la acción no lleva ninguna bondad en sí misma, sino que procede de una buena intención";"Bonam quippe intentionem, hoc est, rectam in se dicimus; operationem vero non quod boni aliquid in se suscipiat, sed quod ex bona intentione procedat";"Bonam quippe intentionem, hoc est, rectam in se dicimus; operationem vero non quod boni aliquid in se suscipiat, sed quod ex bona intentione procedat";Pedro Abelardo;Ethica seu Scito te ipsum, Libro 1;Petrus Abaelardus;Filósofo y teólogo francés iniciador de la lógica medieval célebre por su método de la duda como camino a la verdad y por su trágico amor con Eloísa siendo perseguido por sus ideas heterodoxas;Philosophus et theologus Francicus initiator logicae medievalis celebris pro methodo dubitationis ut via ad veritatem et pro amore tragico cum Heloisa propter ideas heterodoxas persecutus;la;Latín;Lingua Latina;Francia;Francia;Edad Media;Medium Aevum;https://i.ibb.co/YFt2jzrQ/pedroabelardo.png;0
1479;He decidido ser feliz porque es bueno para la salud.;Statui beatus esse quia saluti prodest.;J'ai décidé d'être heureux parce que c'est bon pour la santé.;Voltaire;Correspondance (1761);Voltarius;Escritor y filósofo francés, figura clave de la Ilustración y defensor de la libertad de expresión.;Scriptor et philosophus Gallicus, clarissimus aetate Illuminationis et libertatis dicendi defensor.;fr;Francés;Lingua Gallica;Francia;Francia;Edad Moderna;Nova Aetas;https://i.ibb.co/n8Mbf5tF/voltaire-alpha.png;0
1480;Si Dios no existiera, sería necesario inventarlo.;Si Deus non esset, eum invenire necesse esset.;Si Dieu n'existait pas, il faudrait l'inventer.;Voltaire;Épître à l'Auteur du Livre des Trois Imposteurs (1768);Voltarius;Escritor y filósofo francés, figura clave de la Ilustración y defensor de la libertad de expresión.;Scriptor et philosophus Gallicus, clarissimus aetate Illuminationis et libertatis dicendi defensor.;fr;Francés;Lingua Gallica;Francia;Francia;Edad Moderna;Nova Aetas;https://i.ibb.co/n8Mbf5tF/voltaire-alpha.png;0
1481;El sentido común no es tan común.;Sensus communis non tam communis est.;Le sens commun n'est pas si commun.;Voltaire;Dictionnaire philosophique (1764);Voltarius;Escritor y filósofo francés, figura clave de la Ilustración y defensor de la libertad de expresión.;Scriptor et philosophus Gallicus, clarissimus aetate Illuminationis et libertatis dicendi defensor.;fr;Francés;Lingua Gallica;Francia;Francia;Edad Moderna;Nova Aetas;https://i.ibb.co/n8Mbf5tF/voltaire-alpha.png;0
1482;Quienes pueden hacerte creer absurdos pueden hacerte cometer atrocidades.;Qui possunt facere ut absurda credas, possunt facere ut atrocia committas.;Ceux qui peuvent vous faire croire à des absurdités, peuvent vous faire commettre des atrocités.;Voltaire;Questions sur les Miracles (1765);Voltarius;Escritor y filósofo francés, figura clave de la Ilustración y defensor de la libertad de expresión.;Scriptor et philosophus Gallicus, clarissimus aetate Illuminationis et libertatis dicendi defensor.;fr;Francés;Lingua Gallica;Francia;Francia;Edad Moderna;Nova Aetas;https://i.ibb.co/n8Mbf5tF/voltaire-alpha.png;0
1483;Juzga a un hombre por sus preguntas en lugar de por sus respuestas.;Hominem ex interrogationibus potius quam ex responsionibus iudica.;Jugez un homme par ses questions plutôt que par ses réponses.;Voltaire;Le ricanement de Voltaire;Voltarius;Escritor y filósofo francés, figura clave de la Ilustración y defensor de la libertad de expresión.;Scriptor et philosophus Gallicus, clarissimus aetate Illuminationis et libertatis dicendi defensor.;fr;Francés;Lingua Gallica;Francia;Francia;Edad Moderna;Nova Aetas;https://i.ibb.co/n8Mbf5tF/voltaire-alpha.png;0
1484;Lo mejor es enemigo de lo bueno.;Optimum bono inimicum est.;Le mieux est l'ennemi du bien.;Voltaire;La Bégueule (1772);Voltarius;Escritor y filósofo francés, figura clave de la Ilustración y defensor de la libertad de expresión.;Scriptor et philosophus Gallicus, clarissimus aetate Illuminationis et libertatis dicendi defensor.;fr;Francés;Lingua Gallica;Francia;Francia;Edad Moderna;Nova Aetas;https://i.ibb.co/n8Mbf5tF/voltaire-alpha.png;0
1485;A los vivos se les debe respeto, a los muertos solo se les debe la verdad.;Vivis reverentia debetur, mortuis tantum veritas.;"Aux vivants, on doit le respect ; aux morts, on ne doit que la vérité.";Voltaire;Lettres philosophiques (1733);Voltarius;Escritor y filósofo francés, figura clave de la Ilustración y defensor de la libertad de expresión.;Scriptor et philosophus Gallicus, clarissimus aetate Illuminationis et libertatis dicendi defensor.;fr;Francés;Lingua Gallica;Francia;Francia;Edad Moderna;Nova Aetas;https://i.ibb.co/n8Mbf5tF/voltaire-alpha.png;0
1486;El trabajo aleja de nosotros tres grandes males: el aburrimiento, el vicio y la necesidad.;Labor a nobis tria magna mala depellit: taedium, vitium, et egestatem.;Le travail éloigne de nous trois grands maux: l'ennui, le vice, et le besoin.;Voltaire;Candide (1759);Voltarius;Escritor y filósofo francés, figura clave de la Ilustración y defensor de la libertad de expresión.;Scriptor et philosophus Gallicus, clarissimus aetate Illuminationis et libertatis dicendi defensor.;fr;Francés;Lingua Gallica;Francia;Francia;Edad Moderna;Nova Aetas;https://i.ibb.co/n8Mbf5tF/voltaire-alpha.png;0
1487;La ignorancia no es la falta de información, sino la incapacidad de procesarla.;Ignorantia non est inopia indicii, sed impotentia id digerendi.;La ignorancia no es la falta de información, sino la incapacidad de procesarla.;Daniel Innerarity;La sociedad del desconocimiento (2020);Daniel Innerarity;Filósofo y ensayista español, especialista en la filosofía política y la gobernanza de sociedades complejas.;Philosophus et scriptor Hispanicus, peritus philosophiae politicae et moderationis societatum complexarum.;es;Español;Lingua Hispanica;España;Hispania;Edad Contemporánea;Aetas Contemporanea;https://i.ibb.co/ZzF5yhkV/innerarity-alpha.png;0
1488;"Atrévete a saber; comienza.";"Sapere aude; incipe.";"Sapere aude; incipe.";Horacio;Epístolas, I, 2, 40.;Quintus Horatius Flaccus;"Poeta lírico romano, autor de ""Carpe diem"".";"Poeta lyricus Romanus, auctor ""Carpe diem"".";la;Latín;Lingua Latina;Roma;Roma;Edad Antigua;Antiquitas;https://i.ibb.co/KjBfHkQ2/horacio.png;0
1489;He levantado un monumento más duradero que el bronce.;Exegi monumentum aere perennius.;Exegi monumentum aere perennius.;Horacio;Odas, III, 30, 1.;Quintus Horatius Flaccus;"Poeta lírico romano, autor de ""Carpe diem"".";"Poeta lyricus Romanus, auctor ""Carpe diem"".";la;Latín;Lingua Latina;Roma;Roma;Edad Antigua;Antiquitas;https://i.ibb.co/KjBfHkQ2/horacio.png;0
1490;La virtud es el punto medio entre dos vicios.;Virtus est medium vitiorum et utrimque reductum.;Virtus est medium vitiorum et utrimque reductum.;Horacio;Epístolas, I, 18, 9.;Quintus Horatius Flaccus;"Poeta lírico romano, autor de ""Carpe diem"".";"Poeta lyricus Romanus, auctor ""Carpe diem"".";la;Latín;Lingua Latina;Roma;Roma;Edad Antigua;Antiquitas;https://i.ibb.co/KjBfHkQ2/horacio.png;0
1491;Dulce y decoroso es morir por la patria.;Dulce et decorum est pro patria mori.;Dulce et decorum est pro patria mori.;Horacio;Odas, III, 2, 13.;Quintus Horatius Flaccus;"Poeta lírico romano, autor de ""Carpe diem"".";"Poeta lyricus Romanus, auctor ""Carpe diem"".";la;Latín;Lingua Latina;Roma;Roma;Edad Antigua;Antiquitas;https://i.ibb.co/KjBfHkQ2/horacio.png;0
1492;La pálida muerte llama con el mismo pie a las chozas de los pobres que a las torres de los reyes.;Pallida Mors aequo pulsat pede pauperum tabernas regumque turres.;Pallida Mors aequo pulsat pede pauperum tabernas regumque turres.;Horacio;Odas, I, 4, 13.;Quintus Horatius Flaccus;"Poeta lírico romano, autor de ""Carpe diem"".";"Poeta lyricus Romanus, auctor ""Carpe diem"".";la;Latín;Lingua Latina;Roma;Roma;Edad Antigua;Antiquitas;https://i.ibb.co/KjBfHkQ2/horacio.png;0
1493;Incluso en las desgracias, mantén el ánimo sereno.;Aequam memento rebus in arduis servare mentem.;Aequam memento rebus in arduis servare mentem.;Horacio;Odas, II, 3, 1.;Quintus Horatius Flaccus;"Poeta lírico romano, autor de ""Carpe diem"".";"Poeta lyricus Romanus, auctor ""Carpe diem"".";la;Latín;Lingua Latina;Roma;Roma;Edad Antigua;Antiquitas;https://i.ibb.co/KjBfHkQ2/horacio.png;0
1494;La fuerza sin inteligencia se desploma bajo su propio peso.;Vis consili expers mole ruit sua.;Vis consili expers mole ruit sua.;Horacio;Odas, III, 4, 65.;Quintus Horatius Flaccus;"Poeta lírico romano, autor de ""Carpe diem"".";"Poeta lyricus Romanus, auctor ""Carpe diem"".";la;Latín;Lingua Latina;Roma;Roma;Edad Antigua;Antiquitas;https://i.ibb.co/KjBfHkQ2/horacio.png;0
1495;Enamoraos de Jesucristo y de María Santísima y seréis felices.;In amorem Iesu Christi et Mariae Sanctissimae incidite et felices eritis.;Enamoraos de Jesucristo y de María Santísima y seréis felices.;Antonio María Claret;Autobiografía;Antonius Maria Claret;Arzobispo español, misionero apostólico y fundador de los Misioneros Claretianos. Fue confesor de la Reina Isabel II y un prolífico escritor y editor, destacando por su celo evangelizador y su labor social en Cuba y España.;Archiepiscopus Hispanicus, missionarius apostolicus et fundator Missionariorum Claretianorum. Fuit confessarius Reginae Isabellae II et scriptor fecundus, zelo evangelizandi et caritate erga pauperes in Cuba et Hispania clarus.;es;Español;Lingua Hispanica;España;Hispania;Edad Contemporánea;Aetas Contemporanea;https://i.ibb.co/pBJsk0pS/claret-alpha.png;0
1496;El amor de Cristo nos apremia.;Caritas Christi urget nos.;Caritas Christi urget nos.;Antonio María Claret;Lema episcopal / 2 Corintios 5,14;Antonius Maria Claret;Arzobispo español, misionero apostólico y fundador de los Misioneros Claretianos. Fue confesor de la Reina Isabel II y un prolífico escritor y editor, destacando por su celo evangelizador y su labor social en Cuba y España.;Archiepiscopus Hispanicus, missionarius apostolicus et fundator Missionariorum Claretianorum. Fuit confessarius Reginae Isabellae II et scriptor fecundus, zelo evangelizandi et caritate erga pauperes in Cuba et Hispania clarus.;es;Español;Lingua Hispanica;España;Hispania;Edad Contemporánea;Aetas Contemporanea;https://i.ibb.co/pBJsk0pS/claret-alpha.png;0
1497;No busco lo que es vuestro, sino a vosotros.;Non quaero quae vestra sunt, sed vos.;Non quaero quae vestra sunt, sed vos.;Antonio María Claret;2 Corintios 12,14 (citado en su misión);Antonius Maria Claret;Arzobispo español, misionero apostólico y fundador de los Misioneros Claretianos. Fue confesor de la Reina Isabel II y un prolífico escritor y editor, destacando por su celo evangelizador y su labor social en Cuba y España.;Archiepiscopus Hispanicus, missionarius apostolicus et fundator Missionariorum Claretianorum. Fuit confessarius Reginae Isabellae II et scriptor fecundus, zelo evangelizandi et caritate erga pauperes in Cuba et Hispania clarus.;es;Español;Lingua Hispanica;España;Hispania;Edad Contemporánea;Aetas Contemporanea;https://i.ibb.co/pBJsk0pS/claret-alpha.png;0
1498;La oración es para el alma lo que el alimento para el cuerpo.;Oratio est animae quod alimentum corpori.;La oración es para el alma lo que el alimento para el cuerpo.;Antonio María Claret;Escritos Espirituales;Antonius Maria Claret;Arzobispo español, misionero apostólico y fundador de los Misioneros Claretianos. Fue confesor de la Reina Isabel II y un prolífico escritor y editor, destacando por su celo evangelizador y su labor social en Cuba y España.;Archiepiscopus Hispanicus, missionarius apostolicus et fundator Missionariorum Claretianorum. Fuit confessarius Reginae Isabellae II et scriptor fecundus, zelo evangelizandi et caritate erga pauperes in Cuba et Hispania clarus.;es;Español;Lingua Hispanica;España;Hispania;Edad Contemporánea;Aetas Contemporanea;https://i.ibb.co/pBJsk0pS/claret-alpha.png;0
1499;Un hijo del Inmaculado Corazón de María es un hombre que arde en caridad.;Filius Immaculati Cordis Mariae est vir qui caritate ardet.;Un hijo del Inmaculado Corazón de María es un hombre que arde en caridad.;Antonio María Claret;Definición del Misionero;Antonius Maria Claret;Arzobispo español, misionero apostólico y fundador de los Misioneros Claretianos. Fue confesor de la Reina Isabel II y un prolífico escritor y editor, destacando por su celo evangelizador y su labor social en Cuba y España.;Archiepiscopus Hispanicus, missionarius apostolicus et fundator Missionariorum Claretianorum. Fuit confessarius Reginae Isabellae II et scriptor fecundus, zelo evangelizandi et caritate erga pauperes in Cuba et Hispania clarus.;es;Español;Lingua Hispanica;España;Hispania;Edad Contemporánea;Aetas Contemporanea;https://i.ibb.co/pBJsk0pS/claret-alpha.png;0